round,engine,model,scenario,filter,iteration,micros,rows
1,pg,S,medium,bike,0,44598,1433
1,pg,S,medium,bike,1,38565,1433
1,pg,S,medium,bike,2,36599,1433
1,pg,S,medium,bike,3,46396,1433
1,pg,S,medium,bike,4,45678,1433
1,pg,S,medium,bike,5,36749,1433
1,pg,S,medium,bike,6,36635,1433
1,pg,S,medium,bike,7,36733,1433
1,pg,S,medium,bike,8,36637,1433
1,pg,S,medium,bike,9,36999,1433
1,pg,S,medium,bike,10,37984,1433
1,pg,S,medium,bike,11,36257,1433
1,pg,S,medium,bike,12,36064,1433
1,pg,S,medium,bike,13,45038,1433
1,pg,S,medium,bike,14,38278,1433
1,pg,S,medium,bike,15,45659,1433
1,pg,S,medium,bike,16,45285,1433
1,pg,S,medium,bike,17,45304,1433
1,pg,S,medium,bike,18,49163,1433
1,pg,S,medium,bike,19,47877,1433
1,pg,S,medium,bike,20,43351,1433
1,pg,S,medium,bike,21,36726,1433
1,pg,S,medium,bike,22,43631,1433
1,pg,S,medium,bike,23,34348,1433
1,pg,S,medium,bike,24,35194,1433
1,pg,S,medium,bike,25,35271,1433
1,pg,S,medium,bike,26,35673,1433
1,pg,S,medium,bike,27,35228,1433
1,pg,S,medium,bike,28,35646,1433
1,pg,S,medium,bike,29,43335,1433
1,pg,S,medium,bike,30,45949,1433
1,pg,S,medium,bike,31,51203,1433
1,pg,S,medium,bike,32,43007,1433
1,pg,S,medium,bike,33,37325,1433
1,pg,S,medium,bike,34,45953,1433
1,pg,S,medium,bike,35,47563,1433
1,pg,S,medium,bike,36,35730,1433
1,pg,S,medium,bike,37,35031,1433
1,pg,S,medium,bike,38,36748,1433
1,pg,S,medium,bike,39,35850,1433
1,pg,S,medium,bike,40,35980,1433
1,pg,S,medium,bike,41,34815,1433
1,pg,S,medium,bike,42,33856,1433
1,pg,S,medium,bike,43,34710,1433
1,pg,S,medium,bike,44,36665,1433
1,pg,S,medium,bike,45,41490,1433
1,pg,S,medium,bike,46,41677,1433
1,pg,S,medium,bike,47,39867,1433
1,pg,S,medium,bike,48,34261,1433
1,pg,S,medium,bike,49,35360,1433
1,pg,S,medium,bike,50,49031,1433
1,pg,S,medium,bike,51,48114,1433
1,pg,S,medium,bike,52,45879,1433
1,pg,S,medium,bike,53,46112,1433
1,pg,S,medium,bike,54,48795,1433
1,pg,S,medium,bike,55,47443,1433
1,pg,S,medium,bike,56,52133,1433
1,pg,S,medium,bike,57,64299,1433
1,pg,S,medium,bike,58,55584,1433
1,pg,S,medium,bike,59,44317,1433
1,pg,S,medium,bike,60,42208,1433
1,pg,S,medium,bike,61,38031,1433
1,pg,S,medium,bike,62,40577,1433
1,pg,S,medium,bike,63,41589,1433
1,pg,S,medium,bike,64,41122,1433
1,pg,S,medium,bike,65,37695,1433
1,pg,S,medium,bike,66,41897,1433
1,pg,S,medium,bike,67,42657,1433
1,pg,S,medium,bike,68,36493,1433
1,pg,S,medium,bike,69,37493,1433
1,pg,S,medium,bike,70,35496,1433
1,pg,S,medium,bike,71,35606,1433
1,pg,S,medium,bike,72,35218,1433
1,pg,S,medium,bike,73,35329,1433
1,pg,S,medium,bike,74,45186,1433
1,pg,S,medium,bike,75,45569,1433
1,pg,S,medium,bike,76,46314,1433
1,pg,S,medium,bike,77,42975,1433
1,pg,S,medium,bike,78,35117,1433
1,pg,S,medium,bike,79,34809,1433
1,pg,S,medium,bike,80,44172,1433
1,pg,S,medium,bike,81,45857,1433
1,pg,S,medium,bike,82,36167,1433
1,pg,S,medium,bike,83,43891,1433
1,pg,S,medium,bike,84,51750,1433
1,pg,S,medium,bike,85,44719,1433
1,pg,S,medium,bike,86,44326,1433
1,pg,S,medium,bike,87,35385,1433
1,pg,S,medium,bike,88,34107,1433
1,pg,S,medium,bike,89,34039,1433
1,pg,S,medium,bike,90,35796,1433
1,pg,S,medium,bike,91,35341,1433
1,pg,S,medium,bike,92,34599,1433
1,pg,S,medium,bike,93,45237,1433
1,pg,S,medium,bike,94,45041,1433
1,pg,S,medium,bike,95,34883,1433
1,pg,S,medium,bike,96,33969,1433
1,pg,S,medium,bike,97,35133,1433
1,pg,S,medium,bike,98,35296,1433
1,pg,S,medium,bike,99,35623,1433
1,pg,S,medium,bike,100,35278,1433
1,pg,S,medium,bike,101,34683,1433
1,pg,S,medium,bike,102,35872,1433
1,pg,S,medium,bike,103,43894,1433
1,pg,S,medium,bike,104,43673,1433
1,pg,S,medium,bike,105,35115,1433
1,pg,S,medium,bike,106,35927,1433
1,pg,S,medium,bike,107,36067,1433
1,pg,S,medium,bike,108,43086,1433
1,pg,S,medium,bike,109,34733,1433
1,pg,S,medium,bike,110,34851,1433
1,pg,S,medium,bike,111,33599,1433
1,pg,S,medium,bike,112,33958,1433
1,pg,S,medium,bike,113,34740,1433
1,pg,S,medium,bike,114,34533,1433
1,pg,S,medium,bike,115,35146,1433
1,pg,S,medium,bike,116,36150,1433
1,pg,S,medium,bike,117,44659,1433
1,pg,S,medium,bike,118,41717,1433
1,pg,S,medium,bike,119,36809,1433
1,pg,S,medium,bike,120,37435,1433
1,pg,S,medium,bike,121,39300,1433
1,pg,S,medium,bike,122,35853,1433
1,pg,S,medium,bike,123,34810,1433
1,pg,S,medium,bike,124,40081,1433
1,pg,S,medium,bike,125,40951,1433
1,pg,S,medium,bike,126,42631,1433
1,pg,S,medium,bike,127,46898,1433
1,pg,S,medium,bike,128,42884,1433
1,pg,S,medium,bike,129,39299,1433
1,pg,S,medium,bike,130,36806,1433
1,pg,S,medium,bike,131,41460,1433
1,pg,S,medium,bike,132,45601,1433
1,pg,S,medium,bike,133,46328,1433
1,pg,S,medium,bike,134,46227,1433
1,pg,S,medium,bike,135,44886,1433
1,pg,S,medium,bike,136,48457,1433
1,pg,S,medium,bike,137,55991,1433
1,pg,S,medium,bike,138,36205,1433
1,pg,S,medium,bike,139,44463,1433
1,pg,S,medium,bike,140,35036,1433
1,pg,S,medium,bike,141,36194,1433
1,pg,S,medium,bike,142,36545,1433
1,pg,S,medium,bike,143,36337,1433
1,pg,S,medium,bike,144,36054,1433
1,pg,S,medium,bike,145,43118,1433
1,pg,S,medium,bike,146,39040,1433
1,pg,S,medium,bike,147,36502,1433
1,pg,S,medium,bike,148,36033,1433
1,pg,S,medium,bike,149,39752,1433
1,pg,S,medium,bike,150,37358,1433
1,pg,S,medium,bike,151,36644,1433
1,pg,S,medium,bike,152,36363,1433
1,pg,S,medium,bike,153,37408,1433
1,pg,S,medium,bike,154,36260,1433
1,pg,S,medium,bike,155,36609,1433
1,pg,S,medium,bike,156,46434,1433
1,pg,S,medium,bike,157,40814,1433
1,pg,S,medium,bike,158,41903,1433
1,pg,S,medium,bike,159,36782,1433
1,pg,S,medium,bike,160,36365,1433
1,pg,S,medium,bike,161,47160,1433
1,pg,S,medium,bike,162,36640,1433
1,pg,S,medium,bike,163,47028,1433
1,pg,S,medium,bike,164,47068,1433
1,pg,S,medium,bike,165,36573,1433
1,pg,S,medium,bike,166,36366,1433
1,pg,S,medium,bike,167,34854,1433
1,pg,S,medium,bike,168,35693,1433
1,pg,S,medium,bike,169,35176,1433
1,pg,S,medium,bike,170,35833,1433
1,pg,S,medium,bike,171,48331,1433
1,pg,S,medium,bike,172,44872,1433
1,pg,S,medium,bike,173,34087,1433
1,pg,S,medium,bike,174,34790,1433
1,pg,S,medium,bike,175,35712,1433
1,pg,S,medium,bike,176,34145,1433
1,pg,S,medium,bike,177,35817,1433
1,pg,S,medium,bike,178,35780,1433
1,pg,S,medium,bike,179,35209,1433
1,pg,S,medium,bike,180,34355,1433
1,pg,S,medium,bike,181,34774,1433
1,pg,S,medium,bike,182,46914,1433
1,pg,S,medium,bike,183,35391,1433
1,pg,S,medium,bike,184,34463,1433
1,pg,S,medium,bike,185,44168,1433
1,pg,S,medium,bike,186,40259,1433
1,pg,S,medium,bike,187,37752,1433
1,pg,S,medium,bike,188,37547,1433
1,pg,S,medium,bike,189,41782,1433
1,pg,S,medium,bike,190,58954,1433
1,pg,S,medium,bike,191,37757,1433
1,pg,S,medium,bike,192,38458,1433
1,pg,S,medium,bike,193,40367,1433
1,pg,S,medium,bike,194,39427,1433
1,pg,S,medium,bike,195,46112,1433
1,pg,S,medium,bike,196,56567,1433
1,pg,S,medium,bike,197,62065,1433
1,pg,S,medium,bike,198,51474,1433
1,pg,S,medium,bike,199,63056,1433
1,mongo,S,wide,both,0,166177,13843
1,mongo,S,wide,both,1,144382,13843
1,mongo,S,wide,both,2,135521,13843
1,mongo,S,wide,both,3,119610,13843
1,mongo,S,wide,both,4,117035,13843
1,mongo,S,wide,both,5,127564,13843
1,mongo,S,wide,both,6,121420,13843
1,mongo,S,wide,both,7,126787,13843
1,mongo,S,wide,both,8,122701,13843
1,mongo,S,wide,both,9,130376,13843
1,mongo,S,wide,both,10,129262,13843
1,mongo,S,wide,both,11,120961,13843
1,mongo,S,wide,both,12,134490,13843
1,mongo,S,wide,both,13,120812,13843
1,mongo,S,wide,both,14,120120,13843
1,mongo,S,wide,both,15,134429,13843
1,mongo,S,wide,both,16,115825,13843
1,mongo,S,wide,both,17,119751,13843
1,mongo,S,wide,both,18,125967,13843
1,mongo,S,wide,both,19,114897,13843
1,mongo,S,wide,both,20,124235,13843
1,mongo,S,wide,both,21,121590,13843
1,mongo,S,wide,both,22,127768,13843
1,mongo,S,wide,both,23,140061,13843
1,mongo,S,wide,both,24,119184,13843
1,mongo,S,wide,both,25,141960,13843
1,mongo,S,wide,both,26,121501,13843
1,mongo,S,wide,both,27,114984,13843
1,mongo,S,wide,both,28,129172,13843
1,mongo,S,wide,both,29,122638,13843
1,mongo,S,wide,both,30,118775,13843
1,mongo,S,wide,both,31,121963,13843
1,mongo,S,wide,both,32,131074,13843
1,mongo,S,wide,both,33,121909,13843
1,mongo,S,wide,both,34,118386,13843
1,mongo,S,wide,both,35,117539,13843
1,mongo,S,wide,both,36,119107,13843
1,mongo,S,wide,both,37,130613,13843
1,mongo,S,wide,both,38,127720,13843
1,mongo,S,wide,both,39,137391,13843
1,mongo,S,wide,both,40,136544,13843
1,mongo,S,wide,both,41,127471,13843
1,mongo,S,wide,both,42,144787,13843
1,mongo,S,wide,both,43,150764,13843
1,mongo,S,wide,both,44,136053,13843
1,mongo,S,wide,both,45,136319,13843
1,mongo,S,wide,both,46,144715,13843
1,mongo,S,wide,both,47,118351,13843
1,mongo,S,wide,both,48,126477,13843
1,mongo,S,wide,both,49,117149,13843
1,mongo,S,wide,both,50,124431,13843
1,mongo,S,wide,both,51,117069,13843
1,mongo,S,wide,both,52,114046,13843
1,mongo,S,wide,both,53,146105,13843
1,mongo,S,wide,both,54,137340,13843
1,mongo,S,wide,both,55,132991,13843
1,mongo,S,wide,both,56,122064,13843
1,mongo,S,wide,both,57,151358,13843
1,mongo,S,wide,both,58,132932,13843
1,mongo,S,wide,both,59,121442,13843
1,mongo,S,wide,both,60,143425,13843
1,mongo,S,wide,both,61,125792,13843
1,mongo,S,wide,both,62,123420,13843
1,mongo,S,wide,both,63,113802,13843
1,mongo,S,wide,both,64,146144,13843
1,mongo,S,wide,both,65,122527,13843
1,mongo,S,wide,both,66,133448,13843
1,mongo,S,wide,both,67,116641,13843
1,mongo,S,wide,both,68,126314,13843
1,mongo,S,wide,both,69,115874,13843
1,mongo,S,wide,both,70,116363,13843
1,mongo,S,wide,both,71,133760,13843
1,mongo,S,wide,both,72,122846,13843
1,mongo,S,wide,both,73,131075,13843
1,mongo,S,wide,both,74,124410,13843
1,mongo,S,wide,both,75,129260,13843
1,mongo,S,wide,both,76,123849,13843
1,mongo,S,wide,both,77,148632,13843
1,mongo,S,wide,both,78,126475,13843
1,mongo,S,wide,both,79,127775,13843
1,mongo,S,wide,both,80,117623,13843
1,mongo,S,wide,both,81,126706,13843
1,mongo,S,wide,both,82,193525,13843
1,mongo,S,wide,both,83,134266,13843
1,mongo,S,wide,both,84,139477,13843
1,mongo,S,wide,both,85,162113,13843
1,mongo,S,wide,both,86,164034,13843
1,mongo,S,wide,both,87,134377,13843
1,mongo,S,wide,both,88,133589,13843
1,mongo,S,wide,both,89,124534,13843
1,mongo,S,wide,both,90,122914,13843
1,mongo,S,wide,both,91,134470,13843
1,mongo,S,wide,both,92,133122,13843
1,mongo,S,wide,both,93,122059,13843
1,mongo,S,wide,both,94,112919,13843
1,mongo,S,wide,both,95,114980,13843
1,mongo,S,wide,both,96,116900,13843
1,mongo,S,wide,both,97,117116,13843
1,mongo,S,wide,both,98,112172,13843
1,mongo,S,wide,both,99,115161,13843
1,mongo,S,wide,both,100,115805,13843
1,mongo,S,wide,both,101,124176,13843
1,mongo,S,wide,both,102,134743,13843
1,mongo,S,wide,both,103,114164,13843
1,mongo,S,wide,both,104,126766,13843
1,mongo,S,wide,both,105,119771,13843
1,mongo,S,wide,both,106,127455,13843
1,mongo,S,wide,both,107,116603,13843
1,mongo,S,wide,both,108,130801,13843
1,mongo,S,wide,both,109,137999,13843
1,mongo,S,wide,both,110,127756,13843
1,mongo,S,wide,both,111,116157,13843
1,mongo,S,wide,both,112,128737,13843
1,mongo,S,wide,both,113,122815,13843
1,mongo,S,wide,both,114,136018,13843
1,mongo,S,wide,both,115,120046,13843
1,mongo,S,wide,both,116,114642,13843
1,mongo,S,wide,both,117,126187,13843
1,mongo,S,wide,both,118,121548,13843
1,mongo,S,wide,both,119,143417,13843
1,mongo,S,wide,both,120,142619,13843
1,mongo,S,wide,both,121,130261,13843
1,mongo,S,wide,both,122,121172,13843
1,mongo,S,wide,both,123,126198,13843
1,mongo,S,wide,both,124,120295,13843
1,mongo,S,wide,both,125,153616,13843
1,mongo,S,wide,both,126,140503,13843
1,mongo,S,wide,both,127,126651,13843
1,mongo,S,wide,both,128,138166,13843
1,mongo,S,wide,both,129,188726,13843
1,mongo,S,wide,both,130,168697,13843
1,mongo,S,wide,both,131,146026,13843
1,mongo,S,wide,both,132,135323,13843
1,mongo,S,wide,both,133,139536,13843
1,mongo,S,wide,both,134,127314,13843
1,mongo,S,wide,both,135,144277,13843
1,mongo,S,wide,both,136,126216,13843
1,mongo,S,wide,both,137,123849,13843
1,mongo,S,wide,both,138,118701,13843
1,mongo,S,wide,both,139,119184,13843
1,mongo,S,wide,both,140,169043,13843
1,mongo,S,wide,both,141,127488,13843
1,mongo,S,wide,both,142,115495,13843
1,mongo,S,wide,both,143,128757,13843
1,mongo,S,wide,both,144,122736,13843
1,mongo,S,wide,both,145,113698,13843
1,mongo,S,wide,both,146,116508,13843
1,mongo,S,wide,both,147,118238,13843
1,mongo,S,wide,both,148,113242,13843
1,mongo,S,wide,both,149,118456,13843
1,mongo,S,wide,both,150,114146,13843
1,mongo,S,wide,both,151,119048,13843
1,mongo,S,wide,both,152,116935,13843
1,mongo,S,wide,both,153,112503,13843
1,mongo,S,wide,both,154,107066,13843
1,mongo,S,wide,both,155,109976,13843
1,mongo,S,wide,both,156,106393,13843
1,mongo,S,wide,both,157,125817,13843
1,mongo,S,wide,both,158,144292,13843
1,mongo,S,wide,both,159,110673,13843
1,mongo,S,wide,both,160,112779,13843
1,mongo,S,wide,both,161,123997,13843
1,mongo,S,wide,both,162,132100,13843
1,mongo,S,wide,both,163,135534,13843
1,mongo,S,wide,both,164,114062,13843
1,mongo,S,wide,both,165,121596,13843
1,mongo,S,wide,both,166,112323,13843
1,mongo,S,wide,both,167,119702,13843
1,mongo,S,wide,both,168,114552,13843
1,mongo,S,wide,both,169,115565,13843
1,mongo,S,wide,both,170,115022,13843
1,mongo,S,wide,both,171,126608,13843
1,mongo,S,wide,both,172,125460,13843
1,mongo,S,wide,both,173,119769,13843
1,mongo,S,wide,both,174,117807,13843
1,mongo,S,wide,both,175,170353,13843
1,mongo,S,wide,both,176,167561,13843
1,mongo,S,wide,both,177,130565,13843
1,mongo,S,wide,both,178,137854,13843
1,mongo,S,wide,both,179,137618,13843
1,mongo,S,wide,both,180,113823,13843
1,mongo,S,wide,both,181,128559,13843
1,mongo,S,wide,both,182,111946,13843
1,mongo,S,wide,both,183,110560,13843
1,mongo,S,wide,both,184,122118,13843
1,mongo,S,wide,both,185,118262,13843
1,mongo,S,wide,both,186,122083,13843
1,mongo,S,wide,both,187,139017,13843
1,mongo,S,wide,both,188,124941,13843
1,mongo,S,wide,both,189,115220,13843
1,mongo,S,wide,both,190,136141,13843
1,mongo,S,wide,both,191,132446,13843
1,mongo,S,wide,both,192,132594,13843
1,mongo,S,wide,both,193,113620,13843
1,mongo,S,wide,both,194,120054,13843
1,mongo,S,wide,both,195,128866,13843
1,mongo,S,wide,both,196,119845,13843
1,mongo,S,wide,both,197,120812,13843
1,mongo,S,wide,both,198,121543,13843
1,mongo,S,wide,both,199,122786,13843
1,pg,U,wide,bus,0,205595,11095
1,pg,U,wide,bus,1,180847,11095
1,pg,U,wide,bus,2,178988,11095
1,pg,U,wide,bus,3,183398,11095
1,pg,U,wide,bus,4,178968,11095
1,pg,U,wide,bus,5,191116,11095
1,pg,U,wide,bus,6,213571,11095
1,pg,U,wide,bus,7,180336,11095
1,pg,U,wide,bus,8,180948,11095
1,pg,U,wide,bus,9,182023,11095
1,pg,U,wide,bus,10,185026,11095
1,pg,U,wide,bus,11,212483,11095
1,pg,U,wide,bus,12,211261,11095
1,pg,U,wide,bus,13,253742,11095
1,pg,U,wide,bus,14,216807,11095
1,pg,U,wide,bus,15,215734,11095
1,pg,U,wide,bus,16,200379,11095
1,pg,U,wide,bus,17,187249,11095
1,pg,U,wide,bus,18,188610,11095
1,pg,U,wide,bus,19,181958,11095
1,pg,U,wide,bus,20,179540,11095
1,pg,U,wide,bus,21,180081,11095
1,pg,U,wide,bus,22,211588,11095
1,pg,U,wide,bus,23,183820,11095
1,pg,U,wide,bus,24,181369,11095
1,pg,U,wide,bus,25,181935,11095
1,pg,U,wide,bus,26,192005,11095
1,pg,U,wide,bus,27,181195,11095
1,pg,U,wide,bus,28,180753,11095
1,pg,U,wide,bus,29,214681,11095
1,pg,U,wide,bus,30,178415,11095
1,pg,U,wide,bus,31,180554,11095
1,pg,U,wide,bus,32,183049,11095
1,pg,U,wide,bus,33,181514,11095
1,pg,U,wide,bus,34,178919,11095
1,pg,U,wide,bus,35,188913,11095
1,pg,U,wide,bus,36,213051,11095
1,pg,U,wide,bus,37,224351,11095
1,pg,U,wide,bus,38,214230,11095
1,pg,U,wide,bus,39,205529,11095
1,pg,U,wide,bus,40,197307,11095
1,pg,U,wide,bus,41,221982,11095
1,pg,U,wide,bus,42,210227,11095
1,pg,U,wide,bus,43,220681,11095
1,pg,U,wide,bus,44,226264,11095
1,pg,U,wide,bus,45,190491,11095
1,pg,U,wide,bus,46,181496,11095
1,pg,U,wide,bus,47,192802,11095
1,pg,U,wide,bus,48,179111,11095
1,pg,U,wide,bus,49,179681,11095
1,pg,U,wide,bus,50,180859,11095
1,pg,U,wide,bus,51,188794,11095
1,pg,U,wide,bus,52,180849,11095
1,pg,U,wide,bus,53,213325,11095
1,pg,U,wide,bus,54,215956,11095
1,pg,U,wide,bus,55,210690,11095
1,pg,U,wide,bus,56,186659,11095
1,pg,U,wide,bus,57,189938,11095
1,pg,U,wide,bus,58,192889,11095
1,pg,U,wide,bus,59,216603,11095
1,pg,U,wide,bus,60,213971,11095
1,pg,U,wide,bus,61,214267,11095
1,pg,U,wide,bus,62,217815,11095
1,pg,U,wide,bus,63,182212,11095
1,pg,U,wide,bus,64,184261,11095
1,pg,U,wide,bus,65,199831,11095
1,pg,U,wide,bus,66,201201,11095
1,pg,U,wide,bus,67,264847,11095
1,pg,U,wide,bus,68,251723,11095
1,pg,U,wide,bus,69,219375,11095
1,pg,U,wide,bus,70,268659,11095
1,pg,U,wide,bus,71,226752,11095
1,pg,U,wide,bus,72,194569,11095
1,pg,U,wide,bus,73,181764,11095
1,pg,U,wide,bus,74,181510,11095
1,pg,U,wide,bus,75,189024,11095
1,pg,U,wide,bus,76,181928,11095
1,pg,U,wide,bus,77,225289,11095
1,pg,U,wide,bus,78,182977,11095
1,pg,U,wide,bus,79,213609,11095
1,pg,U,wide,bus,80,214116,11095
1,pg,U,wide,bus,81,183852,11095
1,pg,U,wide,bus,82,179653,11095
1,pg,U,wide,bus,83,185137,11095
1,pg,U,wide,bus,84,183053,11095
1,pg,U,wide,bus,85,243750,11095
1,pg,U,wide,bus,86,198430,11095
1,pg,U,wide,bus,87,210911,11095
1,pg,U,wide,bus,88,214199,11095
1,pg,U,wide,bus,89,219375,11095
1,pg,U,wide,bus,90,179302,11095
1,pg,U,wide,bus,91,185525,11095
1,pg,U,wide,bus,92,238188,11095
1,pg,U,wide,bus,93,192622,11095
1,pg,U,wide,bus,94,207197,11095
1,pg,U,wide,bus,95,230034,11095
1,pg,U,wide,bus,96,221858,11095
1,pg,U,wide,bus,97,228524,11095
1,pg,U,wide,bus,98,195686,11095
1,pg,U,wide,bus,99,184111,11095
1,pg,U,wide,bus,100,182272,11095
1,pg,U,wide,bus,101,184003,11095
1,pg,U,wide,bus,102,178520,11095
1,pg,U,wide,bus,103,183302,11095
1,pg,U,wide,bus,104,183276,11095
1,pg,U,wide,bus,105,211128,11095
1,pg,U,wide,bus,106,183310,11095
1,pg,U,wide,bus,107,181958,11095
1,pg,U,wide,bus,108,188503,11095
1,pg,U,wide,bus,109,181019,11095
1,pg,U,wide,bus,110,180970,11095
1,pg,U,wide,bus,111,178805,11095
1,pg,U,wide,bus,112,181560,11095
1,pg,U,wide,bus,113,180634,11095
1,pg,U,wide,bus,114,214770,11095
1,pg,U,wide,bus,115,182687,11095
1,pg,U,wide,bus,116,179585,11095
1,pg,U,wide,bus,117,184166,11095
1,pg,U,wide,bus,118,181481,11095
1,pg,U,wide,bus,119,187165,11095
1,pg,U,wide,bus,120,190836,11095
1,pg,U,wide,bus,121,198680,11095
1,pg,U,wide,bus,122,195680,11095
1,pg,U,wide,bus,123,185757,11095
1,pg,U,wide,bus,124,194318,11095
1,pg,U,wide,bus,125,206517,11095
1,pg,U,wide,bus,126,196669,11095
1,pg,U,wide,bus,127,180744,11095
1,pg,U,wide,bus,128,181123,11095
1,pg,U,wide,bus,129,182500,11095
1,pg,U,wide,bus,130,227315,11095
1,pg,U,wide,bus,131,187427,11095
1,pg,U,wide,bus,132,179366,11095
1,pg,U,wide,bus,133,183020,11095
1,pg,U,wide,bus,134,181893,11095
1,pg,U,wide,bus,135,213887,11095
1,pg,U,wide,bus,136,210826,11095
1,pg,U,wide,bus,137,211906,11095
1,pg,U,wide,bus,138,212990,11095
1,pg,U,wide,bus,139,182134,11095
1,pg,U,wide,bus,140,205072,11095
1,pg,U,wide,bus,141,188708,11095
1,pg,U,wide,bus,142,210031,11095
1,pg,U,wide,bus,143,221192,11095
1,pg,U,wide,bus,144,180803,11095
1,pg,U,wide,bus,145,178588,11095
1,pg,U,wide,bus,146,214330,11095
1,pg,U,wide,bus,147,178873,11095
1,pg,U,wide,bus,148,189596,11095
1,pg,U,wide,bus,149,195848,11095
1,pg,U,wide,bus,150,202581,11095
1,pg,U,wide,bus,151,257590,11095
1,pg,U,wide,bus,152,235750,11095
1,pg,U,wide,bus,153,214996,11095
1,pg,U,wide,bus,154,188362,11095
1,pg,U,wide,bus,155,181857,11095
1,pg,U,wide,bus,156,181087,11095
1,pg,U,wide,bus,157,178669,11095
1,pg,U,wide,bus,158,188125,11095
1,pg,U,wide,bus,159,223125,11095
1,pg,U,wide,bus,160,183606,11095
1,pg,U,wide,bus,161,190787,11095
1,pg,U,wide,bus,162,186439,11095
1,pg,U,wide,bus,163,182130,11095
1,pg,U,wide,bus,164,195466,11095
1,pg,U,wide,bus,165,210303,11095
1,pg,U,wide,bus,166,181182,11095
1,pg,U,wide,bus,167,179627,11095
1,pg,U,wide,bus,168,189068,11095
1,pg,U,wide,bus,169,199013,11095
1,pg,U,wide,bus,170,185870,11095
1,pg,U,wide,bus,171,218314,11095
1,pg,U,wide,bus,172,204101,11095
1,pg,U,wide,bus,173,186974,11095
1,pg,U,wide,bus,174,182020,11095
1,pg,U,wide,bus,175,179944,11095
1,pg,U,wide,bus,176,194195,11095
1,pg,U,wide,bus,177,195964,11095
1,pg,U,wide,bus,178,212869,11095
1,pg,U,wide,bus,179,228519,11095
1,pg,U,wide,bus,180,206550,11095
1,pg,U,wide,bus,181,193171,11095
1,pg,U,wide,bus,182,201071,11095
1,pg,U,wide,bus,183,183401,11095
1,pg,U,wide,bus,184,178462,11095
1,pg,U,wide,bus,185,181647,11095
1,pg,U,wide,bus,186,188374,11095
1,pg,U,wide,bus,187,200025,11095
1,pg,U,wide,bus,188,181767,11095
1,pg,U,wide,bus,189,293407,11095
1,pg,U,wide,bus,190,207113,11095
1,pg,U,wide,bus,191,186673,11095
1,pg,U,wide,bus,192,180574,11095
1,pg,U,wide,bus,193,200731,11095
1,pg,U,wide,bus,194,185940,11095
1,pg,U,wide,bus,195,183322,11095
1,pg,U,wide,bus,196,216803,11095
1,pg,U,wide,bus,197,215843,11095
1,pg,U,wide,bus,198,183213,11095
1,pg,U,wide,bus,199,180308,11095
1,mongo,S,wide,bus,0,90207,11095
1,mongo,S,wide,bus,1,87208,11095
1,mongo,S,wide,bus,2,90350,11095
1,mongo,S,wide,bus,3,88342,11095
1,mongo,S,wide,bus,4,93988,11095
1,mongo,S,wide,bus,5,90358,11095
1,mongo,S,wide,bus,6,98154,11095
1,mongo,S,wide,bus,7,82515,11095
1,mongo,S,wide,bus,8,111863,11095
1,mongo,S,wide,bus,9,101910,11095
1,mongo,S,wide,bus,10,96977,11095
1,mongo,S,wide,bus,11,102311,11095
1,mongo,S,wide,bus,12,95951,11095
1,mongo,S,wide,bus,13,101158,11095
1,mongo,S,wide,bus,14,84863,11095
1,mongo,S,wide,bus,15,83797,11095
1,mongo,S,wide,bus,16,114569,11095
1,mongo,S,wide,bus,17,109184,11095
1,mongo,S,wide,bus,18,109594,11095
1,mongo,S,wide,bus,19,108768,11095
1,mongo,S,wide,bus,20,97119,11095
1,mongo,S,wide,bus,21,98282,11095
1,mongo,S,wide,bus,22,94023,11095
1,mongo,S,wide,bus,23,96210,11095
1,mongo,S,wide,bus,24,91376,11095
1,mongo,S,wide,bus,25,85920,11095
1,mongo,S,wide,bus,26,99953,11095
1,mongo,S,wide,bus,27,87083,11095
1,mongo,S,wide,bus,28,94760,11095
1,mongo,S,wide,bus,29,99190,11095
1,mongo,S,wide,bus,30,98318,11095
1,mongo,S,wide,bus,31,85109,11095
1,mongo,S,wide,bus,32,87505,11095
1,mongo,S,wide,bus,33,96276,11095
1,mongo,S,wide,bus,34,81598,11095
1,mongo,S,wide,bus,35,86128,11095
1,mongo,S,wide,bus,36,86186,11095
1,mongo,S,wide,bus,37,81586,11095
1,mongo,S,wide,bus,38,97900,11095
1,mongo,S,wide,bus,39,87748,11095
1,mongo,S,wide,bus,40,88905,11095
1,mongo,S,wide,bus,41,84983,11095
1,mongo,S,wide,bus,42,84940,11095
1,mongo,S,wide,bus,43,90522,11095
1,mongo,S,wide,bus,44,83695,11095
1,mongo,S,wide,bus,45,96512,11095
1,mongo,S,wide,bus,46,86183,11095
1,mongo,S,wide,bus,47,90113,11095
1,mongo,S,wide,bus,48,90224,11095
1,mongo,S,wide,bus,49,93284,11095
1,mongo,S,wide,bus,50,89475,11095
1,mongo,S,wide,bus,51,88319,11095
1,mongo,S,wide,bus,52,100459,11095
1,mongo,S,wide,bus,53,89606,11095
1,mongo,S,wide,bus,54,87665,11095
1,mongo,S,wide,bus,55,92647,11095
1,mongo,S,wide,bus,56,87546,11095
1,mongo,S,wide,bus,57,93034,11095
1,mongo,S,wide,bus,58,88481,11095
1,mongo,S,wide,bus,59,95415,11095
1,mongo,S,wide,bus,60,100962,11095
1,mongo,S,wide,bus,61,89431,11095
1,mongo,S,wide,bus,62,83748,11095
1,mongo,S,wide,bus,63,88158,11095
1,mongo,S,wide,bus,64,83018,11095
1,mongo,S,wide,bus,65,82876,11095
1,mongo,S,wide,bus,66,100212,11095
1,mongo,S,wide,bus,67,92229,11095
1,mongo,S,wide,bus,68,110101,11095
1,mongo,S,wide,bus,69,98004,11095
1,mongo,S,wide,bus,70,96073,11095
1,mongo,S,wide,bus,71,108722,11095
1,mongo,S,wide,bus,72,98742,11095
1,mongo,S,wide,bus,73,101665,11095
1,mongo,S,wide,bus,74,110363,11095
1,mongo,S,wide,bus,75,81448,11095
1,mongo,S,wide,bus,76,89929,11095
1,mongo,S,wide,bus,77,91023,11095
1,mongo,S,wide,bus,78,95873,11095
1,mongo,S,wide,bus,79,109615,11095
1,mongo,S,wide,bus,80,102845,11095
1,mongo,S,wide,bus,81,117819,11095
1,mongo,S,wide,bus,82,100794,11095
1,mongo,S,wide,bus,83,93949,11095
1,mongo,S,wide,bus,84,86706,11095
1,mongo,S,wide,bus,85,108513,11095
1,mongo,S,wide,bus,86,101238,11095
1,mongo,S,wide,bus,87,99167,11095
1,mongo,S,wide,bus,88,85134,11095
1,mongo,S,wide,bus,89,96379,11095
1,mongo,S,wide,bus,90,88326,11095
1,mongo,S,wide,bus,91,91286,11095
1,mongo,S,wide,bus,92,85167,11095
1,mongo,S,wide,bus,93,84901,11095
1,mongo,S,wide,bus,94,88599,11095
1,mongo,S,wide,bus,95,95759,11095
1,mongo,S,wide,bus,96,97710,11095
1,mongo,S,wide,bus,97,88482,11095
1,mongo,S,wide,bus,98,91875,11095
1,mongo,S,wide,bus,99,83529,11095
1,mongo,S,wide,bus,100,87068,11095
1,mongo,S,wide,bus,101,90303,11095
1,mongo,S,wide,bus,102,87486,11095
1,mongo,S,wide,bus,103,89087,11095
1,mongo,S,wide,bus,104,85430,11095
1,mongo,S,wide,bus,105,94845,11095
1,mongo,S,wide,bus,106,85148,11095
1,mongo,S,wide,bus,107,85245,11095
1,mongo,S,wide,bus,108,90811,11095
1,mongo,S,wide,bus,109,86610,11095
1,mongo,S,wide,bus,110,88693,11095
1,mongo,S,wide,bus,111,87557,11095
1,mongo,S,wide,bus,112,92742,11095
1,mongo,S,wide,bus,113,91863,11095
1,mongo,S,wide,bus,114,97811,11095
1,mongo,S,wide,bus,115,91590,11095
1,mongo,S,wide,bus,116,89611,11095
1,mongo,S,wide,bus,117,94633,11095
1,mongo,S,wide,bus,118,84324,11095
1,mongo,S,wide,bus,119,106918,11095
1,mongo,S,wide,bus,120,83448,11095
1,mongo,S,wide,bus,121,95284,11095
1,mongo,S,wide,bus,122,82835,11095
1,mongo,S,wide,bus,123,88984,11095
1,mongo,S,wide,bus,124,91914,11095
1,mongo,S,wide,bus,125,87526,11095
1,mongo,S,wide,bus,126,89930,11095
1,mongo,S,wide,bus,127,88057,11095
1,mongo,S,wide,bus,128,104827,11095
1,mongo,S,wide,bus,129,109564,11095
1,mongo,S,wide,bus,130,101470,11095
1,mongo,S,wide,bus,131,95621,11095
1,mongo,S,wide,bus,132,98437,11095
1,mongo,S,wide,bus,133,88322,11095
1,mongo,S,wide,bus,134,83077,11095
1,mongo,S,wide,bus,135,94376,11095
1,mongo,S,wide,bus,136,85573,11095
1,mongo,S,wide,bus,137,112407,11095
1,mongo,S,wide,bus,138,99162,11095
1,mongo,S,wide,bus,139,91987,11095
1,mongo,S,wide,bus,140,114887,11095
1,mongo,S,wide,bus,141,140029,11095
1,mongo,S,wide,bus,142,102031,11095
1,mongo,S,wide,bus,143,98510,11095
1,mongo,S,wide,bus,144,94009,11095
1,mongo,S,wide,bus,145,108190,11095
1,mongo,S,wide,bus,146,89054,11095
1,mongo,S,wide,bus,147,85280,11095
1,mongo,S,wide,bus,148,155807,11095
1,mongo,S,wide,bus,149,88903,11095
1,mongo,S,wide,bus,150,98127,11095
1,mongo,S,wide,bus,151,87408,11095
1,mongo,S,wide,bus,152,105358,11095
1,mongo,S,wide,bus,153,90254,11095
1,mongo,S,wide,bus,154,88138,11095
1,mongo,S,wide,bus,155,89445,11095
1,mongo,S,wide,bus,156,87956,11095
1,mongo,S,wide,bus,157,82879,11095
1,mongo,S,wide,bus,158,86521,11095
1,mongo,S,wide,bus,159,86494,11095
1,mongo,S,wide,bus,160,90602,11095
1,mongo,S,wide,bus,161,96358,11095
1,mongo,S,wide,bus,162,108229,11095
1,mongo,S,wide,bus,163,85466,11095
1,mongo,S,wide,bus,164,92680,11095
1,mongo,S,wide,bus,165,91675,11095
1,mongo,S,wide,bus,166,99392,11095
1,mongo,S,wide,bus,167,97244,11095
1,mongo,S,wide,bus,168,101696,11095
1,mongo,S,wide,bus,169,87030,11095
1,mongo,S,wide,bus,170,89320,11095
1,mongo,S,wide,bus,171,82004,11095
1,mongo,S,wide,bus,172,94582,11095
1,mongo,S,wide,bus,173,93697,11095
1,mongo,S,wide,bus,174,85832,11095
1,mongo,S,wide,bus,175,88855,11095
1,mongo,S,wide,bus,176,95098,11095
1,mongo,S,wide,bus,177,89697,11095
1,mongo,S,wide,bus,178,94364,11095
1,mongo,S,wide,bus,179,97212,11095
1,mongo,S,wide,bus,180,85223,11095
1,mongo,S,wide,bus,181,95583,11095
1,mongo,S,wide,bus,182,105705,11095
1,mongo,S,wide,bus,183,88179,11095
1,mongo,S,wide,bus,184,94723,11095
1,mongo,S,wide,bus,185,151719,11095
1,mongo,S,wide,bus,186,97946,11095
1,mongo,S,wide,bus,187,93047,11095
1,mongo,S,wide,bus,188,97308,11095
1,mongo,S,wide,bus,189,91030,11095
1,mongo,S,wide,bus,190,92347,11095
1,mongo,S,wide,bus,191,92752,11095
1,mongo,S,wide,bus,192,87203,11095
1,mongo,S,wide,bus,193,84037,11095
1,mongo,S,wide,bus,194,87075,11095
1,mongo,S,wide,bus,195,86709,11095
1,mongo,S,wide,bus,196,82961,11095
1,mongo,S,wide,bus,197,88581,11095
1,mongo,S,wide,bus,198,84889,11095
1,mongo,S,wide,bus,199,115196,11095
1,pg,S,wide,bike,0,131986,2747
1,pg,S,wide,bike,1,101380,2747
1,pg,S,wide,bike,2,98630,2747
1,pg,S,wide,bike,3,72507,2747
1,pg,S,wide,bike,4,74383,2747
1,pg,S,wide,bike,5,83994,2747
1,pg,S,wide,bike,6,73113,2747
1,pg,S,wide,bike,7,94705,2747
1,pg,S,wide,bike,8,86748,2747
1,pg,S,wide,bike,9,84242,2747
1,pg,S,wide,bike,10,78956,2747
1,pg,S,wide,bike,11,67484,2747
1,pg,S,wide,bike,12,65696,2747
1,pg,S,wide,bike,13,82778,2747
1,pg,S,wide,bike,14,64770,2747
1,pg,S,wide,bike,15,65589,2747
1,pg,S,wide,bike,16,71282,2747
1,pg,S,wide,bike,17,69800,2747
1,pg,S,wide,bike,18,71959,2747
1,pg,S,wide,bike,19,76327,2747
1,pg,S,wide,bike,20,83447,2747
1,pg,S,wide,bike,21,81776,2747
1,pg,S,wide,bike,22,64687,2747
1,pg,S,wide,bike,23,70515,2747
1,pg,S,wide,bike,24,80977,2747
1,pg,S,wide,bike,25,69230,2747
1,pg,S,wide,bike,26,65511,2747
1,pg,S,wide,bike,27,83256,2747
1,pg,S,wide,bike,28,84222,2747
1,pg,S,wide,bike,29,65861,2747
1,pg,S,wide,bike,30,64243,2747
1,pg,S,wide,bike,31,64617,2747
1,pg,S,wide,bike,32,64008,2747
1,pg,S,wide,bike,33,64931,2747
1,pg,S,wide,bike,34,74933,2747
1,pg,S,wide,bike,35,80174,2747
1,pg,S,wide,bike,36,82819,2747
1,pg,S,wide,bike,37,67020,2747
1,pg,S,wide,bike,38,70087,2747
1,pg,S,wide,bike,39,64831,2747
1,pg,S,wide,bike,40,63108,2747
1,pg,S,wide,bike,41,63251,2747
1,pg,S,wide,bike,42,64345,2747
1,pg,S,wide,bike,43,62581,2747
1,pg,S,wide,bike,44,64042,2747
1,pg,S,wide,bike,45,65784,2747
1,pg,S,wide,bike,46,81829,2747
1,pg,S,wide,bike,47,81738,2747
1,pg,S,wide,bike,48,81991,2747
1,pg,S,wide,bike,49,65298,2747
1,pg,S,wide,bike,50,69052,2747
1,pg,S,wide,bike,51,68240,2747
1,pg,S,wide,bike,52,66814,2747
1,pg,S,wide,bike,53,68113,2747
1,pg,S,wide,bike,54,68889,2747
1,pg,S,wide,bike,55,81113,2747
1,pg,S,wide,bike,56,78020,2747
1,pg,S,wide,bike,57,75727,2747
1,pg,S,wide,bike,58,82793,2747
1,pg,S,wide,bike,59,74033,2747
1,pg,S,wide,bike,60,72747,2747
1,pg,S,wide,bike,61,71782,2747
1,pg,S,wide,bike,62,75920,2747
1,pg,S,wide,bike,63,84481,2747
1,pg,S,wide,bike,64,91811,2747
1,pg,S,wide,bike,65,105914,2747
1,pg,S,wide,bike,66,78915,2747
1,pg,S,wide,bike,67,68517,2747
1,pg,S,wide,bike,68,68239,2747
1,pg,S,wide,bike,69,69271,2747
1,pg,S,wide,bike,70,68267,2747
1,pg,S,wide,bike,71,82259,2747
1,pg,S,wide,bike,72,74098,2747
1,pg,S,wide,bike,73,96367,2747
1,pg,S,wide,bike,74,89312,2747
1,pg,S,wide,bike,75,78570,2747
1,pg,S,wide,bike,76,75050,2747
1,pg,S,wide,bike,77,81909,2747
1,pg,S,wide,bike,78,100901,2747
1,pg,S,wide,bike,79,95700,2747
1,pg,S,wide,bike,80,89129,2747
1,pg,S,wide,bike,81,85972,2747
1,pg,S,wide,bike,82,67161,2747
1,pg,S,wide,bike,83,68200,2747
1,pg,S,wide,bike,84,69132,2747
1,pg,S,wide,bike,85,69943,2747
1,pg,S,wide,bike,86,65195,2747
1,pg,S,wide,bike,87,72536,2747
1,pg,S,wide,bike,88,76858,2747
1,pg,S,wide,bike,89,80748,2747
1,pg,S,wide,bike,90,68968,2747
1,pg,S,wide,bike,91,73002,2747
1,pg,S,wide,bike,92,68252,2747
1,pg,S,wide,bike,93,68112,2747
1,pg,S,wide,bike,94,67532,2747
1,pg,S,wide,bike,95,67704,2747
1,pg,S,wide,bike,96,68829,2747
1,pg,S,wide,bike,97,84593,2747
1,pg,S,wide,bike,98,67780,2747
1,pg,S,wide,bike,99,69262,2747
1,pg,S,wide,bike,100,84527,2747
1,pg,S,wide,bike,101,67435,2747
1,pg,S,wide,bike,102,66850,2747
1,pg,S,wide,bike,103,66048,2747
1,pg,S,wide,bike,104,66816,2747
1,pg,S,wide,bike,105,65392,2747
1,pg,S,wide,bike,106,65521,2747
1,pg,S,wide,bike,107,64877,2747
1,pg,S,wide,bike,108,64036,2747
1,pg,S,wide,bike,109,64245,2747
1,pg,S,wide,bike,110,63766,2747
1,pg,S,wide,bike,111,67075,2747
1,pg,S,wide,bike,112,64367,2747
1,pg,S,wide,bike,113,62941,2747
1,pg,S,wide,bike,114,64829,2747
1,pg,S,wide,bike,115,82679,2747
1,pg,S,wide,bike,116,86536,2747
1,pg,S,wide,bike,117,81742,2747
1,pg,S,wide,bike,118,81165,2747
1,pg,S,wide,bike,119,75862,2747
1,pg,S,wide,bike,120,71455,2747
1,pg,S,wide,bike,121,66947,2747
1,pg,S,wide,bike,122,67508,2747
1,pg,S,wide,bike,123,69992,2747
1,pg,S,wide,bike,124,70535,2747
1,pg,S,wide,bike,125,93013,2747
1,pg,S,wide,bike,126,84471,2747
1,pg,S,wide,bike,127,65923,2747
1,pg,S,wide,bike,128,72747,2747
1,pg,S,wide,bike,129,83921,2747
1,pg,S,wide,bike,130,102164,2747
1,pg,S,wide,bike,131,90530,2747
1,pg,S,wide,bike,132,92667,2747
1,pg,S,wide,bike,133,78481,2747
1,pg,S,wide,bike,134,79628,2747
1,pg,S,wide,bike,135,72890,2747
1,pg,S,wide,bike,136,70311,2747
1,pg,S,wide,bike,137,65344,2747
1,pg,S,wide,bike,138,67325,2747
1,pg,S,wide,bike,139,69976,2747
1,pg,S,wide,bike,140,84713,2747
1,pg,S,wide,bike,141,88439,2747
1,pg,S,wide,bike,142,85102,2747
1,pg,S,wide,bike,143,83618,2747
1,pg,S,wide,bike,144,82659,2747
1,pg,S,wide,bike,145,82571,2747
1,pg,S,wide,bike,146,90101,2747
1,pg,S,wide,bike,147,90799,2747
1,pg,S,wide,bike,148,83837,2747
1,pg,S,wide,bike,149,80664,2747
1,pg,S,wide,bike,150,73949,2747
1,pg,S,wide,bike,151,79032,2747
1,pg,S,wide,bike,152,99111,2747
1,pg,S,wide,bike,153,91545,2747
1,pg,S,wide,bike,154,84445,2747
1,pg,S,wide,bike,155,66636,2747
1,pg,S,wide,bike,156,65887,2747
1,pg,S,wide,bike,157,65975,2747
1,pg,S,wide,bike,158,63299,2747
1,pg,S,wide,bike,159,64017,2747
1,pg,S,wide,bike,160,65200,2747
1,pg,S,wide,bike,161,62715,2747
1,pg,S,wide,bike,162,85107,2747
1,pg,S,wide,bike,163,66189,2747
1,pg,S,wide,bike,164,83241,2747
1,pg,S,wide,bike,165,72539,2747
1,pg,S,wide,bike,166,69654,2747
1,pg,S,wide,bike,167,65661,2747
1,pg,S,wide,bike,168,66382,2747
1,pg,S,wide,bike,169,67721,2747
1,pg,S,wide,bike,170,64476,2747
1,pg,S,wide,bike,171,64680,2747
1,pg,S,wide,bike,172,64424,2747
1,pg,S,wide,bike,173,72251,2747
1,pg,S,wide,bike,174,63763,2747
1,pg,S,wide,bike,175,64010,2747
1,pg,S,wide,bike,176,65817,2747
1,pg,S,wide,bike,177,65390,2747
1,pg,S,wide,bike,178,66400,2747
1,pg,S,wide,bike,179,80522,2747
1,pg,S,wide,bike,180,65911,2747
1,pg,S,wide,bike,181,82300,2747
1,pg,S,wide,bike,182,65941,2747
1,pg,S,wide,bike,183,66152,2747
1,pg,S,wide,bike,184,78424,2747
1,pg,S,wide,bike,185,63244,2747
1,pg,S,wide,bike,186,66603,2747
1,pg,S,wide,bike,187,63963,2747
1,pg,S,wide,bike,188,64960,2747
1,pg,S,wide,bike,189,64405,2747
1,pg,S,wide,bike,190,65328,2747
1,pg,S,wide,bike,191,65548,2747
1,pg,S,wide,bike,192,71097,2747
1,pg,S,wide,bike,193,68248,2747
1,pg,S,wide,bike,194,66190,2747
1,pg,S,wide,bike,195,65278,2747
1,pg,S,wide,bike,196,64143,2747
1,pg,S,wide,bike,197,64366,2747
1,pg,S,wide,bike,198,64638,2747
1,pg,S,wide,bike,199,63339,2747
1,pg,U,narrow,bike,0,7660,166
1,pg,U,narrow,bike,1,6474,166
1,pg,U,narrow,bike,2,7548,166
1,pg,U,narrow,bike,3,6214,166
1,pg,U,narrow,bike,4,6181,166
1,pg,U,narrow,bike,5,6475,166
1,pg,U,narrow,bike,6,6618,166
1,pg,U,narrow,bike,7,6501,166
1,pg,U,narrow,bike,8,5954,166
1,pg,U,narrow,bike,9,6031,166
1,pg,U,narrow,bike,10,6098,166
1,pg,U,narrow,bike,11,6096,166
1,pg,U,narrow,bike,12,6415,166
1,pg,U,narrow,bike,13,6207,166
1,pg,U,narrow,bike,14,6122,166
1,pg,U,narrow,bike,15,6406,166
1,pg,U,narrow,bike,16,6278,166
1,pg,U,narrow,bike,17,8954,166
1,pg,U,narrow,bike,18,7923,166
1,pg,U,narrow,bike,19,6246,166
1,pg,U,narrow,bike,20,7178,166
1,pg,U,narrow,bike,21,6461,166
1,pg,U,narrow,bike,22,6156,166
1,pg,U,narrow,bike,23,6421,166
1,pg,U,narrow,bike,24,7485,166
1,pg,U,narrow,bike,25,6265,166
1,pg,U,narrow,bike,26,6163,166
1,pg,U,narrow,bike,27,6227,166
1,pg,U,narrow,bike,28,6752,166
1,pg,U,narrow,bike,29,6193,166
1,pg,U,narrow,bike,30,7064,166
1,pg,U,narrow,bike,31,7153,166
1,pg,U,narrow,bike,32,6324,166
1,pg,U,narrow,bike,33,6043,166
1,pg,U,narrow,bike,34,7115,166
1,pg,U,narrow,bike,35,6150,166
1,pg,U,narrow,bike,36,6858,166
1,pg,U,narrow,bike,37,8118,166
1,pg,U,narrow,bike,38,7007,166
1,pg,U,narrow,bike,39,6756,166
1,pg,U,narrow,bike,40,12890,166
1,pg,U,narrow,bike,41,11334,166
1,pg,U,narrow,bike,42,7834,166
1,pg,U,narrow,bike,43,7222,166
1,pg,U,narrow,bike,44,6490,166
1,pg,U,narrow,bike,45,8416,166
1,pg,U,narrow,bike,46,7484,166
1,pg,U,narrow,bike,47,7054,166
1,pg,U,narrow,bike,48,8199,166
1,pg,U,narrow,bike,49,12155,166
1,pg,U,narrow,bike,50,7753,166
1,pg,U,narrow,bike,51,7418,166
1,pg,U,narrow,bike,52,9704,166
1,pg,U,narrow,bike,53,8098,166
1,pg,U,narrow,bike,54,8691,166
1,pg,U,narrow,bike,55,7936,166
1,pg,U,narrow,bike,56,7596,166
1,pg,U,narrow,bike,57,7474,166
1,pg,U,narrow,bike,58,7978,166
1,pg,U,narrow,bike,59,7995,166
1,pg,U,narrow,bike,60,6560,166
1,pg,U,narrow,bike,61,7553,166
1,pg,U,narrow,bike,62,6489,166
1,pg,U,narrow,bike,63,7273,166
1,pg,U,narrow,bike,64,6997,166
1,pg,U,narrow,bike,65,7169,166
1,pg,U,narrow,bike,66,6435,166
1,pg,U,narrow,bike,67,7376,166
1,pg,U,narrow,bike,68,6502,166
1,pg,U,narrow,bike,69,7074,166
1,pg,U,narrow,bike,70,6868,166
1,pg,U,narrow,bike,71,6469,166
1,pg,U,narrow,bike,72,6531,166
1,pg,U,narrow,bike,73,6917,166
1,pg,U,narrow,bike,74,7068,166
1,pg,U,narrow,bike,75,8709,166
1,pg,U,narrow,bike,76,8047,166
1,pg,U,narrow,bike,77,7878,166
1,pg,U,narrow,bike,78,7201,166
1,pg,U,narrow,bike,79,7590,166
1,pg,U,narrow,bike,80,7834,166
1,pg,U,narrow,bike,81,6679,166
1,pg,U,narrow,bike,82,7449,166
1,pg,U,narrow,bike,83,6682,166
1,pg,U,narrow,bike,84,7575,166
1,pg,U,narrow,bike,85,6614,166
1,pg,U,narrow,bike,86,6891,166
1,pg,U,narrow,bike,87,6800,166
1,pg,U,narrow,bike,88,6850,166
1,pg,U,narrow,bike,89,6942,166
1,pg,U,narrow,bike,90,8197,166
1,pg,U,narrow,bike,91,7668,166
1,pg,U,narrow,bike,92,8561,166
1,pg,U,narrow,bike,93,9450,166
1,pg,U,narrow,bike,94,8038,166
1,pg,U,narrow,bike,95,7098,166
1,pg,U,narrow,bike,96,6636,166
1,pg,U,narrow,bike,97,6781,166
1,pg,U,narrow,bike,98,6127,166
1,pg,U,narrow,bike,99,6308,166
1,pg,U,narrow,bike,100,7383,166
1,pg,U,narrow,bike,101,7540,166
1,pg,U,narrow,bike,102,6493,166
1,pg,U,narrow,bike,103,7186,166
1,pg,U,narrow,bike,104,7364,166
1,pg,U,narrow,bike,105,6613,166
1,pg,U,narrow,bike,106,6398,166
1,pg,U,narrow,bike,107,6192,166
1,pg,U,narrow,bike,108,7472,166
1,pg,U,narrow,bike,109,6497,166
1,pg,U,narrow,bike,110,6372,166
1,pg,U,narrow,bike,111,6541,166
1,pg,U,narrow,bike,112,6434,166
1,pg,U,narrow,bike,113,6306,166
1,pg,U,narrow,bike,114,6544,166
1,pg,U,narrow,bike,115,7265,166
1,pg,U,narrow,bike,116,7913,166
1,pg,U,narrow,bike,117,7383,166
1,pg,U,narrow,bike,118,6717,166
1,pg,U,narrow,bike,119,6685,166
1,pg,U,narrow,bike,120,7267,166
1,pg,U,narrow,bike,121,6199,166
1,pg,U,narrow,bike,122,6816,166
1,pg,U,narrow,bike,123,7193,166
1,pg,U,narrow,bike,124,6167,166
1,pg,U,narrow,bike,125,6485,166
1,pg,U,narrow,bike,126,5893,166
1,pg,U,narrow,bike,127,7378,166
1,pg,U,narrow,bike,128,6194,166
1,pg,U,narrow,bike,129,6211,166
1,pg,U,narrow,bike,130,7167,166
1,pg,U,narrow,bike,131,7195,166
1,pg,U,narrow,bike,132,7438,166
1,pg,U,narrow,bike,133,7513,166
1,pg,U,narrow,bike,134,7310,166
1,pg,U,narrow,bike,135,6340,166
1,pg,U,narrow,bike,136,7240,166
1,pg,U,narrow,bike,137,6225,166
1,pg,U,narrow,bike,138,6453,166
1,pg,U,narrow,bike,139,6291,166
1,pg,U,narrow,bike,140,7557,166
1,pg,U,narrow,bike,141,6199,166
1,pg,U,narrow,bike,142,6174,166
1,pg,U,narrow,bike,143,7844,166
1,pg,U,narrow,bike,144,7082,166
1,pg,U,narrow,bike,145,6509,166
1,pg,U,narrow,bike,146,6232,166
1,pg,U,narrow,bike,147,6193,166
1,pg,U,narrow,bike,148,6281,166
1,pg,U,narrow,bike,149,6407,166
1,pg,U,narrow,bike,150,7295,166
1,pg,U,narrow,bike,151,6383,166
1,pg,U,narrow,bike,152,7284,166
1,pg,U,narrow,bike,153,7121,166
1,pg,U,narrow,bike,154,6484,166
1,pg,U,narrow,bike,155,6398,166
1,pg,U,narrow,bike,156,9913,166
1,pg,U,narrow,bike,157,6695,166
1,pg,U,narrow,bike,158,6711,166
1,pg,U,narrow,bike,159,6070,166
1,pg,U,narrow,bike,160,6629,166
1,pg,U,narrow,bike,161,7265,166
1,pg,U,narrow,bike,162,6901,166
1,pg,U,narrow,bike,163,6330,166
1,pg,U,narrow,bike,164,6852,166
1,pg,U,narrow,bike,165,7286,166
1,pg,U,narrow,bike,166,7187,166
1,pg,U,narrow,bike,167,6379,166
1,pg,U,narrow,bike,168,6351,166
1,pg,U,narrow,bike,169,7193,166
1,pg,U,narrow,bike,170,6387,166
1,pg,U,narrow,bike,171,7426,166
1,pg,U,narrow,bike,172,6693,166
1,pg,U,narrow,bike,173,6236,166
1,pg,U,narrow,bike,174,7558,166
1,pg,U,narrow,bike,175,6708,166
1,pg,U,narrow,bike,176,7581,166
1,pg,U,narrow,bike,177,6517,166
1,pg,U,narrow,bike,178,6235,166
1,pg,U,narrow,bike,179,7053,166
1,pg,U,narrow,bike,180,6986,166
1,pg,U,narrow,bike,181,6675,166
1,pg,U,narrow,bike,182,6602,166
1,pg,U,narrow,bike,183,6092,166
1,pg,U,narrow,bike,184,5962,166
1,pg,U,narrow,bike,185,7070,166
1,pg,U,narrow,bike,186,7020,166
1,pg,U,narrow,bike,187,7990,166
1,pg,U,narrow,bike,188,6070,166
1,pg,U,narrow,bike,189,7559,166
1,pg,U,narrow,bike,190,7985,166
1,pg,U,narrow,bike,191,7244,166
1,pg,U,narrow,bike,192,7255,166
1,pg,U,narrow,bike,193,7392,166
1,pg,U,narrow,bike,194,6550,166
1,pg,U,narrow,bike,195,7000,166
1,pg,U,narrow,bike,196,6565,166
1,pg,U,narrow,bike,197,7557,166
1,pg,U,narrow,bike,198,6713,166
1,pg,U,narrow,bike,199,6341,166
1,pg,S,medium,both,0,136037,7650
1,pg,S,medium,both,1,136864,7650
1,pg,S,medium,both,2,149376,7650
1,pg,S,medium,both,3,149628,7650
1,pg,S,medium,both,4,149611,7650
1,pg,S,medium,both,5,148893,7650
1,pg,S,medium,both,6,147099,7650
1,pg,S,medium,both,7,137051,7650
1,pg,S,medium,both,8,139741,7650
1,pg,S,medium,both,9,161447,7650
1,pg,S,medium,both,10,133624,7650
1,pg,S,medium,both,11,134144,7650
1,pg,S,medium,both,12,160062,7650
1,pg,S,medium,both,13,155290,7650
1,pg,S,medium,both,14,134649,7650
1,pg,S,medium,both,15,134543,7650
1,pg,S,medium,both,16,131919,7650
1,pg,S,medium,both,17,134229,7650
1,pg,S,medium,both,18,130487,7650
1,pg,S,medium,both,19,134161,7650
1,pg,S,medium,both,20,136528,7650
1,pg,S,medium,both,21,149450,7650
1,pg,S,medium,both,22,148258,7650
1,pg,S,medium,both,23,143864,7650
1,pg,S,medium,both,24,147089,7650
1,pg,S,medium,both,25,131130,7650
1,pg,S,medium,both,26,132888,7650
1,pg,S,medium,both,27,158269,7650
1,pg,S,medium,both,28,131658,7650
1,pg,S,medium,both,29,133066,7650
1,pg,S,medium,both,30,144993,7650
1,pg,S,medium,both,31,153584,7650
1,pg,S,medium,both,32,158171,7650
1,pg,S,medium,both,33,134256,7650
1,pg,S,medium,both,34,142360,7650
1,pg,S,medium,both,35,168352,7650
1,pg,S,medium,both,36,139518,7650
1,pg,S,medium,both,37,155511,7650
1,pg,S,medium,both,38,156770,7650
1,pg,S,medium,both,39,159417,7650
1,pg,S,medium,both,40,177274,7650
1,pg,S,medium,both,41,208652,7650
1,pg,S,medium,both,42,203605,7650
1,pg,S,medium,both,43,135956,7650
1,pg,S,medium,both,44,136850,7650
1,pg,S,medium,both,45,137677,7650
1,pg,S,medium,both,46,131518,7650
1,pg,S,medium,both,47,132315,7650
1,pg,S,medium,both,48,152033,7650
1,pg,S,medium,both,49,140039,7650
1,pg,S,medium,both,50,166474,7650
1,pg,S,medium,both,51,132843,7650
1,pg,S,medium,both,52,134383,7650
1,pg,S,medium,both,53,131231,7650
1,pg,S,medium,both,54,136387,7650
1,pg,S,medium,both,55,142314,7650
1,pg,S,medium,both,56,135502,7650
1,pg,S,medium,both,57,139102,7650
1,pg,S,medium,both,58,148716,7650
1,pg,S,medium,both,59,140540,7650
1,pg,S,medium,both,60,145569,7650
1,pg,S,medium,both,61,136307,7650
1,pg,S,medium,both,62,164111,7650
1,pg,S,medium,both,63,146018,7650
1,pg,S,medium,both,64,135073,7650
1,pg,S,medium,both,65,135455,7650
1,pg,S,medium,both,66,138808,7650
1,pg,S,medium,both,67,145821,7650
1,pg,S,medium,both,68,141183,7650
1,pg,S,medium,both,69,179215,7650
1,pg,S,medium,both,70,133247,7650
1,pg,S,medium,both,71,134164,7650
1,pg,S,medium,both,72,164470,7650
1,pg,S,medium,both,73,135267,7650
1,pg,S,medium,both,74,131133,7650
1,pg,S,medium,both,75,132719,7650
1,pg,S,medium,both,76,163380,7650
1,pg,S,medium,both,77,146911,7650
1,pg,S,medium,both,78,203885,7650
1,pg,S,medium,both,79,188754,7650
1,pg,S,medium,both,80,167435,7650
1,pg,S,medium,both,81,160672,7650
1,pg,S,medium,both,82,164969,7650
1,pg,S,medium,both,83,143913,7650
1,pg,S,medium,both,84,136522,7650
1,pg,S,medium,both,85,133636,7650
1,pg,S,medium,both,86,136898,7650
1,pg,S,medium,both,87,155857,7650
1,pg,S,medium,both,88,133550,7650
1,pg,S,medium,both,89,144682,7650
1,pg,S,medium,both,90,144057,7650
1,pg,S,medium,both,91,136566,7650
1,pg,S,medium,both,92,133554,7650
1,pg,S,medium,both,93,138447,7650
1,pg,S,medium,both,94,133343,7650
1,pg,S,medium,both,95,158327,7650
1,pg,S,medium,both,96,159123,7650
1,pg,S,medium,both,97,160325,7650
1,pg,S,medium,both,98,157650,7650
1,pg,S,medium,both,99,158253,7650
1,pg,S,medium,both,100,135857,7650
1,pg,S,medium,both,101,132535,7650
1,pg,S,medium,both,102,132859,7650
1,pg,S,medium,both,103,154327,7650
1,pg,S,medium,both,104,158865,7650
1,pg,S,medium,both,105,166400,7650
1,pg,S,medium,both,106,138551,7650
1,pg,S,medium,both,107,135494,7650
1,pg,S,medium,both,108,131720,7650
1,pg,S,medium,both,109,129617,7650
1,pg,S,medium,both,110,130961,7650
1,pg,S,medium,both,111,131012,7650
1,pg,S,medium,both,112,132081,7650
1,pg,S,medium,both,113,128114,7650
1,pg,S,medium,both,114,141081,7650
1,pg,S,medium,both,115,190457,7650
1,pg,S,medium,both,116,201365,7650
1,pg,S,medium,both,117,148144,7650
1,pg,S,medium,both,118,175818,7650
1,pg,S,medium,both,119,166868,7650
1,pg,S,medium,both,120,173628,7650
1,pg,S,medium,both,121,138985,7650
1,pg,S,medium,both,122,133175,7650
1,pg,S,medium,both,123,162969,7650
1,pg,S,medium,both,124,161886,7650
1,pg,S,medium,both,125,134797,7650
1,pg,S,medium,both,126,134608,7650
1,pg,S,medium,both,127,141770,7650
1,pg,S,medium,both,128,132228,7650
1,pg,S,medium,both,129,138982,7650
1,pg,S,medium,both,130,131428,7650
1,pg,S,medium,both,131,132329,7650
1,pg,S,medium,both,132,132211,7650
1,pg,S,medium,both,133,147906,7650
1,pg,S,medium,both,134,134785,7650
1,pg,S,medium,both,135,132128,7650
1,pg,S,medium,both,136,132163,7650
1,pg,S,medium,both,137,134079,7650
1,pg,S,medium,both,138,135393,7650
1,pg,S,medium,both,139,132541,7650
1,pg,S,medium,both,140,193101,7650
1,pg,S,medium,both,141,161981,7650
1,pg,S,medium,both,142,150298,7650
1,pg,S,medium,both,143,153309,7650
1,pg,S,medium,both,144,135830,7650
1,pg,S,medium,both,145,137651,7650
1,pg,S,medium,both,146,139802,7650
1,pg,S,medium,both,147,141729,7650
1,pg,S,medium,both,148,162257,7650
1,pg,S,medium,both,149,129910,7650
1,pg,S,medium,both,150,136120,7650
1,pg,S,medium,both,151,130038,7650
1,pg,S,medium,both,152,161551,7650
1,pg,S,medium,both,153,169865,7650
1,pg,S,medium,both,154,150745,7650
1,pg,S,medium,both,155,147369,7650
1,pg,S,medium,both,156,138848,7650
1,pg,S,medium,both,157,153395,7650
1,pg,S,medium,both,158,152718,7650
1,pg,S,medium,both,159,146402,7650
1,pg,S,medium,both,160,140513,7650
1,pg,S,medium,both,161,159041,7650
1,pg,S,medium,both,162,139219,7650
1,pg,S,medium,both,163,137488,7650
1,pg,S,medium,both,164,141060,7650
1,pg,S,medium,both,165,142746,7650
1,pg,S,medium,both,166,143341,7650
1,pg,S,medium,both,167,134428,7650
1,pg,S,medium,both,168,135131,7650
1,pg,S,medium,both,169,135380,7650
1,pg,S,medium,both,170,133869,7650
1,pg,S,medium,both,171,134479,7650
1,pg,S,medium,both,172,130417,7650
1,pg,S,medium,both,173,129997,7650
1,pg,S,medium,both,174,135400,7650
1,pg,S,medium,both,175,133509,7650
1,pg,S,medium,both,176,146291,7650
1,pg,S,medium,both,177,139231,7650
1,pg,S,medium,both,178,143783,7650
1,pg,S,medium,both,179,148839,7650
1,pg,S,medium,both,180,144697,7650
1,pg,S,medium,both,181,146247,7650
1,pg,S,medium,both,182,157538,7650
1,pg,S,medium,both,183,133626,7650
1,pg,S,medium,both,184,133551,7650
1,pg,S,medium,both,185,162871,7650
1,pg,S,medium,both,186,161745,7650
1,pg,S,medium,both,187,156680,7650
1,pg,S,medium,both,188,156405,7650
1,pg,S,medium,both,189,132145,7650
1,pg,S,medium,both,190,159635,7650
1,pg,S,medium,both,191,174501,7650
1,pg,S,medium,both,192,204561,7650
1,pg,S,medium,both,193,155539,7650
1,pg,S,medium,both,194,137315,7650
1,pg,S,medium,both,195,136659,7650
1,pg,S,medium,both,196,135624,7650
1,pg,S,medium,both,197,131413,7650
1,pg,S,medium,both,198,133845,7650
1,pg,S,medium,both,199,161680,7650
1,mongo,S,narrow,both,0,15906,684
1,mongo,S,narrow,both,1,9075,684
1,mongo,S,narrow,both,2,10643,684
1,mongo,S,narrow,both,3,10348,684
1,mongo,S,narrow,both,4,10959,684
1,mongo,S,narrow,both,5,9773,684
1,mongo,S,narrow,both,6,9357,684
1,mongo,S,narrow,both,7,8798,684
1,mongo,S,narrow,both,8,10619,684
1,mongo,S,narrow,both,9,8958,684
1,mongo,S,narrow,both,10,8071,684
1,mongo,S,narrow,both,11,8626,684
1,mongo,S,narrow,both,12,8754,684
1,mongo,S,narrow,both,13,11247,684
1,mongo,S,narrow,both,14,12587,684
1,mongo,S,narrow,both,15,13582,684
1,mongo,S,narrow,both,16,13207,684
1,mongo,S,narrow,both,17,8928,684
1,mongo,S,narrow,both,18,9542,684
1,mongo,S,narrow,both,19,11925,684
1,mongo,S,narrow,both,20,9791,684
1,mongo,S,narrow,both,21,10307,684
1,mongo,S,narrow,both,22,11032,684
1,mongo,S,narrow,both,23,11664,684
1,mongo,S,narrow,both,24,9643,684
1,mongo,S,narrow,both,25,9173,684
1,mongo,S,narrow,both,26,12816,684
1,mongo,S,narrow,both,27,11160,684
1,mongo,S,narrow,both,28,11437,684
1,mongo,S,narrow,both,29,10397,684
1,mongo,S,narrow,both,30,10757,684
1,mongo,S,narrow,both,31,9374,684
1,mongo,S,narrow,both,32,9407,684
1,mongo,S,narrow,both,33,9350,684
1,mongo,S,narrow,both,34,10718,684
1,mongo,S,narrow,both,35,9009,684
1,mongo,S,narrow,both,36,11508,684
1,mongo,S,narrow,both,37,11474,684
1,mongo,S,narrow,both,38,9917,684
1,mongo,S,narrow,both,39,9593,684
1,mongo,S,narrow,both,40,9741,684
1,mongo,S,narrow,both,41,10109,684
1,mongo,S,narrow,both,42,11110,684
1,mongo,S,narrow,both,43,10145,684
1,mongo,S,narrow,both,44,11583,684
1,mongo,S,narrow,both,45,8794,684
1,mongo,S,narrow,both,46,8700,684
1,mongo,S,narrow,both,47,10260,684
1,mongo,S,narrow,both,48,9242,684
1,mongo,S,narrow,both,49,11779,684
1,mongo,S,narrow,both,50,10088,684
1,mongo,S,narrow,both,51,10457,684
1,mongo,S,narrow,both,52,9127,684
1,mongo,S,narrow,both,53,11676,684
1,mongo,S,narrow,both,54,10509,684
1,mongo,S,narrow,both,55,12022,684
1,mongo,S,narrow,both,56,13664,684
1,mongo,S,narrow,both,57,16273,684
1,mongo,S,narrow,both,58,14216,684
1,mongo,S,narrow,both,59,11306,684
1,mongo,S,narrow,both,60,10725,684
1,mongo,S,narrow,both,61,8942,684
1,mongo,S,narrow,both,62,9034,684
1,mongo,S,narrow,both,63,11159,684
1,mongo,S,narrow,both,64,10726,684
1,mongo,S,narrow,both,65,9128,684
1,mongo,S,narrow,both,66,8757,684
1,mongo,S,narrow,both,67,8706,684
1,mongo,S,narrow,both,68,11042,684
1,mongo,S,narrow,both,69,10369,684
1,mongo,S,narrow,both,70,10779,684
1,mongo,S,narrow,both,71,9177,684
1,mongo,S,narrow,both,72,10970,684
1,mongo,S,narrow,both,73,9334,684
1,mongo,S,narrow,both,74,11564,684
1,mongo,S,narrow,both,75,8396,684
1,mongo,S,narrow,both,76,10248,684
1,mongo,S,narrow,both,77,9404,684
1,mongo,S,narrow,both,78,9313,684
1,mongo,S,narrow,both,79,12700,684
1,mongo,S,narrow,both,80,13461,684
1,mongo,S,narrow,both,81,9417,684
1,mongo,S,narrow,both,82,10004,684
1,mongo,S,narrow,both,83,9583,684
1,mongo,S,narrow,both,84,10652,684
1,mongo,S,narrow,both,85,9088,684
1,mongo,S,narrow,both,86,10120,684
1,mongo,S,narrow,both,87,10303,684
1,mongo,S,narrow,both,88,11869,684
1,mongo,S,narrow,both,89,10045,684
1,mongo,S,narrow,both,90,10158,684
1,mongo,S,narrow,both,91,9963,684
1,mongo,S,narrow,both,92,11391,684
1,mongo,S,narrow,both,93,10984,684
1,mongo,S,narrow,both,94,10220,684
1,mongo,S,narrow,both,95,9839,684
1,mongo,S,narrow,both,96,11369,684
1,mongo,S,narrow,both,97,10266,684
1,mongo,S,narrow,both,98,9109,684
1,mongo,S,narrow,both,99,9295,684
1,mongo,S,narrow,both,100,11303,684
1,mongo,S,narrow,both,101,9862,684
1,mongo,S,narrow,both,102,8833,684
1,mongo,S,narrow,both,103,10550,684
1,mongo,S,narrow,both,104,9651,684
1,mongo,S,narrow,both,105,9209,684
1,mongo,S,narrow,both,106,9731,684
1,mongo,S,narrow,both,107,12455,684
1,mongo,S,narrow,both,108,11525,684
1,mongo,S,narrow,both,109,10479,684
1,mongo,S,narrow,both,110,10936,684
1,mongo,S,narrow,both,111,10249,684
1,mongo,S,narrow,both,112,9438,684
1,mongo,S,narrow,both,113,9727,684
1,mongo,S,narrow,both,114,10734,684
1,mongo,S,narrow,both,115,10794,684
1,mongo,S,narrow,both,116,8689,684
1,mongo,S,narrow,both,117,10074,684
1,mongo,S,narrow,both,118,9359,684
1,mongo,S,narrow,both,119,10465,684
1,mongo,S,narrow,both,120,9559,684
1,mongo,S,narrow,both,121,11152,684
1,mongo,S,narrow,both,122,12198,684
1,mongo,S,narrow,both,123,12658,684
1,mongo,S,narrow,both,124,9815,684
1,mongo,S,narrow,both,125,10130,684
1,mongo,S,narrow,both,126,9679,684
1,mongo,S,narrow,both,127,10055,684
1,mongo,S,narrow,both,128,9578,684
1,mongo,S,narrow,both,129,10545,684
1,mongo,S,narrow,both,130,8581,684
1,mongo,S,narrow,both,131,8519,684
1,mongo,S,narrow,both,132,9931,684
1,mongo,S,narrow,both,133,10172,684
1,mongo,S,narrow,both,134,9551,684
1,mongo,S,narrow,both,135,10552,684
1,mongo,S,narrow,both,136,9733,684
1,mongo,S,narrow,both,137,11480,684
1,mongo,S,narrow,both,138,7904,684
1,mongo,S,narrow,both,139,12011,684
1,mongo,S,narrow,both,140,9248,684
1,mongo,S,narrow,both,141,12050,684
1,mongo,S,narrow,both,142,11648,684
1,mongo,S,narrow,both,143,10654,684
1,mongo,S,narrow,both,144,11397,684
1,mongo,S,narrow,both,145,10178,684
1,mongo,S,narrow,both,146,9494,684
1,mongo,S,narrow,both,147,8854,684
1,mongo,S,narrow,both,148,9214,684
1,mongo,S,narrow,both,149,11054,684
1,mongo,S,narrow,both,150,9072,684
1,mongo,S,narrow,both,151,9617,684
1,mongo,S,narrow,both,152,9273,684
1,mongo,S,narrow,both,153,10421,684
1,mongo,S,narrow,both,154,10329,684
1,mongo,S,narrow,both,155,9123,684
1,mongo,S,narrow,both,156,12254,684
1,mongo,S,narrow,both,157,10304,684
1,mongo,S,narrow,both,158,9502,684
1,mongo,S,narrow,both,159,9357,684
1,mongo,S,narrow,both,160,11584,684
1,mongo,S,narrow,both,161,10184,684
1,mongo,S,narrow,both,162,11086,684
1,mongo,S,narrow,both,163,8525,684
1,mongo,S,narrow,both,164,11671,684
1,mongo,S,narrow,both,165,9548,684
1,mongo,S,narrow,both,166,11767,684
1,mongo,S,narrow,both,167,10812,684
1,mongo,S,narrow,both,168,9948,684
1,mongo,S,narrow,both,169,9245,684
1,mongo,S,narrow,both,170,9131,684
1,mongo,S,narrow,both,171,10973,684
1,mongo,S,narrow,both,172,11890,684
1,mongo,S,narrow,both,173,8957,684
1,mongo,S,narrow,both,174,11849,684
1,mongo,S,narrow,both,175,9096,684
1,mongo,S,narrow,both,176,9535,684
1,mongo,S,narrow,both,177,13096,684
1,mongo,S,narrow,both,178,10293,684
1,mongo,S,narrow,both,179,9847,684
1,mongo,S,narrow,both,180,9272,684
1,mongo,S,narrow,both,181,8607,684
1,mongo,S,narrow,both,182,10557,684
1,mongo,S,narrow,both,183,9744,684
1,mongo,S,narrow,both,184,9185,684
1,mongo,S,narrow,both,185,11586,684
1,mongo,S,narrow,both,186,10252,684
1,mongo,S,narrow,both,187,9857,684
1,mongo,S,narrow,both,188,9488,684
1,mongo,S,narrow,both,189,10828,684
1,mongo,S,narrow,both,190,9931,684
1,mongo,S,narrow,both,191,10359,684
1,mongo,S,narrow,both,192,9796,684
1,mongo,S,narrow,both,193,10981,684
1,mongo,S,narrow,both,194,10769,684
1,mongo,S,narrow,both,195,15340,684
1,mongo,S,narrow,both,196,10360,684
1,mongo,S,narrow,both,197,11170,684
1,mongo,S,narrow,both,198,11576,684
1,mongo,S,narrow,both,199,11655,684
1,pg,S,narrow,both,0,17396,684
1,pg,S,narrow,both,1,17039,684
1,pg,S,narrow,both,2,17146,684
1,pg,S,narrow,both,3,13794,684
1,pg,S,narrow,both,4,18475,684
1,pg,S,narrow,both,5,14289,684
1,pg,S,narrow,both,6,13860,684
1,pg,S,narrow,both,7,16066,684
1,pg,S,narrow,both,8,16996,684
1,pg,S,narrow,both,9,18857,684
1,pg,S,narrow,both,10,16590,684
1,pg,S,narrow,both,11,15859,684
1,pg,S,narrow,both,12,14955,684
1,pg,S,narrow,both,13,14533,684
1,pg,S,narrow,both,14,14512,684
1,pg,S,narrow,both,15,14775,684
1,pg,S,narrow,both,16,15125,684
1,pg,S,narrow,both,17,14514,684
1,pg,S,narrow,both,18,14940,684
1,pg,S,narrow,both,19,18888,684
1,pg,S,narrow,both,20,18677,684
1,pg,S,narrow,both,21,19169,684
1,pg,S,narrow,both,22,20767,684
1,pg,S,narrow,both,23,19030,684
1,pg,S,narrow,both,24,18128,684
1,pg,S,narrow,both,25,16568,684
1,pg,S,narrow,both,26,19793,684
1,pg,S,narrow,both,27,15244,684
1,pg,S,narrow,both,28,20658,684
1,pg,S,narrow,both,29,15993,684
1,pg,S,narrow,both,30,19933,684
1,pg,S,narrow,both,31,17544,684
1,pg,S,narrow,both,32,14579,684
1,pg,S,narrow,both,33,21570,684
1,pg,S,narrow,both,34,17057,684
1,pg,S,narrow,both,35,17583,684
1,pg,S,narrow,both,36,16238,684
1,pg,S,narrow,both,37,14108,684
1,pg,S,narrow,both,38,14211,684
1,pg,S,narrow,both,39,13740,684
1,pg,S,narrow,both,40,13977,684
1,pg,S,narrow,both,41,16470,684
1,pg,S,narrow,both,42,13934,684
1,pg,S,narrow,both,43,14274,684
1,pg,S,narrow,both,44,16859,684
1,pg,S,narrow,both,45,14239,684
1,pg,S,narrow,both,46,14418,684
1,pg,S,narrow,both,47,14387,684
1,pg,S,narrow,both,48,14086,684
1,pg,S,narrow,both,49,16567,684
1,pg,S,narrow,both,50,14887,684
1,pg,S,narrow,both,51,17341,684
1,pg,S,narrow,both,52,14651,684
1,pg,S,narrow,both,53,14808,684
1,pg,S,narrow,both,54,14646,684
1,pg,S,narrow,both,55,13894,684
1,pg,S,narrow,both,56,13970,684
1,pg,S,narrow,both,57,14254,684
1,pg,S,narrow,both,58,13679,684
1,pg,S,narrow,both,59,13807,684
1,pg,S,narrow,both,60,15857,684
1,pg,S,narrow,both,61,13000,684
1,pg,S,narrow,both,62,14133,684
1,pg,S,narrow,both,63,13324,684
1,pg,S,narrow,both,64,14406,684
1,pg,S,narrow,both,65,14046,684
1,pg,S,narrow,both,66,13476,684
1,pg,S,narrow,both,67,13726,684
1,pg,S,narrow,both,68,14116,684
1,pg,S,narrow,both,69,13959,684
1,pg,S,narrow,both,70,13880,684
1,pg,S,narrow,both,71,14381,684
1,pg,S,narrow,both,72,13309,684
1,pg,S,narrow,both,73,13750,684
1,pg,S,narrow,both,74,13633,684
1,pg,S,narrow,both,75,13719,684
1,pg,S,narrow,both,76,14007,684
1,pg,S,narrow,both,77,13591,684
1,pg,S,narrow,both,78,13383,684
1,pg,S,narrow,both,79,14439,684
1,pg,S,narrow,both,80,14270,684
1,pg,S,narrow,both,81,14170,684
1,pg,S,narrow,both,82,14139,684
1,pg,S,narrow,both,83,13755,684
1,pg,S,narrow,both,84,13700,684
1,pg,S,narrow,both,85,13830,684
1,pg,S,narrow,both,86,14735,684
1,pg,S,narrow,both,87,13262,684
1,pg,S,narrow,both,88,14494,684
1,pg,S,narrow,both,89,16542,684
1,pg,S,narrow,both,90,14607,684
1,pg,S,narrow,both,91,15796,684
1,pg,S,narrow,both,92,13586,684
1,pg,S,narrow,both,93,13548,684
1,pg,S,narrow,both,94,15585,684
1,pg,S,narrow,both,95,16638,684
1,pg,S,narrow,both,96,14305,684
1,pg,S,narrow,both,97,14164,684
1,pg,S,narrow,both,98,14549,684
1,pg,S,narrow,both,99,13704,684
1,pg,S,narrow,both,100,13477,684
1,pg,S,narrow,both,101,13543,684
1,pg,S,narrow,both,102,13633,684
1,pg,S,narrow,both,103,14390,684
1,pg,S,narrow,both,104,13467,684
1,pg,S,narrow,both,105,13544,684
1,pg,S,narrow,both,106,13325,684
1,pg,S,narrow,both,107,14339,684
1,pg,S,narrow,both,108,13836,684
1,pg,S,narrow,both,109,13773,684
1,pg,S,narrow,both,110,13891,684
1,pg,S,narrow,both,111,16074,684
1,pg,S,narrow,both,112,13522,684
1,pg,S,narrow,both,113,16379,684
1,pg,S,narrow,both,114,13867,684
1,pg,S,narrow,both,115,18829,684
1,pg,S,narrow,both,116,16405,684
1,pg,S,narrow,both,117,14906,684
1,pg,S,narrow,both,118,14460,684
1,pg,S,narrow,both,119,14571,684
1,pg,S,narrow,both,120,13688,684
1,pg,S,narrow,both,121,13768,684
1,pg,S,narrow,both,122,13800,684
1,pg,S,narrow,both,123,13965,684
1,pg,S,narrow,both,124,14827,684
1,pg,S,narrow,both,125,14049,684
1,pg,S,narrow,both,126,13927,684
1,pg,S,narrow,both,127,13697,684
1,pg,S,narrow,both,128,13998,684
1,pg,S,narrow,both,129,13365,684
1,pg,S,narrow,both,130,13548,684
1,pg,S,narrow,both,131,14346,684
1,pg,S,narrow,both,132,15594,684
1,pg,S,narrow,both,133,19318,684
1,pg,S,narrow,both,134,17603,684
1,pg,S,narrow,both,135,16262,684
1,pg,S,narrow,both,136,15213,684
1,pg,S,narrow,both,137,15329,684
1,pg,S,narrow,both,138,17865,684
1,pg,S,narrow,both,139,20203,684
1,pg,S,narrow,both,140,21874,684
1,pg,S,narrow,both,141,22016,684
1,pg,S,narrow,both,142,21072,684
1,pg,S,narrow,both,143,25934,684
1,pg,S,narrow,both,144,19158,684
1,pg,S,narrow,both,145,19033,684
1,pg,S,narrow,both,146,18130,684
1,pg,S,narrow,both,147,18939,684
1,pg,S,narrow,both,148,19908,684
1,pg,S,narrow,both,149,19055,684
1,pg,S,narrow,both,150,18195,684
1,pg,S,narrow,both,151,21391,684
1,pg,S,narrow,both,152,19054,684
1,pg,S,narrow,both,153,15773,684
1,pg,S,narrow,both,154,15907,684
1,pg,S,narrow,both,155,17187,684
1,pg,S,narrow,both,156,15925,684
1,pg,S,narrow,both,157,17857,684
1,pg,S,narrow,both,158,14983,684
1,pg,S,narrow,both,159,14834,684
1,pg,S,narrow,both,160,15696,684
1,pg,S,narrow,both,161,15135,684
1,pg,S,narrow,both,162,14881,684
1,pg,S,narrow,both,163,15372,684
1,pg,S,narrow,both,164,14020,684
1,pg,S,narrow,both,165,13726,684
1,pg,S,narrow,both,166,17078,684
1,pg,S,narrow,both,167,17522,684
1,pg,S,narrow,both,168,16222,684
1,pg,S,narrow,both,169,15197,684
1,pg,S,narrow,both,170,21981,684
1,pg,S,narrow,both,171,13843,684
1,pg,S,narrow,both,172,14683,684
1,pg,S,narrow,both,173,16519,684
1,pg,S,narrow,both,174,18121,684
1,pg,S,narrow,both,175,17983,684
1,pg,S,narrow,both,176,14729,684
1,pg,S,narrow,both,177,14505,684
1,pg,S,narrow,both,178,14977,684
1,pg,S,narrow,both,179,14653,684
1,pg,S,narrow,both,180,14080,684
1,pg,S,narrow,both,181,13935,684
1,pg,S,narrow,both,182,13727,684
1,pg,S,narrow,both,183,15996,684
1,pg,S,narrow,both,184,16015,684
1,pg,S,narrow,both,185,16446,684
1,pg,S,narrow,both,186,13905,684
1,pg,S,narrow,both,187,13751,684
1,pg,S,narrow,both,188,13845,684
1,pg,S,narrow,both,189,13793,684
1,pg,S,narrow,both,190,13816,684
1,pg,S,narrow,both,191,14071,684
1,pg,S,narrow,both,192,14001,684
1,pg,S,narrow,both,193,14055,684
1,pg,S,narrow,both,194,14067,684
1,pg,S,narrow,both,195,13364,684
1,pg,S,narrow,both,196,13657,684
1,pg,S,narrow,both,197,14442,684
1,pg,S,narrow,both,198,16107,684
1,pg,S,narrow,both,199,13636,684
1,mongo,S,single,,0,2787,1
1,mongo,S,single,,1,1370,1
1,mongo,S,single,,2,1621,1
1,mongo,S,single,,3,1046,1
1,mongo,S,single,,4,850,1
1,mongo,S,single,,5,873,1
1,mongo,S,single,,6,716,1
1,mongo,S,single,,7,1384,1
1,mongo,S,single,,8,1184,1
1,mongo,S,single,,9,822,1
1,mongo,S,single,,10,752,1
1,mongo,S,single,,11,721,1
1,mongo,S,single,,12,748,1
1,mongo,S,single,,13,848,1
1,mongo,S,single,,14,1038,1
1,mongo,S,single,,15,1426,1
1,mongo,S,single,,16,1056,1
1,mongo,S,single,,17,954,1
1,mongo,S,single,,18,934,1
1,mongo,S,single,,19,705,1
1,mongo,S,single,,20,746,1
1,mongo,S,single,,21,771,1
1,mongo,S,single,,22,1486,1
1,mongo,S,single,,23,1025,1
1,mongo,S,single,,24,737,1
1,mongo,S,single,,25,801,1
1,mongo,S,single,,26,704,1
1,mongo,S,single,,27,777,1
1,mongo,S,single,,28,756,1
1,mongo,S,single,,29,839,1
1,mongo,S,single,,30,1555,1
1,mongo,S,single,,31,1064,1
1,mongo,S,single,,32,939,1
1,mongo,S,single,,33,964,1
1,mongo,S,single,,34,889,1
1,mongo,S,single,,35,989,1
1,mongo,S,single,,36,1574,1
1,mongo,S,single,,37,1605,1
1,mongo,S,single,,38,915,1
1,mongo,S,single,,39,728,1
1,mongo,S,single,,40,732,1
1,mongo,S,single,,41,822,1
1,mongo,S,single,,42,781,1
1,mongo,S,single,,43,1428,1
1,mongo,S,single,,44,923,1
1,mongo,S,single,,45,777,1
1,mongo,S,single,,46,704,1
1,mongo,S,single,,47,672,1
1,mongo,S,single,,48,837,1
1,mongo,S,single,,49,1130,1
1,mongo,S,single,,50,2084,1
1,mongo,S,single,,51,1154,1
1,mongo,S,single,,52,841,1
1,mongo,S,single,,53,802,1
1,mongo,S,single,,54,1056,1
1,mongo,S,single,,55,1220,1
1,mongo,S,single,,56,1807,1
1,mongo,S,single,,57,1070,1
1,mongo,S,single,,58,778,1
1,mongo,S,single,,59,808,1
1,mongo,S,single,,60,827,1
1,mongo,S,single,,61,806,1
1,mongo,S,single,,62,1557,1
1,mongo,S,single,,63,1115,1
1,mongo,S,single,,64,871,1
1,mongo,S,single,,65,825,1
1,mongo,S,single,,66,887,1
1,mongo,S,single,,67,840,1
1,mongo,S,single,,68,762,1
1,mongo,S,single,,69,805,1
1,mongo,S,single,,70,1874,1
1,mongo,S,single,,71,998,1
1,mongo,S,single,,72,815,1
1,mongo,S,single,,73,775,1
1,mongo,S,single,,74,894,1
1,mongo,S,single,,75,890,1
1,mongo,S,single,,76,1814,1
1,mongo,S,single,,77,838,1
1,mongo,S,single,,78,782,1
1,mongo,S,single,,79,889,1
1,mongo,S,single,,80,878,1
1,mongo,S,single,,81,949,1
1,mongo,S,single,,82,683,1
1,mongo,S,single,,83,683,1
1,mongo,S,single,,84,1661,1
1,mongo,S,single,,85,993,1
1,mongo,S,single,,86,818,1
1,mongo,S,single,,87,713,1
1,mongo,S,single,,88,726,1
1,mongo,S,single,,89,802,1
1,mongo,S,single,,90,717,1
1,mongo,S,single,,91,1410,1
1,mongo,S,single,,92,819,1
1,mongo,S,single,,93,810,1
1,mongo,S,single,,94,798,1
1,mongo,S,single,,95,731,1
1,mongo,S,single,,96,754,1
1,mongo,S,single,,97,774,1
1,mongo,S,single,,98,1020,1
1,mongo,S,single,,99,1693,1
1,mongo,S,single,,100,690,1
1,mongo,S,single,,101,751,1
1,mongo,S,single,,102,754,1
1,mongo,S,single,,103,634,1
1,mongo,S,single,,104,641,1
1,mongo,S,single,,105,635,1
1,mongo,S,single,,106,687,1
1,mongo,S,single,,107,1564,1
1,mongo,S,single,,108,940,1
1,mongo,S,single,,109,784,1
1,mongo,S,single,,110,768,1
1,mongo,S,single,,111,682,1
1,mongo,S,single,,112,830,1
1,mongo,S,single,,113,857,1
1,mongo,S,single,,114,842,1
1,mongo,S,single,,115,1202,1
1,mongo,S,single,,116,888,1
1,mongo,S,single,,117,631,1
1,mongo,S,single,,118,671,1
1,mongo,S,single,,119,766,1
1,mongo,S,single,,120,673,1
1,mongo,S,single,,121,645,1
1,mongo,S,single,,122,751,1
1,mongo,S,single,,123,854,1
1,mongo,S,single,,124,1782,1
1,mongo,S,single,,125,831,1
1,mongo,S,single,,126,888,1
1,mongo,S,single,,127,902,1
1,mongo,S,single,,128,856,1
1,mongo,S,single,,129,1671,1
1,mongo,S,single,,130,1347,1
1,mongo,S,single,,131,786,1
1,mongo,S,single,,132,838,1
1,mongo,S,single,,133,800,1
1,mongo,S,single,,134,599,1
1,mongo,S,single,,135,762,1
1,mongo,S,single,,136,727,1
1,mongo,S,single,,137,770,1
1,mongo,S,single,,138,676,1
1,mongo,S,single,,139,1390,1
1,mongo,S,single,,140,882,1
1,mongo,S,single,,141,756,1
1,mongo,S,single,,142,749,1
1,mongo,S,single,,143,647,1
1,mongo,S,single,,144,816,1
1,mongo,S,single,,145,555,1
1,mongo,S,single,,146,688,1
1,mongo,S,single,,147,1065,1
1,mongo,S,single,,148,915,1
1,mongo,S,single,,149,792,1
1,mongo,S,single,,150,680,1
1,mongo,S,single,,151,595,1
1,mongo,S,single,,152,654,1
1,mongo,S,single,,153,703,1
1,mongo,S,single,,154,914,1
1,mongo,S,single,,155,1129,1
1,mongo,S,single,,156,953,1
1,mongo,S,single,,157,803,1
1,mongo,S,single,,158,853,1
1,mongo,S,single,,159,808,1
1,mongo,S,single,,160,782,1
1,mongo,S,single,,161,614,1
1,mongo,S,single,,162,801,1
1,mongo,S,single,,163,1501,1
1,mongo,S,single,,164,1088,1
1,mongo,S,single,,165,719,1
1,mongo,S,single,,166,773,1
1,mongo,S,single,,167,728,1
1,mongo,S,single,,168,755,1
1,mongo,S,single,,169,790,1
1,mongo,S,single,,170,706,1
1,mongo,S,single,,171,1336,1
1,mongo,S,single,,172,805,1
1,mongo,S,single,,173,739,1
1,mongo,S,single,,174,800,1
1,mongo,S,single,,175,721,1
1,mongo,S,single,,176,724,1
1,mongo,S,single,,177,685,1
1,mongo,S,single,,178,596,1
1,mongo,S,single,,179,833,1
1,mongo,S,single,,180,1469,1
1,mongo,S,single,,181,987,1
1,mongo,S,single,,182,816,1
1,mongo,S,single,,183,816,1
1,mongo,S,single,,184,749,1
1,mongo,S,single,,185,810,1
1,mongo,S,single,,186,756,1
1,mongo,S,single,,187,628,1
1,mongo,S,single,,188,1290,1
1,mongo,S,single,,189,1027,1
1,mongo,S,single,,190,673,1
1,mongo,S,single,,191,841,1
1,mongo,S,single,,192,705,1
1,mongo,S,single,,193,752,1
1,mongo,S,single,,194,707,1
1,mongo,S,single,,195,921,1
1,mongo,S,single,,196,1365,1
1,mongo,S,single,,197,1058,1
1,mongo,S,single,,198,745,1
1,mongo,S,single,,199,759,1
1,pg,U,narrow,both,0,15590,684
1,pg,U,narrow,both,1,14317,684
1,pg,U,narrow,both,2,13891,684
1,pg,U,narrow,both,3,13792,684
1,pg,U,narrow,both,4,16154,684
1,pg,U,narrow,both,5,15447,684
1,pg,U,narrow,both,6,15855,684
1,pg,U,narrow,both,7,16010,684
1,pg,U,narrow,both,8,16369,684
1,pg,U,narrow,both,9,15241,684
1,pg,U,narrow,both,10,13854,684
1,pg,U,narrow,both,11,13618,684
1,pg,U,narrow,both,12,13749,684
1,pg,U,narrow,both,13,13469,684
1,pg,U,narrow,both,14,13791,684
1,pg,U,narrow,both,15,13529,684
1,pg,U,narrow,both,16,16024,684
1,pg,U,narrow,both,17,15633,684
1,pg,U,narrow,both,18,13172,684
1,pg,U,narrow,both,19,13343,684
1,pg,U,narrow,both,20,13171,684
1,pg,U,narrow,both,21,13730,684
1,pg,U,narrow,both,22,16449,684
1,pg,U,narrow,both,23,14694,684
1,pg,U,narrow,both,24,13967,684
1,pg,U,narrow,both,25,13637,684
1,pg,U,narrow,both,26,13865,684
1,pg,U,narrow,both,27,13653,684
1,pg,U,narrow,both,28,13198,684
1,pg,U,narrow,both,29,13630,684
1,pg,U,narrow,both,30,13070,684
1,pg,U,narrow,both,31,13452,684
1,pg,U,narrow,both,32,14049,684
1,pg,U,narrow,both,33,14041,684
1,pg,U,narrow,both,34,14128,684
1,pg,U,narrow,both,35,15905,684
1,pg,U,narrow,both,36,14545,684
1,pg,U,narrow,both,37,13531,684
1,pg,U,narrow,both,38,14208,684
1,pg,U,narrow,both,39,14732,684
1,pg,U,narrow,both,40,13429,684
1,pg,U,narrow,both,41,16563,684
1,pg,U,narrow,both,42,13939,684
1,pg,U,narrow,both,43,16655,684
1,pg,U,narrow,both,44,15739,684
1,pg,U,narrow,both,45,13683,684
1,pg,U,narrow,both,46,13782,684
1,pg,U,narrow,both,47,13785,684
1,pg,U,narrow,both,48,16833,684
1,pg,U,narrow,both,49,13633,684
1,pg,U,narrow,both,50,13546,684
1,pg,U,narrow,both,51,16355,684
1,pg,U,narrow,both,52,16047,684
1,pg,U,narrow,both,53,18693,684
1,pg,U,narrow,both,54,19900,684
1,pg,U,narrow,both,55,16378,684
1,pg,U,narrow,both,56,14687,684
1,pg,U,narrow,both,57,13894,684
1,pg,U,narrow,both,58,13915,684
1,pg,U,narrow,both,59,14162,684
1,pg,U,narrow,both,60,14110,684
1,pg,U,narrow,both,61,13249,684
1,pg,U,narrow,both,62,16494,684
1,pg,U,narrow,both,63,16829,684
1,pg,U,narrow,both,64,13673,684
1,pg,U,narrow,both,65,14327,684
1,pg,U,narrow,both,66,13275,684
1,pg,U,narrow,both,67,15986,684
1,pg,U,narrow,both,68,13735,684
1,pg,U,narrow,both,69,14103,684
1,pg,U,narrow,both,70,14266,684
1,pg,U,narrow,both,71,14013,684
1,pg,U,narrow,both,72,14875,684
1,pg,U,narrow,both,73,14095,684
1,pg,U,narrow,both,74,13203,684
1,pg,U,narrow,both,75,13700,684
1,pg,U,narrow,both,76,15667,684
1,pg,U,narrow,both,77,16862,684
1,pg,U,narrow,both,78,17843,684
1,pg,U,narrow,both,79,17954,684
1,pg,U,narrow,both,80,15563,684
1,pg,U,narrow,both,81,17470,684
1,pg,U,narrow,both,82,14394,684
1,pg,U,narrow,both,83,17056,684
1,pg,U,narrow,both,84,14184,684
1,pg,U,narrow,both,85,13921,684
1,pg,U,narrow,both,86,16200,684
1,pg,U,narrow,both,87,14027,684
1,pg,U,narrow,both,88,14266,684
1,pg,U,narrow,both,89,13363,684
1,pg,U,narrow,both,90,16765,684
1,pg,U,narrow,both,91,14011,684
1,pg,U,narrow,both,92,14282,684
1,pg,U,narrow,both,93,14000,684
1,pg,U,narrow,both,94,15112,684
1,pg,U,narrow,both,95,15756,684
1,pg,U,narrow,both,96,15873,684
1,pg,U,narrow,both,97,14851,684
1,pg,U,narrow,both,98,13808,684
1,pg,U,narrow,both,99,14739,684
1,pg,U,narrow,both,100,12956,684
1,pg,U,narrow,both,101,14029,684
1,pg,U,narrow,both,102,13900,684
1,pg,U,narrow,both,103,16936,684
1,pg,U,narrow,both,104,14611,684
1,pg,U,narrow,both,105,14430,684
1,pg,U,narrow,both,106,13727,684
1,pg,U,narrow,both,107,13511,684
1,pg,U,narrow,both,108,16308,684
1,pg,U,narrow,both,109,15730,684
1,pg,U,narrow,both,110,15552,684
1,pg,U,narrow,both,111,14334,684
1,pg,U,narrow,both,112,14165,684
1,pg,U,narrow,both,113,14164,684
1,pg,U,narrow,both,114,13882,684
1,pg,U,narrow,both,115,16116,684
1,pg,U,narrow,both,116,15865,684
1,pg,U,narrow,both,117,13538,684
1,pg,U,narrow,both,118,13923,684
1,pg,U,narrow,both,119,14016,684
1,pg,U,narrow,both,120,14566,684
1,pg,U,narrow,both,121,14492,684
1,pg,U,narrow,both,122,14799,684
1,pg,U,narrow,both,123,13982,684
1,pg,U,narrow,both,124,19077,684
1,pg,U,narrow,both,125,19201,684
1,pg,U,narrow,both,126,14544,684
1,pg,U,narrow,both,127,15212,684
1,pg,U,narrow,both,128,14062,684
1,pg,U,narrow,both,129,14257,684
1,pg,U,narrow,both,130,14145,684
1,pg,U,narrow,both,131,13591,684
1,pg,U,narrow,both,132,13492,684
1,pg,U,narrow,both,133,14046,684
1,pg,U,narrow,both,134,13877,684
1,pg,U,narrow,both,135,13537,684
1,pg,U,narrow,both,136,13863,684
1,pg,U,narrow,both,137,14280,684
1,pg,U,narrow,both,138,13905,684
1,pg,U,narrow,both,139,13680,684
1,pg,U,narrow,both,140,15337,684
1,pg,U,narrow,both,141,14873,684
1,pg,U,narrow,both,142,13680,684
1,pg,U,narrow,both,143,13477,684
1,pg,U,narrow,both,144,13276,684
1,pg,U,narrow,both,145,13424,684
1,pg,U,narrow,both,146,13489,684
1,pg,U,narrow,both,147,13622,684
1,pg,U,narrow,both,148,13726,684
1,pg,U,narrow,both,149,13573,684
1,pg,U,narrow,both,150,16240,684
1,pg,U,narrow,both,151,24956,684
1,pg,U,narrow,both,152,21644,684
1,pg,U,narrow,both,153,15329,684
1,pg,U,narrow,both,154,15803,684
1,pg,U,narrow,both,155,16353,684
1,pg,U,narrow,both,156,15901,684
1,pg,U,narrow,both,157,15235,684
1,pg,U,narrow,both,158,14872,684
1,pg,U,narrow,both,159,13830,684
1,pg,U,narrow,both,160,14307,684
1,pg,U,narrow,both,161,15442,684
1,pg,U,narrow,both,162,15265,684
1,pg,U,narrow,both,163,14507,684
1,pg,U,narrow,both,164,15474,684
1,pg,U,narrow,both,165,14783,684
1,pg,U,narrow,both,166,14734,684
1,pg,U,narrow,both,167,14856,684
1,pg,U,narrow,both,168,15963,684
1,pg,U,narrow,both,169,14406,684
1,pg,U,narrow,both,170,14338,684
1,pg,U,narrow,both,171,15309,684
1,pg,U,narrow,both,172,15953,684
1,pg,U,narrow,both,173,15748,684
1,pg,U,narrow,both,174,15206,684
1,pg,U,narrow,both,175,15328,684
1,pg,U,narrow,both,176,20982,684
1,pg,U,narrow,both,177,16041,684
1,pg,U,narrow,both,178,16835,684
1,pg,U,narrow,both,179,18308,684
1,pg,U,narrow,both,180,16788,684
1,pg,U,narrow,both,181,13939,684
1,pg,U,narrow,both,182,16845,684
1,pg,U,narrow,both,183,14932,684
1,pg,U,narrow,both,184,14905,684
1,pg,U,narrow,both,185,14730,684
1,pg,U,narrow,both,186,13892,684
1,pg,U,narrow,both,187,13964,684
1,pg,U,narrow,both,188,16561,684
1,pg,U,narrow,both,189,14103,684
1,pg,U,narrow,both,190,13466,684
1,pg,U,narrow,both,191,13489,684
1,pg,U,narrow,both,192,13768,684
1,pg,U,narrow,both,193,13999,684
1,pg,U,narrow,both,194,13387,684
1,pg,U,narrow,both,195,13261,684
1,pg,U,narrow,both,196,16184,684
1,pg,U,narrow,both,197,13759,684
1,pg,U,narrow,both,198,13319,684
1,pg,U,narrow,both,199,13215,684
1,pg,U,single,,0,1963,1
1,pg,U,single,,1,982,1
1,pg,U,single,,2,860,1
1,pg,U,single,,3,951,1
1,pg,U,single,,4,902,1
1,pg,U,single,,5,795,1
1,pg,U,single,,6,684,1
1,pg,U,single,,7,683,1
1,pg,U,single,,8,830,1
1,pg,U,single,,9,1152,1
1,pg,U,single,,10,1130,1
1,pg,U,single,,11,976,1
1,pg,U,single,,12,868,1
1,pg,U,single,,13,808,1
1,pg,U,single,,14,757,1
1,pg,U,single,,15,756,1
1,pg,U,single,,16,747,1
1,pg,U,single,,17,742,1
1,pg,U,single,,18,865,1
1,pg,U,single,,19,1260,1
1,pg,U,single,,20,864,1
1,pg,U,single,,21,758,1
1,pg,U,single,,22,681,1
1,pg,U,single,,23,849,1
1,pg,U,single,,24,886,1
1,pg,U,single,,25,1563,1
1,pg,U,single,,26,1056,1
1,pg,U,single,,27,941,1
1,pg,U,single,,28,697,1
1,pg,U,single,,29,700,1
1,pg,U,single,,30,790,1
1,pg,U,single,,31,911,1
1,pg,U,single,,32,958,1
1,pg,U,single,,33,863,1
1,pg,U,single,,34,875,1
1,pg,U,single,,35,714,1
1,pg,U,single,,36,800,1
1,pg,U,single,,37,752,1
1,pg,U,single,,38,723,1
1,pg,U,single,,39,746,1
1,pg,U,single,,40,705,1
1,pg,U,single,,41,1256,1
1,pg,U,single,,42,802,1
1,pg,U,single,,43,806,1
1,pg,U,single,,44,718,1
1,pg,U,single,,45,762,1
1,pg,U,single,,46,755,1
1,pg,U,single,,47,774,1
1,pg,U,single,,48,892,1
1,pg,U,single,,49,919,1
1,pg,U,single,,50,827,1
1,pg,U,single,,51,750,1
1,pg,U,single,,52,794,1
1,pg,U,single,,53,728,1
1,pg,U,single,,54,902,1
1,pg,U,single,,55,767,1
1,pg,U,single,,56,725,1
1,pg,U,single,,57,860,1
1,pg,U,single,,58,818,1
1,pg,U,single,,59,977,1
1,pg,U,single,,60,767,1
1,pg,U,single,,61,710,1
1,pg,U,single,,62,893,1
1,pg,U,single,,63,778,1
1,pg,U,single,,64,775,1
1,pg,U,single,,65,1323,1
1,pg,U,single,,66,1194,1
1,pg,U,single,,67,722,1
1,pg,U,single,,68,886,1
1,pg,U,single,,69,846,1
1,pg,U,single,,70,741,1
1,pg,U,single,,71,748,1
1,pg,U,single,,72,867,1
1,pg,U,single,,73,4023,1
1,pg,U,single,,74,2365,1
1,pg,U,single,,75,2702,1
1,pg,U,single,,76,1247,1
1,pg,U,single,,77,852,1
1,pg,U,single,,78,864,1
1,pg,U,single,,79,842,1
1,pg,U,single,,80,818,1
1,pg,U,single,,81,1126,1
1,pg,U,single,,82,915,1
1,pg,U,single,,83,970,1
1,pg,U,single,,84,785,1
1,pg,U,single,,85,898,1
1,pg,U,single,,86,1038,1
1,pg,U,single,,87,888,1
1,pg,U,single,,88,1267,1
1,pg,U,single,,89,1807,1
1,pg,U,single,,90,1112,1
1,pg,U,single,,91,1610,1
1,pg,U,single,,92,1351,1
1,pg,U,single,,93,1048,1
1,pg,U,single,,94,1534,1
1,pg,U,single,,95,1318,1
1,pg,U,single,,96,882,1
1,pg,U,single,,97,899,1
1,pg,U,single,,98,813,1
1,pg,U,single,,99,1942,1
1,pg,U,single,,100,1039,1
1,pg,U,single,,101,877,1
1,pg,U,single,,102,867,1
1,pg,U,single,,103,1093,1
1,pg,U,single,,104,847,1
1,pg,U,single,,105,716,1
1,pg,U,single,,106,916,1
1,pg,U,single,,107,940,1
1,pg,U,single,,108,1108,1
1,pg,U,single,,109,847,1
1,pg,U,single,,110,827,1
1,pg,U,single,,111,875,1
1,pg,U,single,,112,1014,1
1,pg,U,single,,113,870,1
1,pg,U,single,,114,895,1
1,pg,U,single,,115,918,1
1,pg,U,single,,116,821,1
1,pg,U,single,,117,989,1
1,pg,U,single,,118,929,1
1,pg,U,single,,119,793,1
1,pg,U,single,,120,718,1
1,pg,U,single,,121,939,1
1,pg,U,single,,122,908,1
1,pg,U,single,,123,988,1
1,pg,U,single,,124,811,1
1,pg,U,single,,125,919,1
1,pg,U,single,,126,933,1
1,pg,U,single,,127,840,1
1,pg,U,single,,128,757,1
1,pg,U,single,,129,694,1
1,pg,U,single,,130,873,1
1,pg,U,single,,131,984,1
1,pg,U,single,,132,861,1
1,pg,U,single,,133,949,1
1,pg,U,single,,134,927,1
1,pg,U,single,,135,755,1
1,pg,U,single,,136,804,1
1,pg,U,single,,137,1091,1
1,pg,U,single,,138,1098,1
1,pg,U,single,,139,735,1
1,pg,U,single,,140,906,1
1,pg,U,single,,141,1019,1
1,pg,U,single,,142,864,1
1,pg,U,single,,143,884,1
1,pg,U,single,,144,958,1
1,pg,U,single,,145,750,1
1,pg,U,single,,146,966,1
1,pg,U,single,,147,842,1
1,pg,U,single,,148,1247,1
1,pg,U,single,,149,1066,1
1,pg,U,single,,150,763,1
1,pg,U,single,,151,1369,1
1,pg,U,single,,152,948,1
1,pg,U,single,,153,707,1
1,pg,U,single,,154,790,1
1,pg,U,single,,155,879,1
1,pg,U,single,,156,844,1
1,pg,U,single,,157,844,1
1,pg,U,single,,158,779,1
1,pg,U,single,,159,1059,1
1,pg,U,single,,160,867,1
1,pg,U,single,,161,903,1
1,pg,U,single,,162,781,1
1,pg,U,single,,163,803,1
1,pg,U,single,,164,792,1
1,pg,U,single,,165,756,1
1,pg,U,single,,166,902,1
1,pg,U,single,,167,1532,1
1,pg,U,single,,168,885,1
1,pg,U,single,,169,857,1
1,pg,U,single,,170,988,1
1,pg,U,single,,171,884,1
1,pg,U,single,,172,884,1
1,pg,U,single,,173,832,1
1,pg,U,single,,174,954,1
1,pg,U,single,,175,771,1
1,pg,U,single,,176,721,1
1,pg,U,single,,177,824,1
1,pg,U,single,,178,685,1
1,pg,U,single,,179,696,1
1,pg,U,single,,180,624,1
1,pg,U,single,,181,799,1
1,pg,U,single,,182,732,1
1,pg,U,single,,183,1004,1
1,pg,U,single,,184,1268,1
1,pg,U,single,,185,871,1
1,pg,U,single,,186,695,1
1,pg,U,single,,187,752,1
1,pg,U,single,,188,665,1
1,pg,U,single,,189,811,1
1,pg,U,single,,190,787,1
1,pg,U,single,,191,886,1
1,pg,U,single,,192,766,1
1,pg,U,single,,193,755,1
1,pg,U,single,,194,703,1
1,pg,U,single,,195,733,1
1,pg,U,single,,196,681,1
1,pg,U,single,,197,856,1
1,pg,U,single,,198,1155,1
1,pg,U,single,,199,752,1
1,mongo,U,medium,bus,0,58176,6214
1,mongo,U,medium,bus,1,49179,6214
1,mongo,U,medium,bus,2,51377,6214
1,mongo,U,medium,bus,3,52035,6214
1,mongo,U,medium,bus,4,52109,6214
1,mongo,U,medium,bus,5,109318,6214
1,mongo,U,medium,bus,6,59995,6214
1,mongo,U,medium,bus,7,54607,6214
1,mongo,U,medium,bus,8,62480,6214
1,mongo,U,medium,bus,9,59631,6214
1,mongo,U,medium,bus,10,54351,6214
1,mongo,U,medium,bus,11,55316,6214
1,mongo,U,medium,bus,12,55269,6214
1,mongo,U,medium,bus,13,54142,6214
1,mongo,U,medium,bus,14,51852,6214
1,mongo,U,medium,bus,15,57259,6214
1,mongo,U,medium,bus,16,53974,6214
1,mongo,U,medium,bus,17,63626,6214
1,mongo,U,medium,bus,18,67435,6214
1,mongo,U,medium,bus,19,61574,6214
1,mongo,U,medium,bus,20,66899,6214
1,mongo,U,medium,bus,21,64762,6214
1,mongo,U,medium,bus,22,68086,6214
1,mongo,U,medium,bus,23,61334,6214
1,mongo,U,medium,bus,24,62057,6214
1,mongo,U,medium,bus,25,57809,6214
1,mongo,U,medium,bus,26,57456,6214
1,mongo,U,medium,bus,27,63564,6214
1,mongo,U,medium,bus,28,62610,6214
1,mongo,U,medium,bus,29,54726,6214
1,mongo,U,medium,bus,30,53592,6214
1,mongo,U,medium,bus,31,59135,6214
1,mongo,U,medium,bus,32,61572,6214
1,mongo,U,medium,bus,33,57051,6214
1,mongo,U,medium,bus,34,54539,6214
1,mongo,U,medium,bus,35,56062,6214
1,mongo,U,medium,bus,36,54568,6214
1,mongo,U,medium,bus,37,51660,6214
1,mongo,U,medium,bus,38,57160,6214
1,mongo,U,medium,bus,39,53407,6214
1,mongo,U,medium,bus,40,62058,6214
1,mongo,U,medium,bus,41,55931,6214
1,mongo,U,medium,bus,42,52564,6214
1,mongo,U,medium,bus,43,53378,6214
1,mongo,U,medium,bus,44,58876,6214
1,mongo,U,medium,bus,45,57895,6214
1,mongo,U,medium,bus,46,56532,6214
1,mongo,U,medium,bus,47,55226,6214
1,mongo,U,medium,bus,48,59285,6214
1,mongo,U,medium,bus,49,59243,6214
1,mongo,U,medium,bus,50,53731,6214
1,mongo,U,medium,bus,51,53091,6214
1,mongo,U,medium,bus,52,54661,6214
1,mongo,U,medium,bus,53,57242,6214
1,mongo,U,medium,bus,54,56709,6214
1,mongo,U,medium,bus,55,51965,6214
1,mongo,U,medium,bus,56,55151,6214
1,mongo,U,medium,bus,57,54021,6214
1,mongo,U,medium,bus,58,57931,6214
1,mongo,U,medium,bus,59,56659,6214
1,mongo,U,medium,bus,60,58853,6214
1,mongo,U,medium,bus,61,96012,6214
1,mongo,U,medium,bus,62,119608,6214
1,mongo,U,medium,bus,63,55049,6214
1,mongo,U,medium,bus,64,54749,6214
1,mongo,U,medium,bus,65,57729,6214
1,mongo,U,medium,bus,66,55803,6214
1,mongo,U,medium,bus,67,54219,6214
1,mongo,U,medium,bus,68,58277,6214
1,mongo,U,medium,bus,69,57923,6214
1,mongo,U,medium,bus,70,60514,6214
1,mongo,U,medium,bus,71,55146,6214
1,mongo,U,medium,bus,72,56235,6214
1,mongo,U,medium,bus,73,61301,6214
1,mongo,U,medium,bus,74,56308,6214
1,mongo,U,medium,bus,75,65074,6214
1,mongo,U,medium,bus,76,87580,6214
1,mongo,U,medium,bus,77,58208,6214
1,mongo,U,medium,bus,78,57779,6214
1,mongo,U,medium,bus,79,59406,6214
1,mongo,U,medium,bus,80,56956,6214
1,mongo,U,medium,bus,81,55251,6214
1,mongo,U,medium,bus,82,58341,6214
1,mongo,U,medium,bus,83,61058,6214
1,mongo,U,medium,bus,84,59985,6214
1,mongo,U,medium,bus,85,63317,6214
1,mongo,U,medium,bus,86,51868,6214
1,mongo,U,medium,bus,87,55837,6214
1,mongo,U,medium,bus,88,59619,6214
1,mongo,U,medium,bus,89,58521,6214
1,mongo,U,medium,bus,90,52834,6214
1,mongo,U,medium,bus,91,54021,6214
1,mongo,U,medium,bus,92,53140,6214
1,mongo,U,medium,bus,93,55945,6214
1,mongo,U,medium,bus,94,53339,6214
1,mongo,U,medium,bus,95,54645,6214
1,mongo,U,medium,bus,96,56981,6214
1,mongo,U,medium,bus,97,56175,6214
1,mongo,U,medium,bus,98,56047,6214
1,mongo,U,medium,bus,99,54702,6214
1,mongo,U,medium,bus,100,54880,6214
1,mongo,U,medium,bus,101,53280,6214
1,mongo,U,medium,bus,102,55308,6214
1,mongo,U,medium,bus,103,54997,6214
1,mongo,U,medium,bus,104,53354,6214
1,mongo,U,medium,bus,105,54014,6214
1,mongo,U,medium,bus,106,53366,6214
1,mongo,U,medium,bus,107,56613,6214
1,mongo,U,medium,bus,108,54299,6214
1,mongo,U,medium,bus,109,54601,6214
1,mongo,U,medium,bus,110,54953,6214
1,mongo,U,medium,bus,111,56543,6214
1,mongo,U,medium,bus,112,62031,6214
1,mongo,U,medium,bus,113,58386,6214
1,mongo,U,medium,bus,114,67042,6214
1,mongo,U,medium,bus,115,72486,6214
1,mongo,U,medium,bus,116,66527,6214
1,mongo,U,medium,bus,117,69194,6214
1,mongo,U,medium,bus,118,62750,6214
1,mongo,U,medium,bus,119,61246,6214
1,mongo,U,medium,bus,120,65934,6214
1,mongo,U,medium,bus,121,60590,6214
1,mongo,U,medium,bus,122,64723,6214
1,mongo,U,medium,bus,123,53926,6214
1,mongo,U,medium,bus,124,55582,6214
1,mongo,U,medium,bus,125,53267,6214
1,mongo,U,medium,bus,126,52010,6214
1,mongo,U,medium,bus,127,54595,6214
1,mongo,U,medium,bus,128,55049,6214
1,mongo,U,medium,bus,129,54477,6214
1,mongo,U,medium,bus,130,54631,6214
1,mongo,U,medium,bus,131,52333,6214
1,mongo,U,medium,bus,132,53090,6214
1,mongo,U,medium,bus,133,55275,6214
1,mongo,U,medium,bus,134,56749,6214
1,mongo,U,medium,bus,135,53492,6214
1,mongo,U,medium,bus,136,55202,6214
1,mongo,U,medium,bus,137,52676,6214
1,mongo,U,medium,bus,138,55094,6214
1,mongo,U,medium,bus,139,53839,6214
1,mongo,U,medium,bus,140,56078,6214
1,mongo,U,medium,bus,141,53777,6214
1,mongo,U,medium,bus,142,51648,6214
1,mongo,U,medium,bus,143,54575,6214
1,mongo,U,medium,bus,144,52113,6214
1,mongo,U,medium,bus,145,50561,6214
1,mongo,U,medium,bus,146,52714,6214
1,mongo,U,medium,bus,147,61750,6214
1,mongo,U,medium,bus,148,62495,6214
1,mongo,U,medium,bus,149,55232,6214
1,mongo,U,medium,bus,150,53538,6214
1,mongo,U,medium,bus,151,54711,6214
1,mongo,U,medium,bus,152,55207,6214
1,mongo,U,medium,bus,153,56464,6214
1,mongo,U,medium,bus,154,53496,6214
1,mongo,U,medium,bus,155,55329,6214
1,mongo,U,medium,bus,156,55945,6214
1,mongo,U,medium,bus,157,53358,6214
1,mongo,U,medium,bus,158,54200,6214
1,mongo,U,medium,bus,159,55791,6214
1,mongo,U,medium,bus,160,52615,6214
1,mongo,U,medium,bus,161,57027,6214
1,mongo,U,medium,bus,162,61854,6214
1,mongo,U,medium,bus,163,56334,6214
1,mongo,U,medium,bus,164,52818,6214
1,mongo,U,medium,bus,165,55745,6214
1,mongo,U,medium,bus,166,53730,6214
1,mongo,U,medium,bus,167,56370,6214
1,mongo,U,medium,bus,168,52921,6214
1,mongo,U,medium,bus,169,52834,6214
1,mongo,U,medium,bus,170,54832,6214
1,mongo,U,medium,bus,171,52363,6214
1,mongo,U,medium,bus,172,52183,6214
1,mongo,U,medium,bus,173,53435,6214
1,mongo,U,medium,bus,174,52558,6214
1,mongo,U,medium,bus,175,66914,6214
1,mongo,U,medium,bus,176,62821,6214
1,mongo,U,medium,bus,177,62524,6214
1,mongo,U,medium,bus,178,71727,6214
1,mongo,U,medium,bus,179,62953,6214
1,mongo,U,medium,bus,180,60852,6214
1,mongo,U,medium,bus,181,62745,6214
1,mongo,U,medium,bus,182,61310,6214
1,mongo,U,medium,bus,183,56505,6214
1,mongo,U,medium,bus,184,62468,6214
1,mongo,U,medium,bus,185,56370,6214
1,mongo,U,medium,bus,186,54326,6214
1,mongo,U,medium,bus,187,57537,6214
1,mongo,U,medium,bus,188,56421,6214
1,mongo,U,medium,bus,189,59145,6214
1,mongo,U,medium,bus,190,56259,6214
1,mongo,U,medium,bus,191,53480,6214
1,mongo,U,medium,bus,192,53483,6214
1,mongo,U,medium,bus,193,58328,6214
1,mongo,U,medium,bus,194,57262,6214
1,mongo,U,medium,bus,195,53839,6214
1,mongo,U,medium,bus,196,57576,6214
1,mongo,U,medium,bus,197,52997,6214
1,mongo,U,medium,bus,198,57063,6214
1,mongo,U,medium,bus,199,53161,6214
1,pg,U,medium,both,0,149787,7650
1,pg,U,medium,both,1,137301,7650
1,pg,U,medium,both,2,134450,7650
1,pg,U,medium,both,3,132499,7650
1,pg,U,medium,both,4,135185,7650
1,pg,U,medium,both,5,158707,7650
1,pg,U,medium,both,6,160260,7650
1,pg,U,medium,both,7,152674,7650
1,pg,U,medium,both,8,173491,7650
1,pg,U,medium,both,9,139231,7650
1,pg,U,medium,both,10,138957,7650
1,pg,U,medium,both,11,140467,7650
1,pg,U,medium,both,12,138829,7650
1,pg,U,medium,both,13,158014,7650
1,pg,U,medium,both,14,132449,7650
1,pg,U,medium,both,15,131886,7650
1,pg,U,medium,both,16,134479,7650
1,pg,U,medium,both,17,132710,7650
1,pg,U,medium,both,18,137244,7650
1,pg,U,medium,both,19,134643,7650
1,pg,U,medium,both,20,159866,7650
1,pg,U,medium,both,21,132478,7650
1,pg,U,medium,both,22,140425,7650
1,pg,U,medium,both,23,134226,7650
1,pg,U,medium,both,24,133672,7650
1,pg,U,medium,both,25,136811,7650
1,pg,U,medium,both,26,137450,7650
1,pg,U,medium,both,27,137513,7650
1,pg,U,medium,both,28,148387,7650
1,pg,U,medium,both,29,150345,7650
1,pg,U,medium,both,30,155960,7650
1,pg,U,medium,both,31,144235,7650
1,pg,U,medium,both,32,150488,7650
1,pg,U,medium,both,33,138882,7650
1,pg,U,medium,both,34,168615,7650
1,pg,U,medium,both,35,142191,7650
1,pg,U,medium,both,36,134225,7650
1,pg,U,medium,both,37,146689,7650
1,pg,U,medium,both,38,142675,7650
1,pg,U,medium,both,39,168925,7650
1,pg,U,medium,both,40,154361,7650
1,pg,U,medium,both,41,133052,7650
1,pg,U,medium,both,42,135322,7650
1,pg,U,medium,both,43,193290,7650
1,pg,U,medium,both,44,155463,7650
1,pg,U,medium,both,45,203182,7650
1,pg,U,medium,both,46,149254,7650
1,pg,U,medium,both,47,139328,7650
1,pg,U,medium,both,48,141994,7650
1,pg,U,medium,both,49,141472,7650
1,pg,U,medium,both,50,156218,7650
1,pg,U,medium,both,51,139551,7650
1,pg,U,medium,both,52,142755,7650
1,pg,U,medium,both,53,138666,7650
1,pg,U,medium,both,54,139721,7650
1,pg,U,medium,both,55,139006,7650
1,pg,U,medium,both,56,137476,7650
1,pg,U,medium,both,57,134851,7650
1,pg,U,medium,both,58,132859,7650
1,pg,U,medium,both,59,130998,7650
1,pg,U,medium,both,60,134403,7650
1,pg,U,medium,both,61,131860,7650
1,pg,U,medium,both,62,158092,7650
1,pg,U,medium,both,63,133911,7650
1,pg,U,medium,both,64,134112,7650
1,pg,U,medium,both,65,157491,7650
1,pg,U,medium,both,66,170029,7650
1,pg,U,medium,both,67,178310,7650
1,pg,U,medium,both,68,161576,7650
1,pg,U,medium,both,69,136344,7650
1,pg,U,medium,both,70,136002,7650
1,pg,U,medium,both,71,136304,7650
1,pg,U,medium,both,72,163338,7650
1,pg,U,medium,both,73,135972,7650
1,pg,U,medium,both,74,134617,7650
1,pg,U,medium,both,75,134942,7650
1,pg,U,medium,both,76,163066,7650
1,pg,U,medium,both,77,161293,7650
1,pg,U,medium,both,78,134166,7650
1,pg,U,medium,both,79,166334,7650
1,pg,U,medium,both,80,138646,7650
1,pg,U,medium,both,81,187215,7650
1,pg,U,medium,both,82,187034,7650
1,pg,U,medium,both,83,172460,7650
1,pg,U,medium,both,84,168670,7650
1,pg,U,medium,both,85,158898,7650
1,pg,U,medium,both,86,134119,7650
1,pg,U,medium,both,87,134273,7650
1,pg,U,medium,both,88,163048,7650
1,pg,U,medium,both,89,133383,7650
1,pg,U,medium,both,90,135728,7650
1,pg,U,medium,both,91,134226,7650
1,pg,U,medium,both,92,143283,7650
1,pg,U,medium,both,93,149911,7650
1,pg,U,medium,both,94,166948,7650
1,pg,U,medium,both,95,165314,7650
1,pg,U,medium,both,96,162701,7650
1,pg,U,medium,both,97,159891,7650
1,pg,U,medium,both,98,157478,7650
1,pg,U,medium,both,99,160969,7650
1,pg,U,medium,both,100,173340,7650
1,pg,U,medium,both,101,176486,7650
1,pg,U,medium,both,102,152001,7650
1,pg,U,medium,both,103,132555,7650
1,pg,U,medium,both,104,131764,7650
1,pg,U,medium,both,105,146938,7650
1,pg,U,medium,both,106,140691,7650
1,pg,U,medium,both,107,140748,7650
1,pg,U,medium,both,108,140428,7650
1,pg,U,medium,both,109,161151,7650
1,pg,U,medium,both,110,162343,7650
1,pg,U,medium,both,111,134880,7650
1,pg,U,medium,both,112,135872,7650
1,pg,U,medium,both,113,135310,7650
1,pg,U,medium,both,114,133674,7650
1,pg,U,medium,both,115,136734,7650
1,pg,U,medium,both,116,158141,7650
1,pg,U,medium,both,117,146441,7650
1,pg,U,medium,both,118,145717,7650
1,pg,U,medium,both,119,148732,7650
1,pg,U,medium,both,120,148388,7650
1,pg,U,medium,both,121,135456,7650
1,pg,U,medium,both,122,131831,7650
1,pg,U,medium,both,123,131823,7650
1,pg,U,medium,both,124,131833,7650
1,pg,U,medium,both,125,132099,7650
1,pg,U,medium,both,126,158928,7650
1,pg,U,medium,both,127,169851,7650
1,pg,U,medium,both,128,163780,7650
1,pg,U,medium,both,129,135004,7650
1,pg,U,medium,both,130,135174,7650
1,pg,U,medium,both,131,138304,7650
1,pg,U,medium,both,132,135165,7650
1,pg,U,medium,both,133,136004,7650
1,pg,U,medium,both,134,147364,7650
1,pg,U,medium,both,135,137581,7650
1,pg,U,medium,both,136,135878,7650
1,pg,U,medium,both,137,139320,7650
1,pg,U,medium,both,138,148660,7650
1,pg,U,medium,both,139,141510,7650
1,pg,U,medium,both,140,143213,7650
1,pg,U,medium,both,141,161981,7650
1,pg,U,medium,both,142,129914,7650
1,pg,U,medium,both,143,131112,7650
1,pg,U,medium,both,144,129810,7650
1,pg,U,medium,both,145,133436,7650
1,pg,U,medium,both,146,132638,7650
1,pg,U,medium,both,147,135156,7650
1,pg,U,medium,both,148,131391,7650
1,pg,U,medium,both,149,153806,7650
1,pg,U,medium,both,150,143079,7650
1,pg,U,medium,both,151,163928,7650
1,pg,U,medium,both,152,171237,7650
1,pg,U,medium,both,153,137185,7650
1,pg,U,medium,both,154,151848,7650
1,pg,U,medium,both,155,158550,7650
1,pg,U,medium,both,156,155319,7650
1,pg,U,medium,both,157,168384,7650
1,pg,U,medium,both,158,136808,7650
1,pg,U,medium,both,159,167073,7650
1,pg,U,medium,both,160,132212,7650
1,pg,U,medium,both,161,138586,7650
1,pg,U,medium,both,162,131603,7650
1,pg,U,medium,both,163,148830,7650
1,pg,U,medium,both,164,138540,7650
1,pg,U,medium,both,165,169041,7650
1,pg,U,medium,both,166,132448,7650
1,pg,U,medium,both,167,131573,7650
1,pg,U,medium,both,168,132890,7650
1,pg,U,medium,both,169,159397,7650
1,pg,U,medium,both,170,162523,7650
1,pg,U,medium,both,171,136319,7650
1,pg,U,medium,both,172,134228,7650
1,pg,U,medium,both,173,138331,7650
1,pg,U,medium,both,174,134486,7650
1,pg,U,medium,both,175,154544,7650
1,pg,U,medium,both,176,144927,7650
1,pg,U,medium,both,177,167405,7650
1,pg,U,medium,both,178,152183,7650
1,pg,U,medium,both,179,138338,7650
1,pg,U,medium,both,180,160073,7650
1,pg,U,medium,both,181,158525,7650
1,pg,U,medium,both,182,129105,7650
1,pg,U,medium,both,183,133200,7650
1,pg,U,medium,both,184,160478,7650
1,pg,U,medium,both,185,135013,7650
1,pg,U,medium,both,186,137883,7650
1,pg,U,medium,both,187,132810,7650
1,pg,U,medium,both,188,132875,7650
1,pg,U,medium,both,189,137792,7650
1,pg,U,medium,both,190,132449,7650
1,pg,U,medium,both,191,134293,7650
1,pg,U,medium,both,192,220922,7650
1,pg,U,medium,both,193,203377,7650
1,pg,U,medium,both,194,189447,7650
1,pg,U,medium,both,195,154444,7650
1,pg,U,medium,both,196,139467,7650
1,pg,U,medium,both,197,162068,7650
1,pg,U,medium,both,198,133081,7650
1,pg,U,medium,both,199,137648,7650
1,pg,S,single,,0,3732,1
1,pg,S,single,,1,4229,1
1,pg,S,single,,2,1173,1
1,pg,S,single,,3,1127,1
1,pg,S,single,,4,1632,1
1,pg,S,single,,5,1488,1
1,pg,S,single,,6,1367,1
1,pg,S,single,,7,840,1
1,pg,S,single,,8,691,1
1,pg,S,single,,9,717,1
1,pg,S,single,,10,795,1
1,pg,S,single,,11,1005,1
1,pg,S,single,,12,1227,1
1,pg,S,single,,13,913,1
1,pg,S,single,,14,776,1
1,pg,S,single,,15,750,1
1,pg,S,single,,16,819,1
1,pg,S,single,,17,1050,1
1,pg,S,single,,18,902,1
1,pg,S,single,,19,839,1
1,pg,S,single,,20,902,1
1,pg,S,single,,21,742,1
1,pg,S,single,,22,793,1
1,pg,S,single,,23,820,1
1,pg,S,single,,24,822,1
1,pg,S,single,,25,735,1
1,pg,S,single,,26,1039,1
1,pg,S,single,,27,812,1
1,pg,S,single,,28,847,1
1,pg,S,single,,29,774,1
1,pg,S,single,,30,798,1
1,pg,S,single,,31,982,1
1,pg,S,single,,32,738,1
1,pg,S,single,,33,754,1
1,pg,S,single,,34,772,1
1,pg,S,single,,35,795,1
1,pg,S,single,,36,823,1
1,pg,S,single,,37,701,1
1,pg,S,single,,38,787,1
1,pg,S,single,,39,837,1
1,pg,S,single,,40,698,1
1,pg,S,single,,41,774,1
1,pg,S,single,,42,703,1
1,pg,S,single,,43,756,1
1,pg,S,single,,44,719,1
1,pg,S,single,,45,860,1
1,pg,S,single,,46,2003,1
1,pg,S,single,,47,944,1
1,pg,S,single,,48,779,1
1,pg,S,single,,49,832,1
1,pg,S,single,,50,681,1
1,pg,S,single,,51,720,1
1,pg,S,single,,52,821,1
1,pg,S,single,,53,755,1
1,pg,S,single,,54,803,1
1,pg,S,single,,55,683,1
1,pg,S,single,,56,801,1
1,pg,S,single,,57,705,1
1,pg,S,single,,58,831,1
1,pg,S,single,,59,1007,1
1,pg,S,single,,60,932,1
1,pg,S,single,,61,891,1
1,pg,S,single,,62,763,1
1,pg,S,single,,63,905,1
1,pg,S,single,,64,860,1
1,pg,S,single,,65,742,1
1,pg,S,single,,66,709,1
1,pg,S,single,,67,1127,1
1,pg,S,single,,68,681,1
1,pg,S,single,,69,756,1
1,pg,S,single,,70,1310,1
1,pg,S,single,,71,804,1
1,pg,S,single,,72,731,1
1,pg,S,single,,73,746,1
1,pg,S,single,,74,794,1
1,pg,S,single,,75,806,1
1,pg,S,single,,76,820,1
1,pg,S,single,,77,797,1
1,pg,S,single,,78,877,1
1,pg,S,single,,79,829,1
1,pg,S,single,,80,778,1
1,pg,S,single,,81,609,1
1,pg,S,single,,82,802,1
1,pg,S,single,,83,739,1
1,pg,S,single,,84,678,1
1,pg,S,single,,85,749,1
1,pg,S,single,,86,870,1
1,pg,S,single,,87,1369,1
1,pg,S,single,,88,800,1
1,pg,S,single,,89,791,1
1,pg,S,single,,90,770,1
1,pg,S,single,,91,779,1
1,pg,S,single,,92,821,1
1,pg,S,single,,93,914,1
1,pg,S,single,,94,913,1
1,pg,S,single,,95,876,1
1,pg,S,single,,96,949,1
1,pg,S,single,,97,747,1
1,pg,S,single,,98,802,1
1,pg,S,single,,99,792,1
1,pg,S,single,,100,646,1
1,pg,S,single,,101,656,1
1,pg,S,single,,102,865,1
1,pg,S,single,,103,1440,1
1,pg,S,single,,104,795,1
1,pg,S,single,,105,742,1
1,pg,S,single,,106,803,1
1,pg,S,single,,107,835,1
1,pg,S,single,,108,686,1
1,pg,S,single,,109,874,1
1,pg,S,single,,110,833,1
1,pg,S,single,,111,771,1
1,pg,S,single,,112,986,1
1,pg,S,single,,113,804,1
1,pg,S,single,,114,746,1
1,pg,S,single,,115,744,1
1,pg,S,single,,116,825,1
1,pg,S,single,,117,623,1
1,pg,S,single,,118,755,1
1,pg,S,single,,119,891,1
1,pg,S,single,,120,1055,1
1,pg,S,single,,121,718,1
1,pg,S,single,,122,1017,1
1,pg,S,single,,123,696,1
1,pg,S,single,,124,722,1
1,pg,S,single,,125,730,1
1,pg,S,single,,126,721,1
1,pg,S,single,,127,753,1
1,pg,S,single,,128,770,1
1,pg,S,single,,129,766,1
1,pg,S,single,,130,660,1
1,pg,S,single,,131,609,1
1,pg,S,single,,132,680,1
1,pg,S,single,,133,730,1
1,pg,S,single,,134,713,1
1,pg,S,single,,135,717,1
1,pg,S,single,,136,676,1
1,pg,S,single,,137,852,1
1,pg,S,single,,138,1214,1
1,pg,S,single,,139,796,1
1,pg,S,single,,140,700,1
1,pg,S,single,,141,756,1
1,pg,S,single,,142,775,1
1,pg,S,single,,143,790,1
1,pg,S,single,,144,875,1
1,pg,S,single,,145,815,1
1,pg,S,single,,146,812,1
1,pg,S,single,,147,1124,1
1,pg,S,single,,148,739,1
1,pg,S,single,,149,728,1
1,pg,S,single,,150,723,1
1,pg,S,single,,151,1123,1
1,pg,S,single,,152,690,1
1,pg,S,single,,153,607,1
1,pg,S,single,,154,1398,1
1,pg,S,single,,155,838,1
1,pg,S,single,,156,811,1
1,pg,S,single,,157,767,1
1,pg,S,single,,158,834,1
1,pg,S,single,,159,818,1
1,pg,S,single,,160,1555,1
1,pg,S,single,,161,1089,1
1,pg,S,single,,162,1023,1
1,pg,S,single,,163,727,1
1,pg,S,single,,164,737,1
1,pg,S,single,,165,794,1
1,pg,S,single,,166,619,1
1,pg,S,single,,167,689,1
1,pg,S,single,,168,1226,1
1,pg,S,single,,169,944,1
1,pg,S,single,,170,753,1
1,pg,S,single,,171,630,1
1,pg,S,single,,172,711,1
1,pg,S,single,,173,835,1
1,pg,S,single,,174,881,1
1,pg,S,single,,175,741,1
1,pg,S,single,,176,777,1
1,pg,S,single,,177,772,1
1,pg,S,single,,178,838,1
1,pg,S,single,,179,748,1
1,pg,S,single,,180,674,1
1,pg,S,single,,181,709,1
1,pg,S,single,,182,618,1
1,pg,S,single,,183,900,1
1,pg,S,single,,184,813,1
1,pg,S,single,,185,715,1
1,pg,S,single,,186,678,1
1,pg,S,single,,187,1097,1
1,pg,S,single,,188,826,1
1,pg,S,single,,189,778,1
1,pg,S,single,,190,703,1
1,pg,S,single,,191,712,1
1,pg,S,single,,192,698,1
1,pg,S,single,,193,666,1
1,pg,S,single,,194,699,1
1,pg,S,single,,195,922,1
1,pg,S,single,,196,769,1
1,pg,S,single,,197,837,1
1,pg,S,single,,198,857,1
1,pg,S,single,,199,806,1
1,mongo,U,medium,bike,0,25015,1434
1,mongo,U,medium,bike,1,18509,1434
1,mongo,U,medium,bike,2,18198,1434
1,mongo,U,medium,bike,3,20729,1434
1,mongo,U,medium,bike,4,16639,1434
1,mongo,U,medium,bike,5,19288,1434
1,mongo,U,medium,bike,6,19658,1434
1,mongo,U,medium,bike,7,18028,1434
1,mongo,U,medium,bike,8,20011,1434
1,mongo,U,medium,bike,9,18941,1434
1,mongo,U,medium,bike,10,19008,1434
1,mongo,U,medium,bike,11,17347,1434
1,mongo,U,medium,bike,12,18445,1434
1,mongo,U,medium,bike,13,18597,1434
1,mongo,U,medium,bike,14,16258,1434
1,mongo,U,medium,bike,15,19601,1434
1,mongo,U,medium,bike,16,18196,1434
1,mongo,U,medium,bike,17,16929,1434
1,mongo,U,medium,bike,18,16109,1434
1,mongo,U,medium,bike,19,19046,1434
1,mongo,U,medium,bike,20,19338,1434
1,mongo,U,medium,bike,21,19176,1434
1,mongo,U,medium,bike,22,16899,1434
1,mongo,U,medium,bike,23,89580,1434
1,mongo,U,medium,bike,24,22078,1434
1,mongo,U,medium,bike,25,27565,1434
1,mongo,U,medium,bike,26,32414,1434
1,mongo,U,medium,bike,27,19027,1434
1,mongo,U,medium,bike,28,19503,1434
1,mongo,U,medium,bike,29,20182,1434
1,mongo,U,medium,bike,30,21077,1434
1,mongo,U,medium,bike,31,20439,1434
1,mongo,U,medium,bike,32,19423,1434
1,mongo,U,medium,bike,33,20352,1434
1,mongo,U,medium,bike,34,20959,1434
1,mongo,U,medium,bike,35,18406,1434
1,mongo,U,medium,bike,36,21924,1434
1,mongo,U,medium,bike,37,19801,1434
1,mongo,U,medium,bike,38,17804,1434
1,mongo,U,medium,bike,39,17080,1434
1,mongo,U,medium,bike,40,20221,1434
1,mongo,U,medium,bike,41,18943,1434
1,mongo,U,medium,bike,42,16272,1434
1,mongo,U,medium,bike,43,17589,1434
1,mongo,U,medium,bike,44,19943,1434
1,mongo,U,medium,bike,45,19888,1434
1,mongo,U,medium,bike,46,20915,1434
1,mongo,U,medium,bike,47,19711,1434
1,mongo,U,medium,bike,48,21246,1434
1,mongo,U,medium,bike,49,18276,1434
1,mongo,U,medium,bike,50,20484,1434
1,mongo,U,medium,bike,51,19827,1434
1,mongo,U,medium,bike,52,19182,1434
1,mongo,U,medium,bike,53,20172,1434
1,mongo,U,medium,bike,54,19859,1434
1,mongo,U,medium,bike,55,20510,1434
1,mongo,U,medium,bike,56,21375,1434
1,mongo,U,medium,bike,57,18312,1434
1,mongo,U,medium,bike,58,18654,1434
1,mongo,U,medium,bike,59,19516,1434
1,mongo,U,medium,bike,60,19872,1434
1,mongo,U,medium,bike,61,21030,1434
1,mongo,U,medium,bike,62,17457,1434
1,mongo,U,medium,bike,63,22991,1434
1,mongo,U,medium,bike,64,18949,1434
1,mongo,U,medium,bike,65,20665,1434
1,mongo,U,medium,bike,66,18617,1434
1,mongo,U,medium,bike,67,19494,1434
1,mongo,U,medium,bike,68,20462,1434
1,mongo,U,medium,bike,69,21108,1434
1,mongo,U,medium,bike,70,16020,1434
1,mongo,U,medium,bike,71,18868,1434
1,mongo,U,medium,bike,72,20468,1434
1,mongo,U,medium,bike,73,16479,1434
1,mongo,U,medium,bike,74,19192,1434
1,mongo,U,medium,bike,75,19112,1434
1,mongo,U,medium,bike,76,19428,1434
1,mongo,U,medium,bike,77,21345,1434
1,mongo,U,medium,bike,78,25385,1434
1,mongo,U,medium,bike,79,24640,1434
1,mongo,U,medium,bike,80,23814,1434
1,mongo,U,medium,bike,81,24799,1434
1,mongo,U,medium,bike,82,22276,1434
1,mongo,U,medium,bike,83,20661,1434
1,mongo,U,medium,bike,84,23147,1434
1,mongo,U,medium,bike,85,23469,1434
1,mongo,U,medium,bike,86,22738,1434
1,mongo,U,medium,bike,87,20310,1434
1,mongo,U,medium,bike,88,21311,1434
1,mongo,U,medium,bike,89,24863,1434
1,mongo,U,medium,bike,90,23806,1434
1,mongo,U,medium,bike,91,24919,1434
1,mongo,U,medium,bike,92,22125,1434
1,mongo,U,medium,bike,93,21504,1434
1,mongo,U,medium,bike,94,21590,1434
1,mongo,U,medium,bike,95,29447,1434
1,mongo,U,medium,bike,96,24977,1434
1,mongo,U,medium,bike,97,27190,1434
1,mongo,U,medium,bike,98,20807,1434
1,mongo,U,medium,bike,99,19952,1434
1,mongo,U,medium,bike,100,22725,1434
1,mongo,U,medium,bike,101,20343,1434
1,mongo,U,medium,bike,102,21053,1434
1,mongo,U,medium,bike,103,17626,1434
1,mongo,U,medium,bike,104,21395,1434
1,mongo,U,medium,bike,105,17372,1434
1,mongo,U,medium,bike,106,18116,1434
1,mongo,U,medium,bike,107,16556,1434
1,mongo,U,medium,bike,108,20563,1434
1,mongo,U,medium,bike,109,19466,1434
1,mongo,U,medium,bike,110,17046,1434
1,mongo,U,medium,bike,111,20296,1434
1,mongo,U,medium,bike,112,18459,1434
1,mongo,U,medium,bike,113,17552,1434
1,mongo,U,medium,bike,114,17448,1434
1,mongo,U,medium,bike,115,19680,1434
1,mongo,U,medium,bike,116,20776,1434
1,mongo,U,medium,bike,117,19333,1434
1,mongo,U,medium,bike,118,16959,1434
1,mongo,U,medium,bike,119,20576,1434
1,mongo,U,medium,bike,120,19512,1434
1,mongo,U,medium,bike,121,17683,1434
1,mongo,U,medium,bike,122,18268,1434
1,mongo,U,medium,bike,123,20572,1434
1,mongo,U,medium,bike,124,18986,1434
1,mongo,U,medium,bike,125,21635,1434
1,mongo,U,medium,bike,126,22259,1434
1,mongo,U,medium,bike,127,23356,1434
1,mongo,U,medium,bike,128,22538,1434
1,mongo,U,medium,bike,129,19583,1434
1,mongo,U,medium,bike,130,18130,1434
1,mongo,U,medium,bike,131,19658,1434
1,mongo,U,medium,bike,132,16253,1434
1,mongo,U,medium,bike,133,19398,1434
1,mongo,U,medium,bike,134,19947,1434
1,mongo,U,medium,bike,135,21373,1434
1,mongo,U,medium,bike,136,19761,1434
1,mongo,U,medium,bike,137,18539,1434
1,mongo,U,medium,bike,138,17124,1434
1,mongo,U,medium,bike,139,21033,1434
1,mongo,U,medium,bike,140,17919,1434
1,mongo,U,medium,bike,141,21528,1434
1,mongo,U,medium,bike,142,19305,1434
1,mongo,U,medium,bike,143,20347,1434
1,mongo,U,medium,bike,144,19327,1434
1,mongo,U,medium,bike,145,19103,1434
1,mongo,U,medium,bike,146,21045,1434
1,mongo,U,medium,bike,147,19713,1434
1,mongo,U,medium,bike,148,18644,1434
1,mongo,U,medium,bike,149,18640,1434
1,mongo,U,medium,bike,150,21166,1434
1,mongo,U,medium,bike,151,18406,1434
1,mongo,U,medium,bike,152,21539,1434
1,mongo,U,medium,bike,153,20842,1434
1,mongo,U,medium,bike,154,19448,1434
1,mongo,U,medium,bike,155,17056,1434
1,mongo,U,medium,bike,156,19003,1434
1,mongo,U,medium,bike,157,19073,1434
1,mongo,U,medium,bike,158,20462,1434
1,mongo,U,medium,bike,159,20980,1434
1,mongo,U,medium,bike,160,20635,1434
1,mongo,U,medium,bike,161,19329,1434
1,mongo,U,medium,bike,162,16102,1434
1,mongo,U,medium,bike,163,21138,1434
1,mongo,U,medium,bike,164,17342,1434
1,mongo,U,medium,bike,165,21091,1434
1,mongo,U,medium,bike,166,18780,1434
1,mongo,U,medium,bike,167,20511,1434
1,mongo,U,medium,bike,168,18902,1434
1,mongo,U,medium,bike,169,19024,1434
1,mongo,U,medium,bike,170,17688,1434
1,mongo,U,medium,bike,171,19675,1434
1,mongo,U,medium,bike,172,19489,1434
1,mongo,U,medium,bike,173,20597,1434
1,mongo,U,medium,bike,174,19663,1434
1,mongo,U,medium,bike,175,18613,1434
1,mongo,U,medium,bike,176,19081,1434
1,mongo,U,medium,bike,177,19071,1434
1,mongo,U,medium,bike,178,22058,1434
1,mongo,U,medium,bike,179,20703,1434
1,mongo,U,medium,bike,180,21351,1434
1,mongo,U,medium,bike,181,19614,1434
1,mongo,U,medium,bike,182,21162,1434
1,mongo,U,medium,bike,183,17711,1434
1,mongo,U,medium,bike,184,22983,1434
1,mongo,U,medium,bike,185,19641,1434
1,mongo,U,medium,bike,186,17076,1434
1,mongo,U,medium,bike,187,18355,1434
1,mongo,U,medium,bike,188,18920,1434
1,mongo,U,medium,bike,189,19733,1434
1,mongo,U,medium,bike,190,19792,1434
1,mongo,U,medium,bike,191,21105,1434
1,mongo,U,medium,bike,192,19590,1434
1,mongo,U,medium,bike,193,20733,1434
1,mongo,U,medium,bike,194,18127,1434
1,mongo,U,medium,bike,195,17642,1434
1,mongo,U,medium,bike,196,19147,1434
1,mongo,U,medium,bike,197,20158,1434
1,mongo,U,medium,bike,198,22569,1434
1,mongo,U,medium,bike,199,24425,1434
1,pg,S,wide,both,0,323015,13842
1,pg,S,wide,both,1,282924,13842
1,pg,S,wide,both,2,260278,13842
1,pg,S,wide,both,3,254620,13842
1,pg,S,wide,both,4,257027,13842
1,pg,S,wide,both,5,239369,13842
1,pg,S,wide,both,6,243338,13842
1,pg,S,wide,both,7,293786,13842
1,pg,S,wide,both,8,283820,13842
1,pg,S,wide,both,9,294608,13842
1,pg,S,wide,both,10,292366,13842
1,pg,S,wide,both,11,333258,13842
1,pg,S,wide,both,12,258841,13842
1,pg,S,wide,both,13,303981,13842
1,pg,S,wide,both,14,297804,13842
1,pg,S,wide,both,15,296568,13842
1,pg,S,wide,both,16,241340,13842
1,pg,S,wide,both,17,242717,13842
1,pg,S,wide,both,18,234417,13842
1,pg,S,wide,both,19,282824,13842
1,pg,S,wide,both,20,289828,13842
1,pg,S,wide,both,21,266193,13842
1,pg,S,wide,both,22,237130,13842
1,pg,S,wide,both,23,288413,13842
1,pg,S,wide,both,24,254928,13842
1,pg,S,wide,both,25,293344,13842
1,pg,S,wide,both,26,237876,13842
1,pg,S,wide,both,27,249258,13842
1,pg,S,wide,both,28,242900,13842
1,pg,S,wide,both,29,233014,13842
1,pg,S,wide,both,30,232257,13842
1,pg,S,wide,both,31,250481,13842
1,pg,S,wide,both,32,271617,13842
1,pg,S,wide,both,33,274164,13842
1,pg,S,wide,both,34,296995,13842
1,pg,S,wide,both,35,308551,13842
1,pg,S,wide,both,36,298654,13842
1,pg,S,wide,both,37,256353,13842
1,pg,S,wide,both,38,246148,13842
1,pg,S,wide,both,39,234057,13842
1,pg,S,wide,both,40,312685,13842
1,pg,S,wide,both,41,334180,13842
1,pg,S,wide,both,42,298797,13842
1,pg,S,wide,both,43,296464,13842
1,pg,S,wide,both,44,237662,13842
1,pg,S,wide,both,45,248154,13842
1,pg,S,wide,both,46,251010,13842
1,pg,S,wide,both,47,237552,13842
1,pg,S,wide,both,48,252395,13842
1,pg,S,wide,both,49,237080,13842
1,pg,S,wide,both,50,231680,13842
1,pg,S,wide,both,51,242777,13842
1,pg,S,wide,both,52,271116,13842
1,pg,S,wide,both,53,263412,13842
1,pg,S,wide,both,54,242692,13842
1,pg,S,wide,both,55,229858,13842
1,pg,S,wide,both,56,271138,13842
1,pg,S,wide,both,57,246122,13842
1,pg,S,wide,both,58,450952,13842
1,pg,S,wide,both,59,300199,13842
1,pg,S,wide,both,60,245746,13842
1,pg,S,wide,both,61,317575,13842
1,pg,S,wide,both,62,281288,13842
1,pg,S,wide,both,63,264799,13842
1,pg,S,wide,both,64,240803,13842
1,pg,S,wide,both,65,237414,13842
1,pg,S,wide,both,66,235309,13842
1,pg,S,wide,both,67,296979,13842
1,pg,S,wide,both,68,242081,13842
1,pg,S,wide,both,69,312733,13842
1,pg,S,wide,both,70,305783,13842
1,pg,S,wide,both,71,338336,13842
1,pg,S,wide,both,72,328795,13842
1,pg,S,wide,both,73,254916,13842
1,pg,S,wide,both,74,245895,13842
1,pg,S,wide,both,75,239813,13842
1,pg,S,wide,both,76,237572,13842
1,pg,S,wide,both,77,236375,13842
1,pg,S,wide,both,78,302231,13842
1,pg,S,wide,both,79,242421,13842
1,pg,S,wide,both,80,239631,13842
1,pg,S,wide,both,81,255820,13842
1,pg,S,wide,both,82,270088,13842
1,pg,S,wide,both,83,257202,13842
1,pg,S,wide,both,84,237590,13842
1,pg,S,wide,both,85,243458,13842
1,pg,S,wide,both,86,240158,13842
1,pg,S,wide,both,87,234885,13842
1,pg,S,wide,both,88,238574,13842
1,pg,S,wide,both,89,234601,13842
1,pg,S,wide,both,90,242211,13842
1,pg,S,wide,both,91,243511,13842
1,pg,S,wide,both,92,241155,13842
1,pg,S,wide,both,93,346806,13842
1,pg,S,wide,both,94,317768,13842
1,pg,S,wide,both,95,240843,13842
1,pg,S,wide,both,96,234660,13842
1,pg,S,wide,both,97,238621,13842
1,pg,S,wide,both,98,229677,13842
1,pg,S,wide,both,99,233469,13842
1,pg,S,wide,both,100,235884,13842
1,pg,S,wide,both,101,236148,13842
1,pg,S,wide,both,102,238210,13842
1,pg,S,wide,both,103,283034,13842
1,pg,S,wide,both,104,301877,13842
1,pg,S,wide,both,105,285480,13842
1,pg,S,wide,both,106,247819,13842
1,pg,S,wide,both,107,239610,13842
1,pg,S,wide,both,108,233327,13842
1,pg,S,wide,both,109,231426,13842
1,pg,S,wide,both,110,284917,13842
1,pg,S,wide,both,111,310600,13842
1,pg,S,wide,both,112,240289,13842
1,pg,S,wide,both,113,259072,13842
1,pg,S,wide,both,114,284556,13842
1,pg,S,wide,both,115,262272,13842
1,pg,S,wide,both,116,246942,13842
1,pg,S,wide,both,117,241588,13842
1,pg,S,wide,both,118,289009,13842
1,pg,S,wide,both,119,301695,13842
1,pg,S,wide,both,120,234657,13842
1,pg,S,wide,both,121,235444,13842
1,pg,S,wide,both,122,283066,13842
1,pg,S,wide,both,123,286672,13842
1,pg,S,wide,both,124,387466,13842
1,pg,S,wide,both,125,343356,13842
1,pg,S,wide,both,126,321706,13842
1,pg,S,wide,both,127,247526,13842
1,pg,S,wide,both,128,247376,13842
1,pg,S,wide,both,129,241182,13842
1,pg,S,wide,both,130,234414,13842
1,pg,S,wide,both,131,248467,13842
1,pg,S,wide,both,132,280011,13842
1,pg,S,wide,both,133,255617,13842
1,pg,S,wide,both,134,333424,13842
1,pg,S,wide,both,135,379933,13842
1,pg,S,wide,both,136,254465,13842
1,pg,S,wide,both,137,246480,13842
1,pg,S,wide,both,138,242764,13842
1,pg,S,wide,both,139,246520,13842
1,pg,S,wide,both,140,242794,13842
1,pg,S,wide,both,141,239693,13842
1,pg,S,wide,both,142,238481,13842
1,pg,S,wide,both,143,237014,13842
1,pg,S,wide,both,144,245184,13842
1,pg,S,wide,both,145,363694,13842
1,pg,S,wide,both,146,315079,13842
1,pg,S,wide,both,147,246720,13842
1,pg,S,wide,both,148,251348,13842
1,pg,S,wide,both,149,321789,13842
1,pg,S,wide,both,150,247906,13842
1,pg,S,wide,both,151,246429,13842
1,pg,S,wide,both,152,239264,13842
1,pg,S,wide,both,153,251309,13842
1,pg,S,wide,both,154,278310,13842
1,pg,S,wide,both,155,307580,13842
1,pg,S,wide,both,156,242127,13842
1,pg,S,wide,both,157,294241,13842
1,pg,S,wide,both,158,287913,13842
1,pg,S,wide,both,159,238283,13842
1,pg,S,wide,both,160,235808,13842
1,pg,S,wide,both,161,290587,13842
1,pg,S,wide,both,162,290464,13842
1,pg,S,wide,both,163,234171,13842
1,pg,S,wide,both,164,248957,13842
1,pg,S,wide,both,165,294757,13842
1,pg,S,wide,both,166,271817,13842
1,pg,S,wide,both,167,286973,13842
1,pg,S,wide,both,168,292479,13842
1,pg,S,wide,both,169,240773,13842
1,pg,S,wide,both,170,248409,13842
1,pg,S,wide,both,171,237761,13842
1,pg,S,wide,both,172,251298,13842
1,pg,S,wide,both,173,297362,13842
1,pg,S,wide,both,174,319089,13842
1,pg,S,wide,both,175,289565,13842
1,pg,S,wide,both,176,284353,13842
1,pg,S,wide,both,177,234596,13842
1,pg,S,wide,both,178,240035,13842
1,pg,S,wide,both,179,234877,13842
1,pg,S,wide,both,180,249288,13842
1,pg,S,wide,both,181,242020,13842
1,pg,S,wide,both,182,241403,13842
1,pg,S,wide,both,183,238975,13842
1,pg,S,wide,both,184,239761,13842
1,pg,S,wide,both,185,234469,13842
1,pg,S,wide,both,186,290124,13842
1,pg,S,wide,both,187,289459,13842
1,pg,S,wide,both,188,245873,13842
1,pg,S,wide,both,189,234371,13842
1,pg,S,wide,both,190,243457,13842
1,pg,S,wide,both,191,286503,13842
1,pg,S,wide,both,192,236642,13842
1,pg,S,wide,both,193,240302,13842
1,pg,S,wide,both,194,246514,13842
1,pg,S,wide,both,195,273494,13842
1,pg,S,wide,both,196,293506,13842
1,pg,S,wide,both,197,289631,13842
1,pg,S,wide,both,198,238921,13842
1,pg,S,wide,both,199,238762,13842
1,pg,S,narrow,bus,0,9742,518
1,pg,S,narrow,bus,1,9725,518
1,pg,S,narrow,bus,2,9014,518
1,pg,S,narrow,bus,3,9097,518
1,pg,S,narrow,bus,4,10425,518
1,pg,S,narrow,bus,5,9350,518
1,pg,S,narrow,bus,6,9165,518
1,pg,S,narrow,bus,7,9969,518
1,pg,S,narrow,bus,8,9134,518
1,pg,S,narrow,bus,9,9961,518
1,pg,S,narrow,bus,10,9440,518
1,pg,S,narrow,bus,11,8926,518
1,pg,S,narrow,bus,12,8945,518
1,pg,S,narrow,bus,13,9040,518
1,pg,S,narrow,bus,14,9035,518
1,pg,S,narrow,bus,15,9002,518
1,pg,S,narrow,bus,16,9850,518
1,pg,S,narrow,bus,17,9467,518
1,pg,S,narrow,bus,18,9584,518
1,pg,S,narrow,bus,19,9015,518
1,pg,S,narrow,bus,20,8923,518
1,pg,S,narrow,bus,21,9196,518
1,pg,S,narrow,bus,22,9022,518
1,pg,S,narrow,bus,23,9810,518
1,pg,S,narrow,bus,24,9746,518
1,pg,S,narrow,bus,25,8931,518
1,pg,S,narrow,bus,26,10163,518
1,pg,S,narrow,bus,27,11491,518
1,pg,S,narrow,bus,28,11028,518
1,pg,S,narrow,bus,29,9265,518
1,pg,S,narrow,bus,30,9991,518
1,pg,S,narrow,bus,31,10100,518
1,pg,S,narrow,bus,32,8988,518
1,pg,S,narrow,bus,33,10682,518
1,pg,S,narrow,bus,34,10805,518
1,pg,S,narrow,bus,35,10485,518
1,pg,S,narrow,bus,36,10607,518
1,pg,S,narrow,bus,37,9402,518
1,pg,S,narrow,bus,38,9237,518
1,pg,S,narrow,bus,39,9602,518
1,pg,S,narrow,bus,40,9920,518
1,pg,S,narrow,bus,41,8849,518
1,pg,S,narrow,bus,42,9186,518
1,pg,S,narrow,bus,43,9341,518
1,pg,S,narrow,bus,44,9072,518
1,pg,S,narrow,bus,45,9495,518
1,pg,S,narrow,bus,46,9990,518
1,pg,S,narrow,bus,47,10242,518
1,pg,S,narrow,bus,48,11200,518
1,pg,S,narrow,bus,49,11223,518
1,pg,S,narrow,bus,50,11074,518
1,pg,S,narrow,bus,51,10544,518
1,pg,S,narrow,bus,52,9093,518
1,pg,S,narrow,bus,53,9637,518
1,pg,S,narrow,bus,54,9627,518
1,pg,S,narrow,bus,55,9036,518
1,pg,S,narrow,bus,56,11321,518
1,pg,S,narrow,bus,57,11604,518
1,pg,S,narrow,bus,58,9427,518
1,pg,S,narrow,bus,59,9493,518
1,pg,S,narrow,bus,60,9968,518
1,pg,S,narrow,bus,61,9348,518
1,pg,S,narrow,bus,62,9894,518
1,pg,S,narrow,bus,63,8922,518
1,pg,S,narrow,bus,64,9567,518
1,pg,S,narrow,bus,65,9992,518
1,pg,S,narrow,bus,66,9210,518
1,pg,S,narrow,bus,67,9284,518
1,pg,S,narrow,bus,68,9459,518
1,pg,S,narrow,bus,69,9204,518
1,pg,S,narrow,bus,70,8993,518
1,pg,S,narrow,bus,71,9690,518
1,pg,S,narrow,bus,72,11447,518
1,pg,S,narrow,bus,73,11258,518
1,pg,S,narrow,bus,74,11463,518
1,pg,S,narrow,bus,75,9020,518
1,pg,S,narrow,bus,76,9173,518
1,pg,S,narrow,bus,77,11102,518
1,pg,S,narrow,bus,78,10915,518
1,pg,S,narrow,bus,79,10840,518
1,pg,S,narrow,bus,80,10314,518
1,pg,S,narrow,bus,81,9881,518
1,pg,S,narrow,bus,82,11379,518
1,pg,S,narrow,bus,83,14357,518
1,pg,S,narrow,bus,84,11787,518
1,pg,S,narrow,bus,85,9296,518
1,pg,S,narrow,bus,86,9912,518
1,pg,S,narrow,bus,87,9855,518
1,pg,S,narrow,bus,88,9248,518
1,pg,S,narrow,bus,89,9761,518
1,pg,S,narrow,bus,90,10070,518
1,pg,S,narrow,bus,91,10796,518
1,pg,S,narrow,bus,92,10035,518
1,pg,S,narrow,bus,93,9000,518
1,pg,S,narrow,bus,94,9729,518
1,pg,S,narrow,bus,95,10032,518
1,pg,S,narrow,bus,96,11657,518
1,pg,S,narrow,bus,97,9239,518
1,pg,S,narrow,bus,98,9628,518
1,pg,S,narrow,bus,99,10358,518
1,pg,S,narrow,bus,100,10903,518
1,pg,S,narrow,bus,101,9581,518
1,pg,S,narrow,bus,102,10095,518
1,pg,S,narrow,bus,103,11713,518
1,pg,S,narrow,bus,104,9773,518
1,pg,S,narrow,bus,105,9400,518
1,pg,S,narrow,bus,106,9727,518
1,pg,S,narrow,bus,107,9729,518
1,pg,S,narrow,bus,108,9059,518
1,pg,S,narrow,bus,109,11691,518
1,pg,S,narrow,bus,110,9206,518
1,pg,S,narrow,bus,111,9610,518
1,pg,S,narrow,bus,112,10583,518
1,pg,S,narrow,bus,113,9924,518
1,pg,S,narrow,bus,114,10752,518
1,pg,S,narrow,bus,115,11079,518
1,pg,S,narrow,bus,116,14137,518
1,pg,S,narrow,bus,117,11651,518
1,pg,S,narrow,bus,118,10533,518
1,pg,S,narrow,bus,119,9676,518
1,pg,S,narrow,bus,120,10383,518
1,pg,S,narrow,bus,121,10406,518
1,pg,S,narrow,bus,122,9780,518
1,pg,S,narrow,bus,123,10260,518
1,pg,S,narrow,bus,124,9885,518
1,pg,S,narrow,bus,125,10026,518
1,pg,S,narrow,bus,126,11469,518
1,pg,S,narrow,bus,127,11166,518
1,pg,S,narrow,bus,128,11306,518
1,pg,S,narrow,bus,129,9859,518
1,pg,S,narrow,bus,130,10140,518
1,pg,S,narrow,bus,131,9704,518
1,pg,S,narrow,bus,132,10062,518
1,pg,S,narrow,bus,133,10232,518
1,pg,S,narrow,bus,134,9684,518
1,pg,S,narrow,bus,135,9534,518
1,pg,S,narrow,bus,136,9181,518
1,pg,S,narrow,bus,137,10023,518
1,pg,S,narrow,bus,138,10097,518
1,pg,S,narrow,bus,139,10344,518
1,pg,S,narrow,bus,140,9627,518
1,pg,S,narrow,bus,141,9980,518
1,pg,S,narrow,bus,142,10040,518
1,pg,S,narrow,bus,143,11820,518
1,pg,S,narrow,bus,144,12055,518
1,pg,S,narrow,bus,145,12223,518
1,pg,S,narrow,bus,146,10594,518
1,pg,S,narrow,bus,147,10136,518
1,pg,S,narrow,bus,148,11257,518
1,pg,S,narrow,bus,149,9827,518
1,pg,S,narrow,bus,150,11844,518
1,pg,S,narrow,bus,151,12196,518
1,pg,S,narrow,bus,152,11997,518
1,pg,S,narrow,bus,153,10415,518
1,pg,S,narrow,bus,154,9618,518
1,pg,S,narrow,bus,155,12109,518
1,pg,S,narrow,bus,156,11405,518
1,pg,S,narrow,bus,157,11080,518
1,pg,S,narrow,bus,158,10261,518
1,pg,S,narrow,bus,159,12540,518
1,pg,S,narrow,bus,160,10343,518
1,pg,S,narrow,bus,161,11923,518
1,pg,S,narrow,bus,162,9981,518
1,pg,S,narrow,bus,163,9722,518
1,pg,S,narrow,bus,164,10408,518
1,pg,S,narrow,bus,165,9796,518
1,pg,S,narrow,bus,166,9760,518
1,pg,S,narrow,bus,167,9972,518
1,pg,S,narrow,bus,168,9718,518
1,pg,S,narrow,bus,169,9324,518
1,pg,S,narrow,bus,170,10264,518
1,pg,S,narrow,bus,171,9627,518
1,pg,S,narrow,bus,172,10393,518
1,pg,S,narrow,bus,173,11231,518
1,pg,S,narrow,bus,174,11614,518
1,pg,S,narrow,bus,175,11084,518
1,pg,S,narrow,bus,176,12268,518
1,pg,S,narrow,bus,177,11706,518
1,pg,S,narrow,bus,178,12850,518
1,pg,S,narrow,bus,179,16724,518
1,pg,S,narrow,bus,180,14493,518
1,pg,S,narrow,bus,181,20137,518
1,pg,S,narrow,bus,182,19994,518
1,pg,S,narrow,bus,183,19654,518
1,pg,S,narrow,bus,184,17882,518
1,pg,S,narrow,bus,185,14820,518
1,pg,S,narrow,bus,186,15466,518
1,pg,S,narrow,bus,187,12609,518
1,pg,S,narrow,bus,188,13049,518
1,pg,S,narrow,bus,189,13590,518
1,pg,S,narrow,bus,190,10932,518
1,pg,S,narrow,bus,191,12072,518
1,pg,S,narrow,bus,192,11776,518
1,pg,S,narrow,bus,193,11732,518
1,pg,S,narrow,bus,194,12601,518
1,pg,S,narrow,bus,195,13113,518
1,pg,S,narrow,bus,196,14111,518
1,pg,S,narrow,bus,197,10747,518
1,pg,S,narrow,bus,198,11019,518
1,pg,S,narrow,bus,199,10929,518
1,pg,S,wide,bus,0,203740,11095
1,pg,S,wide,bus,1,196657,11095
1,pg,S,wide,bus,2,178624,11095
1,pg,S,wide,bus,3,174192,11095
1,pg,S,wide,bus,4,210502,11095
1,pg,S,wide,bus,5,220393,11095
1,pg,S,wide,bus,6,173514,11095
1,pg,S,wide,bus,7,176671,11095
1,pg,S,wide,bus,8,177385,11095
1,pg,S,wide,bus,9,214459,11095
1,pg,S,wide,bus,10,195110,11095
1,pg,S,wide,bus,11,219183,11095
1,pg,S,wide,bus,12,209738,11095
1,pg,S,wide,bus,13,176732,11095
1,pg,S,wide,bus,14,180466,11095
1,pg,S,wide,bus,15,176252,11095
1,pg,S,wide,bus,16,216933,11095
1,pg,S,wide,bus,17,215033,11095
1,pg,S,wide,bus,18,182476,11095
1,pg,S,wide,bus,19,206140,11095
1,pg,S,wide,bus,20,209205,11095
1,pg,S,wide,bus,21,172272,11095
1,pg,S,wide,bus,22,173496,11095
1,pg,S,wide,bus,23,176000,11095
1,pg,S,wide,bus,24,178955,11095
1,pg,S,wide,bus,25,178012,11095
1,pg,S,wide,bus,26,177460,11095
1,pg,S,wide,bus,27,269361,11095
1,pg,S,wide,bus,28,222357,11095
1,pg,S,wide,bus,29,226259,11095
1,pg,S,wide,bus,30,182565,11095
1,pg,S,wide,bus,31,181372,11095
1,pg,S,wide,bus,32,178228,11095
1,pg,S,wide,bus,33,210745,11095
1,pg,S,wide,bus,34,209946,11095
1,pg,S,wide,bus,35,175021,11095
1,pg,S,wide,bus,36,177896,11095
1,pg,S,wide,bus,37,187785,11095
1,pg,S,wide,bus,38,201209,11095
1,pg,S,wide,bus,39,204044,11095
1,pg,S,wide,bus,40,215780,11095
1,pg,S,wide,bus,41,184166,11095
1,pg,S,wide,bus,42,180416,11095
1,pg,S,wide,bus,43,178432,11095
1,pg,S,wide,bus,44,182065,11095
1,pg,S,wide,bus,45,212738,11095
1,pg,S,wide,bus,46,209384,11095
1,pg,S,wide,bus,47,181071,11095
1,pg,S,wide,bus,48,188406,11095
1,pg,S,wide,bus,49,180533,11095
1,pg,S,wide,bus,50,184371,11095
1,pg,S,wide,bus,51,175873,11095
1,pg,S,wide,bus,52,174383,11095
1,pg,S,wide,bus,53,178248,11095
1,pg,S,wide,bus,54,170786,11095
1,pg,S,wide,bus,55,170139,11095
1,pg,S,wide,bus,56,194106,11095
1,pg,S,wide,bus,57,206873,11095
1,pg,S,wide,bus,58,210613,11095
1,pg,S,wide,bus,59,193895,11095
1,pg,S,wide,bus,60,173742,11095
1,pg,S,wide,bus,61,173849,11095
1,pg,S,wide,bus,62,206666,11095
1,pg,S,wide,bus,63,175418,11095
1,pg,S,wide,bus,64,208043,11095
1,pg,S,wide,bus,65,174615,11095
1,pg,S,wide,bus,66,203248,11095
1,pg,S,wide,bus,67,232292,11095
1,pg,S,wide,bus,68,247287,11095
1,pg,S,wide,bus,69,196355,11095
1,pg,S,wide,bus,70,208551,11095
1,pg,S,wide,bus,71,180503,11095
1,pg,S,wide,bus,72,181131,11095
1,pg,S,wide,bus,73,177234,11095
1,pg,S,wide,bus,74,217703,11095
1,pg,S,wide,bus,75,214994,11095
1,pg,S,wide,bus,76,215968,11095
1,pg,S,wide,bus,77,180379,11095
1,pg,S,wide,bus,78,182442,11095
1,pg,S,wide,bus,79,178145,11095
1,pg,S,wide,bus,80,196232,11095
1,pg,S,wide,bus,81,175183,11095
1,pg,S,wide,bus,82,174540,11095
1,pg,S,wide,bus,83,176950,11095
1,pg,S,wide,bus,84,196710,11095
1,pg,S,wide,bus,85,212975,11095
1,pg,S,wide,bus,86,216914,11095
1,pg,S,wide,bus,87,244288,11095
1,pg,S,wide,bus,88,218285,11095
1,pg,S,wide,bus,89,217089,11095
1,pg,S,wide,bus,90,201850,11095
1,pg,S,wide,bus,91,184524,11095
1,pg,S,wide,bus,92,182737,11095
1,pg,S,wide,bus,93,180980,11095
1,pg,S,wide,bus,94,199553,11095
1,pg,S,wide,bus,95,212403,11095
1,pg,S,wide,bus,96,234447,11095
1,pg,S,wide,bus,97,210143,11095
1,pg,S,wide,bus,98,177679,11095
1,pg,S,wide,bus,99,186033,11095
1,pg,S,wide,bus,100,180128,11095
1,pg,S,wide,bus,101,209015,11095
1,pg,S,wide,bus,102,199974,11095
1,pg,S,wide,bus,103,216798,11095
1,pg,S,wide,bus,104,194112,11095
1,pg,S,wide,bus,105,187547,11095
1,pg,S,wide,bus,106,181482,11095
1,pg,S,wide,bus,107,183637,11095
1,pg,S,wide,bus,108,178935,11095
1,pg,S,wide,bus,109,178057,11095
1,pg,S,wide,bus,110,180713,11095
1,pg,S,wide,bus,111,187279,11095
1,pg,S,wide,bus,112,185884,11095
1,pg,S,wide,bus,113,212648,11095
1,pg,S,wide,bus,114,267679,11095
1,pg,S,wide,bus,115,174472,11095
1,pg,S,wide,bus,116,179196,11095
1,pg,S,wide,bus,117,213913,11095
1,pg,S,wide,bus,118,211960,11095
1,pg,S,wide,bus,119,219424,11095
1,pg,S,wide,bus,120,180824,11095
1,pg,S,wide,bus,121,187049,11095
1,pg,S,wide,bus,122,222869,11095
1,pg,S,wide,bus,123,205560,11095
1,pg,S,wide,bus,124,200907,11095
1,pg,S,wide,bus,125,180607,11095
1,pg,S,wide,bus,126,185619,11095
1,pg,S,wide,bus,127,174242,11095
1,pg,S,wide,bus,128,183786,11095
1,pg,S,wide,bus,129,181136,11095
1,pg,S,wide,bus,130,212630,11095
1,pg,S,wide,bus,131,216512,11095
1,pg,S,wide,bus,132,198145,11095
1,pg,S,wide,bus,133,185532,11095
1,pg,S,wide,bus,134,189733,11095
1,pg,S,wide,bus,135,186542,11095
1,pg,S,wide,bus,136,178680,11095
1,pg,S,wide,bus,137,183519,11095
1,pg,S,wide,bus,138,182253,11095
1,pg,S,wide,bus,139,178784,11095
1,pg,S,wide,bus,140,246855,11095
1,pg,S,wide,bus,141,225564,11095
1,pg,S,wide,bus,142,219817,11095
1,pg,S,wide,bus,143,201658,11095
1,pg,S,wide,bus,144,179960,11095
1,pg,S,wide,bus,145,180645,11095
1,pg,S,wide,bus,146,179362,11095
1,pg,S,wide,bus,147,184334,11095
1,pg,S,wide,bus,148,179321,11095
1,pg,S,wide,bus,149,189051,11095
1,pg,S,wide,bus,150,218233,11095
1,pg,S,wide,bus,151,211681,11095
1,pg,S,wide,bus,152,230606,11095
1,pg,S,wide,bus,153,204352,11095
1,pg,S,wide,bus,154,178634,11095
1,pg,S,wide,bus,155,186872,11095
1,pg,S,wide,bus,156,211399,11095
1,pg,S,wide,bus,157,178352,11095
1,pg,S,wide,bus,158,181840,11095
1,pg,S,wide,bus,159,175001,11095
1,pg,S,wide,bus,160,209300,11095
1,pg,S,wide,bus,161,177063,11095
1,pg,S,wide,bus,162,175384,11095
1,pg,S,wide,bus,163,173907,11095
1,pg,S,wide,bus,164,193667,11095
1,pg,S,wide,bus,165,184401,11095
1,pg,S,wide,bus,166,180356,11095
1,pg,S,wide,bus,167,214048,11095
1,pg,S,wide,bus,168,212946,11095
1,pg,S,wide,bus,169,248089,11095
1,pg,S,wide,bus,170,231573,11095
1,pg,S,wide,bus,171,212942,11095
1,pg,S,wide,bus,172,183578,11095
1,pg,S,wide,bus,173,177920,11095
1,pg,S,wide,bus,174,190047,11095
1,pg,S,wide,bus,175,192120,11095
1,pg,S,wide,bus,176,179471,11095
1,pg,S,wide,bus,177,190710,11095
1,pg,S,wide,bus,178,210690,11095
1,pg,S,wide,bus,179,223957,11095
1,pg,S,wide,bus,180,229772,11095
1,pg,S,wide,bus,181,207980,11095
1,pg,S,wide,bus,182,227772,11095
1,pg,S,wide,bus,183,183509,11095
1,pg,S,wide,bus,184,185004,11095
1,pg,S,wide,bus,185,242796,11095
1,pg,S,wide,bus,186,211006,11095
1,pg,S,wide,bus,187,181237,11095
1,pg,S,wide,bus,188,181846,11095
1,pg,S,wide,bus,189,182026,11095
1,pg,S,wide,bus,190,216471,11095
1,pg,S,wide,bus,191,179611,11095
1,pg,S,wide,bus,192,177220,11095
1,pg,S,wide,bus,193,209796,11095
1,pg,S,wide,bus,194,181762,11095
1,pg,S,wide,bus,195,189247,11095
1,pg,S,wide,bus,196,177875,11095
1,pg,S,wide,bus,197,257997,11095
1,pg,S,wide,bus,198,224541,11095
1,pg,S,wide,bus,199,242594,11095
1,pg,U,medium,bike,0,82120,1433
1,pg,U,medium,bike,1,55125,1433
1,pg,U,medium,bike,2,85764,1433
1,pg,U,medium,bike,3,49042,1433
1,pg,U,medium,bike,4,48051,1433
1,pg,U,medium,bike,5,48508,1433
1,pg,U,medium,bike,6,46737,1433
1,pg,U,medium,bike,7,51150,1433
1,pg,U,medium,bike,8,61753,1433
1,pg,U,medium,bike,9,51214,1433
1,pg,U,medium,bike,10,46405,1433
1,pg,U,medium,bike,11,47978,1433
1,pg,U,medium,bike,12,49563,1433
1,pg,U,medium,bike,13,50909,1433
1,pg,U,medium,bike,14,47344,1433
1,pg,U,medium,bike,15,54718,1433
1,pg,U,medium,bike,16,52701,1433
1,pg,U,medium,bike,17,48578,1433
1,pg,U,medium,bike,18,47118,1433
1,pg,U,medium,bike,19,50866,1433
1,pg,U,medium,bike,20,54850,1433
1,pg,U,medium,bike,21,53581,1433
1,pg,U,medium,bike,22,64927,1433
1,pg,U,medium,bike,23,69284,1433
1,pg,U,medium,bike,24,67133,1433
1,pg,U,medium,bike,25,68706,1433
1,pg,U,medium,bike,26,56894,1433
1,pg,U,medium,bike,27,59696,1433
1,pg,U,medium,bike,28,65063,1433
1,pg,U,medium,bike,29,59183,1433
1,pg,U,medium,bike,30,57880,1433
1,pg,U,medium,bike,31,49224,1433
1,pg,U,medium,bike,32,49105,1433
1,pg,U,medium,bike,33,52403,1433
1,pg,U,medium,bike,34,50331,1433
1,pg,U,medium,bike,35,56567,1433
1,pg,U,medium,bike,36,51352,1433
1,pg,U,medium,bike,37,58667,1433
1,pg,U,medium,bike,38,47832,1433
1,pg,U,medium,bike,39,49439,1433
1,pg,U,medium,bike,40,48623,1433
1,pg,U,medium,bike,41,48867,1433
1,pg,U,medium,bike,42,49296,1433
1,pg,U,medium,bike,43,48376,1433
1,pg,U,medium,bike,44,48432,1433
1,pg,U,medium,bike,45,59180,1433
1,pg,U,medium,bike,46,56415,1433
1,pg,U,medium,bike,47,57855,1433
1,pg,U,medium,bike,48,48964,1433
1,pg,U,medium,bike,49,50981,1433
1,pg,U,medium,bike,50,58217,1433
1,pg,U,medium,bike,51,54654,1433
1,pg,U,medium,bike,52,57617,1433
1,pg,U,medium,bike,53,46697,1433
1,pg,U,medium,bike,54,49492,1433
1,pg,U,medium,bike,55,46455,1433
1,pg,U,medium,bike,56,65952,1433
1,pg,U,medium,bike,57,63070,1433
1,pg,U,medium,bike,58,69392,1433
1,pg,U,medium,bike,59,55569,1433
1,pg,U,medium,bike,60,48812,1433
1,pg,U,medium,bike,61,47379,1433
1,pg,U,medium,bike,62,47732,1433
1,pg,U,medium,bike,63,46852,1433
1,pg,U,medium,bike,64,47777,1433
1,pg,U,medium,bike,65,55958,1433
1,pg,U,medium,bike,66,55369,1433
1,pg,U,medium,bike,67,46926,1433
1,pg,U,medium,bike,68,47784,1433
1,pg,U,medium,bike,69,49736,1433
1,pg,U,medium,bike,70,47336,1433
1,pg,U,medium,bike,71,47327,1433
1,pg,U,medium,bike,72,45221,1433
1,pg,U,medium,bike,73,46839,1433
1,pg,U,medium,bike,74,45621,1433
1,pg,U,medium,bike,75,58164,1433
1,pg,U,medium,bike,76,54554,1433
1,pg,U,medium,bike,77,47875,1433
1,pg,U,medium,bike,78,49029,1433
1,pg,U,medium,bike,79,47434,1433
1,pg,U,medium,bike,80,44884,1433
1,pg,U,medium,bike,81,46017,1433
1,pg,U,medium,bike,82,48256,1433
1,pg,U,medium,bike,83,47750,1433
1,pg,U,medium,bike,84,46225,1433
1,pg,U,medium,bike,85,48499,1433
1,pg,U,medium,bike,86,55826,1433
1,pg,U,medium,bike,87,55405,1433
1,pg,U,medium,bike,88,55498,1433
1,pg,U,medium,bike,89,55539,1433
1,pg,U,medium,bike,90,46977,1433
1,pg,U,medium,bike,91,54112,1433
1,pg,U,medium,bike,92,55361,1433
1,pg,U,medium,bike,93,76940,1433
1,pg,U,medium,bike,94,78807,1433
1,pg,U,medium,bike,95,65572,1433
1,pg,U,medium,bike,96,63892,1433
1,pg,U,medium,bike,97,69424,1433
1,pg,U,medium,bike,98,58013,1433
1,pg,U,medium,bike,99,68160,1433
1,pg,U,medium,bike,100,81516,1433
1,pg,U,medium,bike,101,75114,1433
1,pg,U,medium,bike,102,59316,1433
1,pg,U,medium,bike,103,60930,1433
1,pg,U,medium,bike,104,49203,1433
1,pg,U,medium,bike,105,49897,1433
1,pg,U,medium,bike,106,47522,1433
1,pg,U,medium,bike,107,49073,1433
1,pg,U,medium,bike,108,49804,1433
1,pg,U,medium,bike,109,59012,1433
1,pg,U,medium,bike,110,58610,1433
1,pg,U,medium,bike,111,48277,1433
1,pg,U,medium,bike,112,46943,1433
1,pg,U,medium,bike,113,47832,1433
1,pg,U,medium,bike,114,48188,1433
1,pg,U,medium,bike,115,47741,1433
1,pg,U,medium,bike,116,48682,1433
1,pg,U,medium,bike,117,47698,1433
1,pg,U,medium,bike,118,47359,1433
1,pg,U,medium,bike,119,47375,1433
1,pg,U,medium,bike,120,48820,1433
1,pg,U,medium,bike,121,49552,1433
1,pg,U,medium,bike,122,48590,1433
1,pg,U,medium,bike,123,64919,1433
1,pg,U,medium,bike,124,55027,1433
1,pg,U,medium,bike,125,51905,1433
1,pg,U,medium,bike,126,53267,1433
1,pg,U,medium,bike,127,63873,1433
1,pg,U,medium,bike,128,56908,1433
1,pg,U,medium,bike,129,54988,1433
1,pg,U,medium,bike,130,64959,1433
1,pg,U,medium,bike,131,54057,1433
1,pg,U,medium,bike,132,62328,1433
1,pg,U,medium,bike,133,46992,1433
1,pg,U,medium,bike,134,51055,1433
1,pg,U,medium,bike,135,58122,1433
1,pg,U,medium,bike,136,56894,1433
1,pg,U,medium,bike,137,57308,1433
1,pg,U,medium,bike,138,58381,1433
1,pg,U,medium,bike,139,57822,1433
1,pg,U,medium,bike,140,55664,1433
1,pg,U,medium,bike,141,58865,1433
1,pg,U,medium,bike,142,48875,1433
1,pg,U,medium,bike,143,47757,1433
1,pg,U,medium,bike,144,48172,1433
1,pg,U,medium,bike,145,47789,1433
1,pg,U,medium,bike,146,47844,1433
1,pg,U,medium,bike,147,47545,1433
1,pg,U,medium,bike,148,50598,1433
1,pg,U,medium,bike,149,49036,1433
1,pg,U,medium,bike,150,57494,1433
1,pg,U,medium,bike,151,49510,1433
1,pg,U,medium,bike,152,48811,1433
1,pg,U,medium,bike,153,49126,1433
1,pg,U,medium,bike,154,49163,1433
1,pg,U,medium,bike,155,47562,1433
1,pg,U,medium,bike,156,48510,1433
1,pg,U,medium,bike,157,47642,1433
1,pg,U,medium,bike,158,51049,1433
1,pg,U,medium,bike,159,52231,1433
1,pg,U,medium,bike,160,53687,1433
1,pg,U,medium,bike,161,68999,1433
1,pg,U,medium,bike,162,52058,1433
1,pg,U,medium,bike,163,49065,1433
1,pg,U,medium,bike,164,57482,1433
1,pg,U,medium,bike,165,46665,1433
1,pg,U,medium,bike,166,47917,1433
1,pg,U,medium,bike,167,47602,1433
1,pg,U,medium,bike,168,49242,1433
1,pg,U,medium,bike,169,48244,1433
1,pg,U,medium,bike,170,46562,1433
1,pg,U,medium,bike,171,47280,1433
1,pg,U,medium,bike,172,49080,1433
1,pg,U,medium,bike,173,47115,1433
1,pg,U,medium,bike,174,50057,1433
1,pg,U,medium,bike,175,66666,1433
1,pg,U,medium,bike,176,56148,1433
1,pg,U,medium,bike,177,54807,1433
1,pg,U,medium,bike,178,54973,1433
1,pg,U,medium,bike,179,49915,1433
1,pg,U,medium,bike,180,48211,1433
1,pg,U,medium,bike,181,47101,1433
1,pg,U,medium,bike,182,48494,1433
1,pg,U,medium,bike,183,48112,1433
1,pg,U,medium,bike,184,57323,1433
1,pg,U,medium,bike,185,48819,1433
1,pg,U,medium,bike,186,56173,1433
1,pg,U,medium,bike,187,60741,1433
1,pg,U,medium,bike,188,46483,1433
1,pg,U,medium,bike,189,47485,1433
1,pg,U,medium,bike,190,46647,1433
1,pg,U,medium,bike,191,47949,1433
1,pg,U,medium,bike,192,47280,1433
1,pg,U,medium,bike,193,47966,1433
1,pg,U,medium,bike,194,46969,1433
1,pg,U,medium,bike,195,60342,1433
1,pg,U,medium,bike,196,61397,1433
1,pg,U,medium,bike,197,61623,1433
1,pg,U,medium,bike,198,64082,1433
1,pg,U,medium,bike,199,59540,1433
1,mongo,U,wide,bus,0,124006,11095
1,mongo,U,wide,bus,1,105444,11095
1,mongo,U,wide,bus,2,109998,11095
1,mongo,U,wide,bus,3,105202,11095
1,mongo,U,wide,bus,4,106094,11095
1,mongo,U,wide,bus,5,92430,11095
1,mongo,U,wide,bus,6,107567,11095
1,mongo,U,wide,bus,7,104295,11095
1,mongo,U,wide,bus,8,98747,11095
1,mongo,U,wide,bus,9,88293,11095
1,mongo,U,wide,bus,10,91743,11095
1,mongo,U,wide,bus,11,84100,11095
1,mongo,U,wide,bus,12,87425,11095
1,mongo,U,wide,bus,13,105320,11095
1,mongo,U,wide,bus,14,88856,11095
1,mongo,U,wide,bus,15,103962,11095
1,mongo,U,wide,bus,16,100896,11095
1,mongo,U,wide,bus,17,100941,11095
1,mongo,U,wide,bus,18,104932,11095
1,mongo,U,wide,bus,19,113426,11095
1,mongo,U,wide,bus,20,151408,11095
1,mongo,U,wide,bus,21,91448,11095
1,mongo,U,wide,bus,22,93656,11095
1,mongo,U,wide,bus,23,94401,11095
1,mongo,U,wide,bus,24,81247,11095
1,mongo,U,wide,bus,25,87982,11095
1,mongo,U,wide,bus,26,84956,11095
1,mongo,U,wide,bus,27,102745,11095
1,mongo,U,wide,bus,28,104884,11095
1,mongo,U,wide,bus,29,82219,11095
1,mongo,U,wide,bus,30,83905,11095
1,mongo,U,wide,bus,31,90542,11095
1,mongo,U,wide,bus,32,92247,11095
1,mongo,U,wide,bus,33,88332,11095
1,mongo,U,wide,bus,34,86895,11095
1,mongo,U,wide,bus,35,94397,11095
1,mongo,U,wide,bus,36,91487,11095
1,mongo,U,wide,bus,37,98851,11095
1,mongo,U,wide,bus,38,97710,11095
1,mongo,U,wide,bus,39,87101,11095
1,mongo,U,wide,bus,40,86653,11095
1,mongo,U,wide,bus,41,88358,11095
1,mongo,U,wide,bus,42,101635,11095
1,mongo,U,wide,bus,43,91913,11095
1,mongo,U,wide,bus,44,109244,11095
1,mongo,U,wide,bus,45,93476,11095
1,mongo,U,wide,bus,46,95035,11095
1,mongo,U,wide,bus,47,94380,11095
1,mongo,U,wide,bus,48,103925,11095
1,mongo,U,wide,bus,49,90559,11095
1,mongo,U,wide,bus,50,100027,11095
1,mongo,U,wide,bus,51,96499,11095
1,mongo,U,wide,bus,52,92661,11095
1,mongo,U,wide,bus,53,101493,11095
1,mongo,U,wide,bus,54,99988,11095
1,mongo,U,wide,bus,55,90121,11095
1,mongo,U,wide,bus,56,111135,11095
1,mongo,U,wide,bus,57,107200,11095
1,mongo,U,wide,bus,58,108046,11095
1,mongo,U,wide,bus,59,110440,11095
1,mongo,U,wide,bus,60,99148,11095
1,mongo,U,wide,bus,61,103464,11095
1,mongo,U,wide,bus,62,116272,11095
1,mongo,U,wide,bus,63,120458,11095
1,mongo,U,wide,bus,64,102327,11095
1,mongo,U,wide,bus,65,101523,11095
1,mongo,U,wide,bus,66,90572,11095
1,mongo,U,wide,bus,67,102640,11095
1,mongo,U,wide,bus,68,86036,11095
1,mongo,U,wide,bus,69,93235,11095
1,mongo,U,wide,bus,70,94487,11095
1,mongo,U,wide,bus,71,123944,11095
1,mongo,U,wide,bus,72,103529,11095
1,mongo,U,wide,bus,73,107471,11095
1,mongo,U,wide,bus,74,106236,11095
1,mongo,U,wide,bus,75,111434,11095
1,mongo,U,wide,bus,76,91044,11095
1,mongo,U,wide,bus,77,101199,11095
1,mongo,U,wide,bus,78,90645,11095
1,mongo,U,wide,bus,79,95009,11095
1,mongo,U,wide,bus,80,102370,11095
1,mongo,U,wide,bus,81,92677,11095
1,mongo,U,wide,bus,82,111540,11095
1,mongo,U,wide,bus,83,86937,11095
1,mongo,U,wide,bus,84,113092,11095
1,mongo,U,wide,bus,85,84175,11095
1,mongo,U,wide,bus,86,88689,11095
1,mongo,U,wide,bus,87,101990,11095
1,mongo,U,wide,bus,88,107228,11095
1,mongo,U,wide,bus,89,186880,11095
1,mongo,U,wide,bus,90,128974,11095
1,mongo,U,wide,bus,91,84437,11095
1,mongo,U,wide,bus,92,92921,11095
1,mongo,U,wide,bus,93,95040,11095
1,mongo,U,wide,bus,94,105202,11095
1,mongo,U,wide,bus,95,93550,11095
1,mongo,U,wide,bus,96,85600,11095
1,mongo,U,wide,bus,97,133868,11095
1,mongo,U,wide,bus,98,90622,11095
1,mongo,U,wide,bus,99,86179,11095
1,mongo,U,wide,bus,100,93467,11095
1,mongo,U,wide,bus,101,105862,11095
1,mongo,U,wide,bus,102,111279,11095
1,mongo,U,wide,bus,103,156409,11095
1,mongo,U,wide,bus,104,88156,11095
1,mongo,U,wide,bus,105,84161,11095
1,mongo,U,wide,bus,106,90937,11095
1,mongo,U,wide,bus,107,92848,11095
1,mongo,U,wide,bus,108,100703,11095
1,mongo,U,wide,bus,109,81961,11095
1,mongo,U,wide,bus,110,95491,11095
1,mongo,U,wide,bus,111,120489,11095
1,mongo,U,wide,bus,112,96169,11095
1,mongo,U,wide,bus,113,127485,11095
1,mongo,U,wide,bus,114,110683,11095
1,mongo,U,wide,bus,115,114270,11095
1,mongo,U,wide,bus,116,107829,11095
1,mongo,U,wide,bus,117,110449,11095
1,mongo,U,wide,bus,118,111756,11095
1,mongo,U,wide,bus,119,117478,11095
1,mongo,U,wide,bus,120,124943,11095
1,mongo,U,wide,bus,121,97640,11095
1,mongo,U,wide,bus,122,91453,11095
1,mongo,U,wide,bus,123,93770,11095
1,mongo,U,wide,bus,124,107811,11095
1,mongo,U,wide,bus,125,101057,11095
1,mongo,U,wide,bus,126,104834,11095
1,mongo,U,wide,bus,127,101975,11095
1,mongo,U,wide,bus,128,115612,11095
1,mongo,U,wide,bus,129,109837,11095
1,mongo,U,wide,bus,130,109163,11095
1,mongo,U,wide,bus,131,105208,11095
1,mongo,U,wide,bus,132,90697,11095
1,mongo,U,wide,bus,133,100026,11095
1,mongo,U,wide,bus,134,92957,11095
1,mongo,U,wide,bus,135,89034,11095
1,mongo,U,wide,bus,136,105597,11095
1,mongo,U,wide,bus,137,87196,11095
1,mongo,U,wide,bus,138,88521,11095
1,mongo,U,wide,bus,139,101047,11095
1,mongo,U,wide,bus,140,86627,11095
1,mongo,U,wide,bus,141,95111,11095
1,mongo,U,wide,bus,142,93009,11095
1,mongo,U,wide,bus,143,104459,11095
1,mongo,U,wide,bus,144,103101,11095
1,mongo,U,wide,bus,145,95756,11095
1,mongo,U,wide,bus,146,106038,11095
1,mongo,U,wide,bus,147,104739,11095
1,mongo,U,wide,bus,148,86219,11095
1,mongo,U,wide,bus,149,99276,11095
1,mongo,U,wide,bus,150,100880,11095
1,mongo,U,wide,bus,151,131226,11095
1,mongo,U,wide,bus,152,116400,11095
1,mongo,U,wide,bus,153,90911,11095
1,mongo,U,wide,bus,154,93146,11095
1,mongo,U,wide,bus,155,99216,11095
1,mongo,U,wide,bus,156,87565,11095
1,mongo,U,wide,bus,157,87531,11095
1,mongo,U,wide,bus,158,109131,11095
1,mongo,U,wide,bus,159,97901,11095
1,mongo,U,wide,bus,160,96447,11095
1,mongo,U,wide,bus,161,96443,11095
1,mongo,U,wide,bus,162,103959,11095
1,mongo,U,wide,bus,163,88922,11095
1,mongo,U,wide,bus,164,99758,11095
1,mongo,U,wide,bus,165,96468,11095
1,mongo,U,wide,bus,166,85283,11095
1,mongo,U,wide,bus,167,94515,11095
1,mongo,U,wide,bus,168,88173,11095
1,mongo,U,wide,bus,169,87643,11095
1,mongo,U,wide,bus,170,84871,11095
1,mongo,U,wide,bus,171,114552,11095
1,mongo,U,wide,bus,172,139909,11095
1,mongo,U,wide,bus,173,146023,11095
1,mongo,U,wide,bus,174,119663,11095
1,mongo,U,wide,bus,175,103298,11095
1,mongo,U,wide,bus,176,110409,11095
1,mongo,U,wide,bus,177,110423,11095
1,mongo,U,wide,bus,178,102375,11095
1,mongo,U,wide,bus,179,102808,11095
1,mongo,U,wide,bus,180,110440,11095
1,mongo,U,wide,bus,181,111447,11095
1,mongo,U,wide,bus,182,115332,11095
1,mongo,U,wide,bus,183,119048,11095
1,mongo,U,wide,bus,184,108674,11095
1,mongo,U,wide,bus,185,104481,11095
1,mongo,U,wide,bus,186,90014,11095
1,mongo,U,wide,bus,187,104827,11095
1,mongo,U,wide,bus,188,91396,11095
1,mongo,U,wide,bus,189,95778,11095
1,mongo,U,wide,bus,190,89455,11095
1,mongo,U,wide,bus,191,104057,11095
1,mongo,U,wide,bus,192,106073,11095
1,mongo,U,wide,bus,193,96019,11095
1,mongo,U,wide,bus,194,87530,11095
1,mongo,U,wide,bus,195,107595,11095
1,mongo,U,wide,bus,196,111950,11095
1,mongo,U,wide,bus,197,83828,11095
1,mongo,U,wide,bus,198,83719,11095
1,mongo,U,wide,bus,199,96337,11095
1,mongo,S,narrow,bike,0,12460,166
1,mongo,S,narrow,bike,1,7549,166
1,mongo,S,narrow,bike,2,6371,166
1,mongo,S,narrow,bike,3,5621,166
1,mongo,S,narrow,bike,4,6489,166
1,mongo,S,narrow,bike,5,6535,166
1,mongo,S,narrow,bike,6,6559,166
1,mongo,S,narrow,bike,7,6466,166
1,mongo,S,narrow,bike,8,5970,166
1,mongo,S,narrow,bike,9,5589,166
1,mongo,S,narrow,bike,10,5756,166
1,mongo,S,narrow,bike,11,5545,166
1,mongo,S,narrow,bike,12,5083,166
1,mongo,S,narrow,bike,13,4776,166
1,mongo,S,narrow,bike,14,5173,166
1,mongo,S,narrow,bike,15,5029,166
1,mongo,S,narrow,bike,16,5681,166
1,mongo,S,narrow,bike,17,5389,166
1,mongo,S,narrow,bike,18,6968,166
1,mongo,S,narrow,bike,19,5492,166
1,mongo,S,narrow,bike,20,4712,166
1,mongo,S,narrow,bike,21,4936,166
1,mongo,S,narrow,bike,22,5986,166
1,mongo,S,narrow,bike,23,4869,166
1,mongo,S,narrow,bike,24,5033,166
1,mongo,S,narrow,bike,25,4937,166
1,mongo,S,narrow,bike,26,5448,166
1,mongo,S,narrow,bike,27,5562,166
1,mongo,S,narrow,bike,28,4858,166
1,mongo,S,narrow,bike,29,3730,166
1,mongo,S,narrow,bike,30,5952,166
1,mongo,S,narrow,bike,31,4992,166
1,mongo,S,narrow,bike,32,5678,166
1,mongo,S,narrow,bike,33,4771,166
1,mongo,S,narrow,bike,34,4490,166
1,mongo,S,narrow,bike,35,5149,166
1,mongo,S,narrow,bike,36,5476,166
1,mongo,S,narrow,bike,37,5449,166
1,mongo,S,narrow,bike,38,5547,166
1,mongo,S,narrow,bike,39,5000,166
1,mongo,S,narrow,bike,40,5278,166
1,mongo,S,narrow,bike,41,4946,166
1,mongo,S,narrow,bike,42,4515,166
1,mongo,S,narrow,bike,43,5435,166
1,mongo,S,narrow,bike,44,5463,166
1,mongo,S,narrow,bike,45,4031,166
1,mongo,S,narrow,bike,46,5140,166
1,mongo,S,narrow,bike,47,4812,166
1,mongo,S,narrow,bike,48,5320,166
1,mongo,S,narrow,bike,49,6236,166
1,mongo,S,narrow,bike,50,5764,166
1,mongo,S,narrow,bike,51,4793,166
1,mongo,S,narrow,bike,52,5461,166
1,mongo,S,narrow,bike,53,6485,166
1,mongo,S,narrow,bike,54,4067,166
1,mongo,S,narrow,bike,55,5717,166
1,mongo,S,narrow,bike,56,6343,166
1,mongo,S,narrow,bike,57,5409,166
1,mongo,S,narrow,bike,58,6242,166
1,mongo,S,narrow,bike,59,5741,166
1,mongo,S,narrow,bike,60,4745,166
1,mongo,S,narrow,bike,61,4360,166
1,mongo,S,narrow,bike,62,4704,166
1,mongo,S,narrow,bike,63,4010,166
1,mongo,S,narrow,bike,64,4507,166
1,mongo,S,narrow,bike,65,4696,166
1,mongo,S,narrow,bike,66,4869,166
1,mongo,S,narrow,bike,67,4744,166
1,mongo,S,narrow,bike,68,4537,166
1,mongo,S,narrow,bike,69,4631,166
1,mongo,S,narrow,bike,70,4954,166
1,mongo,S,narrow,bike,71,4692,166
1,mongo,S,narrow,bike,72,5033,166
1,mongo,S,narrow,bike,73,4454,166
1,mongo,S,narrow,bike,74,5650,166
1,mongo,S,narrow,bike,75,4575,166
1,mongo,S,narrow,bike,76,4315,166
1,mongo,S,narrow,bike,77,4759,166
1,mongo,S,narrow,bike,78,4607,166
1,mongo,S,narrow,bike,79,4976,166
1,mongo,S,narrow,bike,80,5123,166
1,mongo,S,narrow,bike,81,4974,166
1,mongo,S,narrow,bike,82,4522,166
1,mongo,S,narrow,bike,83,4156,166
1,mongo,S,narrow,bike,84,3775,166
1,mongo,S,narrow,bike,85,4689,166
1,mongo,S,narrow,bike,86,4917,166
1,mongo,S,narrow,bike,87,4301,166
1,mongo,S,narrow,bike,88,5001,166
1,mongo,S,narrow,bike,89,4475,166
1,mongo,S,narrow,bike,90,4203,166
1,mongo,S,narrow,bike,91,5739,166
1,mongo,S,narrow,bike,92,6208,166
1,mongo,S,narrow,bike,93,5460,166
1,mongo,S,narrow,bike,94,4667,166
1,mongo,S,narrow,bike,95,5023,166
1,mongo,S,narrow,bike,96,4317,166
1,mongo,S,narrow,bike,97,5151,166
1,mongo,S,narrow,bike,98,4093,166
1,mongo,S,narrow,bike,99,4883,166
1,mongo,S,narrow,bike,100,4654,166
1,mongo,S,narrow,bike,101,4925,166
1,mongo,S,narrow,bike,102,4596,166
1,mongo,S,narrow,bike,103,4849,166
1,mongo,S,narrow,bike,104,4541,166
1,mongo,S,narrow,bike,105,5452,166
1,mongo,S,narrow,bike,106,5297,166
1,mongo,S,narrow,bike,107,4988,166
1,mongo,S,narrow,bike,108,4864,166
1,mongo,S,narrow,bike,109,4627,166
1,mongo,S,narrow,bike,110,4598,166
1,mongo,S,narrow,bike,111,4027,166
1,mongo,S,narrow,bike,112,4714,166
1,mongo,S,narrow,bike,113,5395,166
1,mongo,S,narrow,bike,114,4905,166
1,mongo,S,narrow,bike,115,4282,166
1,mongo,S,narrow,bike,116,5121,166
1,mongo,S,narrow,bike,117,5272,166
1,mongo,S,narrow,bike,118,4356,166
1,mongo,S,narrow,bike,119,4611,166
1,mongo,S,narrow,bike,120,4693,166
1,mongo,S,narrow,bike,121,4890,166
1,mongo,S,narrow,bike,122,4683,166
1,mongo,S,narrow,bike,123,5729,166
1,mongo,S,narrow,bike,124,4431,166
1,mongo,S,narrow,bike,125,5540,166
1,mongo,S,narrow,bike,126,5155,166
1,mongo,S,narrow,bike,127,5047,166
1,mongo,S,narrow,bike,128,4170,166
1,mongo,S,narrow,bike,129,4489,166
1,mongo,S,narrow,bike,130,5122,166
1,mongo,S,narrow,bike,131,4357,166
1,mongo,S,narrow,bike,132,4480,166
1,mongo,S,narrow,bike,133,4746,166
1,mongo,S,narrow,bike,134,4582,166
1,mongo,S,narrow,bike,135,4606,166
1,mongo,S,narrow,bike,136,4888,166
1,mongo,S,narrow,bike,137,5288,166
1,mongo,S,narrow,bike,138,4641,166
1,mongo,S,narrow,bike,139,6469,166
1,mongo,S,narrow,bike,140,5062,166
1,mongo,S,narrow,bike,141,5026,166
1,mongo,S,narrow,bike,142,4383,166
1,mongo,S,narrow,bike,143,5181,166
1,mongo,S,narrow,bike,144,5154,166
1,mongo,S,narrow,bike,145,4140,166
1,mongo,S,narrow,bike,146,4953,166
1,mongo,S,narrow,bike,147,5310,166
1,mongo,S,narrow,bike,148,5361,166
1,mongo,S,narrow,bike,149,4543,166
1,mongo,S,narrow,bike,150,4933,166
1,mongo,S,narrow,bike,151,5164,166
1,mongo,S,narrow,bike,152,3694,166
1,mongo,S,narrow,bike,153,4232,166
1,mongo,S,narrow,bike,154,4168,166
1,mongo,S,narrow,bike,155,5131,166
1,mongo,S,narrow,bike,156,4427,166
1,mongo,S,narrow,bike,157,4546,166
1,mongo,S,narrow,bike,158,5544,166
1,mongo,S,narrow,bike,159,4833,166
1,mongo,S,narrow,bike,160,5298,166
1,mongo,S,narrow,bike,161,4554,166
1,mongo,S,narrow,bike,162,4869,166
1,mongo,S,narrow,bike,163,5150,166
1,mongo,S,narrow,bike,164,5353,166
1,mongo,S,narrow,bike,165,5255,166
1,mongo,S,narrow,bike,166,4396,166
1,mongo,S,narrow,bike,167,5267,166
1,mongo,S,narrow,bike,168,3885,166
1,mongo,S,narrow,bike,169,4639,166
1,mongo,S,narrow,bike,170,4984,166
1,mongo,S,narrow,bike,171,4891,166
1,mongo,S,narrow,bike,172,4372,166
1,mongo,S,narrow,bike,173,5383,166
1,mongo,S,narrow,bike,174,4876,166
1,mongo,S,narrow,bike,175,4512,166
1,mongo,S,narrow,bike,176,5226,166
1,mongo,S,narrow,bike,177,6660,166
1,mongo,S,narrow,bike,178,8049,166
1,mongo,S,narrow,bike,179,8843,166
1,mongo,S,narrow,bike,180,5816,166
1,mongo,S,narrow,bike,181,6887,166
1,mongo,S,narrow,bike,182,5689,166
1,mongo,S,narrow,bike,183,5509,166
1,mongo,S,narrow,bike,184,5335,166
1,mongo,S,narrow,bike,185,5393,166
1,mongo,S,narrow,bike,186,6715,166
1,mongo,S,narrow,bike,187,5240,166
1,mongo,S,narrow,bike,188,5196,166
1,mongo,S,narrow,bike,189,5666,166
1,mongo,S,narrow,bike,190,6106,166
1,mongo,S,narrow,bike,191,5660,166
1,mongo,S,narrow,bike,192,5225,166
1,mongo,S,narrow,bike,193,5843,166
1,mongo,S,narrow,bike,194,5601,166
1,mongo,S,narrow,bike,195,5799,166
1,mongo,S,narrow,bike,196,4931,166
1,mongo,S,narrow,bike,197,6148,166
1,mongo,S,narrow,bike,198,5310,166
1,mongo,S,narrow,bike,199,6001,166
1,mongo,S,medium,bus,0,62179,6214
1,mongo,S,medium,bus,1,62774,6214
1,mongo,S,medium,bus,2,61835,6214
1,mongo,S,medium,bus,3,58049,6214
1,mongo,S,medium,bus,4,56548,6214
1,mongo,S,medium,bus,5,64597,6214
1,mongo,S,medium,bus,6,59393,6214
1,mongo,S,medium,bus,7,59579,6214
1,mongo,S,medium,bus,8,52277,6214
1,mongo,S,medium,bus,9,53526,6214
1,mongo,S,medium,bus,10,59579,6214
1,mongo,S,medium,bus,11,57437,6214
1,mongo,S,medium,bus,12,57444,6214
1,mongo,S,medium,bus,13,60316,6214
1,mongo,S,medium,bus,14,56554,6214
1,mongo,S,medium,bus,15,61557,6214
1,mongo,S,medium,bus,16,51009,6214
1,mongo,S,medium,bus,17,59107,6214
1,mongo,S,medium,bus,18,52787,6214
1,mongo,S,medium,bus,19,50821,6214
1,mongo,S,medium,bus,20,53651,6214
1,mongo,S,medium,bus,21,51146,6214
1,mongo,S,medium,bus,22,51288,6214
1,mongo,S,medium,bus,23,57514,6214
1,mongo,S,medium,bus,24,53812,6214
1,mongo,S,medium,bus,25,51875,6214
1,mongo,S,medium,bus,26,55878,6214
1,mongo,S,medium,bus,27,63777,6214
1,mongo,S,medium,bus,28,54722,6214
1,mongo,S,medium,bus,29,55776,6214
1,mongo,S,medium,bus,30,71259,6214
1,mongo,S,medium,bus,31,76808,6214
1,mongo,S,medium,bus,32,72054,6214
1,mongo,S,medium,bus,33,58733,6214
1,mongo,S,medium,bus,34,74130,6214
1,mongo,S,medium,bus,35,79062,6214
1,mongo,S,medium,bus,36,74081,6214
1,mongo,S,medium,bus,37,72909,6214
1,mongo,S,medium,bus,38,100525,6214
1,mongo,S,medium,bus,39,81277,6214
1,mongo,S,medium,bus,40,72665,6214
1,mongo,S,medium,bus,41,85778,6214
1,mongo,S,medium,bus,42,74563,6214
1,mongo,S,medium,bus,43,63852,6214
1,mongo,S,medium,bus,44,63484,6214
1,mongo,S,medium,bus,45,69575,6214
1,mongo,S,medium,bus,46,64138,6214
1,mongo,S,medium,bus,47,72884,6214
1,mongo,S,medium,bus,48,60302,6214
1,mongo,S,medium,bus,49,55715,6214
1,mongo,S,medium,bus,50,56405,6214
1,mongo,S,medium,bus,51,60800,6214
1,mongo,S,medium,bus,52,57689,6214
1,mongo,S,medium,bus,53,56841,6214
1,mongo,S,medium,bus,54,52506,6214
1,mongo,S,medium,bus,55,74025,6214
1,mongo,S,medium,bus,56,53583,6214
1,mongo,S,medium,bus,57,57511,6214
1,mongo,S,medium,bus,58,50841,6214
1,mongo,S,medium,bus,59,59704,6214
1,mongo,S,medium,bus,60,60026,6214
1,mongo,S,medium,bus,61,57332,6214
1,mongo,S,medium,bus,62,54128,6214
1,mongo,S,medium,bus,63,49341,6214
1,mongo,S,medium,bus,64,56314,6214
1,mongo,S,medium,bus,65,65737,6214
1,mongo,S,medium,bus,66,55210,6214
1,mongo,S,medium,bus,67,55097,6214
1,mongo,S,medium,bus,68,52434,6214
1,mongo,S,medium,bus,69,51293,6214
1,mongo,S,medium,bus,70,50294,6214
1,mongo,S,medium,bus,71,50192,6214
1,mongo,S,medium,bus,72,62190,6214
1,mongo,S,medium,bus,73,70519,6214
1,mongo,S,medium,bus,74,54508,6214
1,mongo,S,medium,bus,75,54054,6214
1,mongo,S,medium,bus,76,60454,6214
1,mongo,S,medium,bus,77,59979,6214
1,mongo,S,medium,bus,78,53441,6214
1,mongo,S,medium,bus,79,49318,6214
1,mongo,S,medium,bus,80,52097,6214
1,mongo,S,medium,bus,81,55046,6214
1,mongo,S,medium,bus,82,56257,6214
1,mongo,S,medium,bus,83,63244,6214
1,mongo,S,medium,bus,84,55902,6214
1,mongo,S,medium,bus,85,58968,6214
1,mongo,S,medium,bus,86,50183,6214
1,mongo,S,medium,bus,87,57275,6214
1,mongo,S,medium,bus,88,48947,6214
1,mongo,S,medium,bus,89,53164,6214
1,mongo,S,medium,bus,90,51044,6214
1,mongo,S,medium,bus,91,51990,6214
1,mongo,S,medium,bus,92,51660,6214
1,mongo,S,medium,bus,93,57632,6214
1,mongo,S,medium,bus,94,50277,6214
1,mongo,S,medium,bus,95,57607,6214
1,mongo,S,medium,bus,96,50893,6214
1,mongo,S,medium,bus,97,57426,6214
1,mongo,S,medium,bus,98,68362,6214
1,mongo,S,medium,bus,99,65559,6214
1,mongo,S,medium,bus,100,52321,6214
1,mongo,S,medium,bus,101,57115,6214
1,mongo,S,medium,bus,102,62546,6214
1,mongo,S,medium,bus,103,59507,6214
1,mongo,S,medium,bus,104,55493,6214
1,mongo,S,medium,bus,105,54577,6214
1,mongo,S,medium,bus,106,57402,6214
1,mongo,S,medium,bus,107,57305,6214
1,mongo,S,medium,bus,108,51242,6214
1,mongo,S,medium,bus,109,68019,6214
1,mongo,S,medium,bus,110,75863,6214
1,mongo,S,medium,bus,111,58837,6214
1,mongo,S,medium,bus,112,62400,6214
1,mongo,S,medium,bus,113,60958,6214
1,mongo,S,medium,bus,114,64873,6214
1,mongo,S,medium,bus,115,57812,6214
1,mongo,S,medium,bus,116,53789,6214
1,mongo,S,medium,bus,117,54714,6214
1,mongo,S,medium,bus,118,51045,6214
1,mongo,S,medium,bus,119,59377,6214
1,mongo,S,medium,bus,120,50531,6214
1,mongo,S,medium,bus,121,54865,6214
1,mongo,S,medium,bus,122,48985,6214
1,mongo,S,medium,bus,123,56769,6214
1,mongo,S,medium,bus,124,62057,6214
1,mongo,S,medium,bus,125,65160,6214
1,mongo,S,medium,bus,126,61177,6214
1,mongo,S,medium,bus,127,58216,6214
1,mongo,S,medium,bus,128,55772,6214
1,mongo,S,medium,bus,129,70017,6214
1,mongo,S,medium,bus,130,75983,6214
1,mongo,S,medium,bus,131,87515,6214
1,mongo,S,medium,bus,132,68228,6214
1,mongo,S,medium,bus,133,71182,6214
1,mongo,S,medium,bus,134,71518,6214
1,mongo,S,medium,bus,135,76685,6214
1,mongo,S,medium,bus,136,70576,6214
1,mongo,S,medium,bus,137,73073,6214
1,mongo,S,medium,bus,138,77153,6214
1,mongo,S,medium,bus,139,82293,6214
1,mongo,S,medium,bus,140,87457,6214
1,mongo,S,medium,bus,141,92272,6214
1,mongo,S,medium,bus,142,59184,6214
1,mongo,S,medium,bus,143,57939,6214
1,mongo,S,medium,bus,144,54225,6214
1,mongo,S,medium,bus,145,50205,6214
1,mongo,S,medium,bus,146,54872,6214
1,mongo,S,medium,bus,147,59296,6214
1,mongo,S,medium,bus,148,59545,6214
1,mongo,S,medium,bus,149,60910,6214
1,mongo,S,medium,bus,150,51775,6214
1,mongo,S,medium,bus,151,54518,6214
1,mongo,S,medium,bus,152,55665,6214
1,mongo,S,medium,bus,153,60486,6214
1,mongo,S,medium,bus,154,55006,6214
1,mongo,S,medium,bus,155,57654,6214
1,mongo,S,medium,bus,156,64494,6214
1,mongo,S,medium,bus,157,53025,6214
1,mongo,S,medium,bus,158,52254,6214
1,mongo,S,medium,bus,159,52650,6214
1,mongo,S,medium,bus,160,59853,6214
1,mongo,S,medium,bus,161,65329,6214
1,mongo,S,medium,bus,162,56412,6214
1,mongo,S,medium,bus,163,52737,6214
1,mongo,S,medium,bus,164,59852,6214
1,mongo,S,medium,bus,165,52724,6214
1,mongo,S,medium,bus,166,50777,6214
1,mongo,S,medium,bus,167,63471,6214
1,mongo,S,medium,bus,168,59181,6214
1,mongo,S,medium,bus,169,53079,6214
1,mongo,S,medium,bus,170,50732,6214
1,mongo,S,medium,bus,171,53793,6214
1,mongo,S,medium,bus,172,49914,6214
1,mongo,S,medium,bus,173,57961,6214
1,mongo,S,medium,bus,174,52112,6214
1,mongo,S,medium,bus,175,51756,6214
1,mongo,S,medium,bus,176,52571,6214
1,mongo,S,medium,bus,177,49176,6214
1,mongo,S,medium,bus,178,67858,6214
1,mongo,S,medium,bus,179,62192,6214
1,mongo,S,medium,bus,180,60915,6214
1,mongo,S,medium,bus,181,55539,6214
1,mongo,S,medium,bus,182,56126,6214
1,mongo,S,medium,bus,183,61827,6214
1,mongo,S,medium,bus,184,56479,6214
1,mongo,S,medium,bus,185,63341,6214
1,mongo,S,medium,bus,186,51034,6214
1,mongo,S,medium,bus,187,57419,6214
1,mongo,S,medium,bus,188,55739,6214
1,mongo,S,medium,bus,189,50761,6214
1,mongo,S,medium,bus,190,60765,6214
1,mongo,S,medium,bus,191,58663,6214
1,mongo,S,medium,bus,192,53921,6214
1,mongo,S,medium,bus,193,56386,6214
1,mongo,S,medium,bus,194,58334,6214
1,mongo,S,medium,bus,195,52269,6214
1,mongo,S,medium,bus,196,50741,6214
1,mongo,S,medium,bus,197,55938,6214
1,mongo,S,medium,bus,198,53932,6214
1,mongo,S,medium,bus,199,54049,6214
1,mongo,S,medium,bike,0,22099,1434
1,mongo,S,medium,bike,1,17473,1434
1,mongo,S,medium,bike,2,19438,1434
1,mongo,S,medium,bike,3,17669,1434
1,mongo,S,medium,bike,4,18968,1434
1,mongo,S,medium,bike,5,20131,1434
1,mongo,S,medium,bike,6,17763,1434
1,mongo,S,medium,bike,7,22861,1434
1,mongo,S,medium,bike,8,17743,1434
1,mongo,S,medium,bike,9,19607,1434
1,mongo,S,medium,bike,10,16868,1434
1,mongo,S,medium,bike,11,18195,1434
1,mongo,S,medium,bike,12,25885,1434
1,mongo,S,medium,bike,13,21823,1434
1,mongo,S,medium,bike,14,21034,1434
1,mongo,S,medium,bike,15,19571,1434
1,mongo,S,medium,bike,16,19138,1434
1,mongo,S,medium,bike,17,21782,1434
1,mongo,S,medium,bike,18,17748,1434
1,mongo,S,medium,bike,19,17604,1434
1,mongo,S,medium,bike,20,19459,1434
1,mongo,S,medium,bike,21,21305,1434
1,mongo,S,medium,bike,22,16787,1434
1,mongo,S,medium,bike,23,19538,1434
1,mongo,S,medium,bike,24,21571,1434
1,mongo,S,medium,bike,25,19833,1434
1,mongo,S,medium,bike,26,20028,1434
1,mongo,S,medium,bike,27,19942,1434
1,mongo,S,medium,bike,28,18374,1434
1,mongo,S,medium,bike,29,24681,1434
1,mongo,S,medium,bike,30,20948,1434
1,mongo,S,medium,bike,31,22391,1434
1,mongo,S,medium,bike,32,19958,1434
1,mongo,S,medium,bike,33,22440,1434
1,mongo,S,medium,bike,34,19733,1434
1,mongo,S,medium,bike,35,19449,1434
1,mongo,S,medium,bike,36,20412,1434
1,mongo,S,medium,bike,37,16773,1434
1,mongo,S,medium,bike,38,18376,1434
1,mongo,S,medium,bike,39,20594,1434
1,mongo,S,medium,bike,40,21128,1434
1,mongo,S,medium,bike,41,21343,1434
1,mongo,S,medium,bike,42,21665,1434
1,mongo,S,medium,bike,43,29190,1434
1,mongo,S,medium,bike,44,22531,1434
1,mongo,S,medium,bike,45,18675,1434
1,mongo,S,medium,bike,46,18279,1434
1,mongo,S,medium,bike,47,20232,1434
1,mongo,S,medium,bike,48,18845,1434
1,mongo,S,medium,bike,49,20972,1434
1,mongo,S,medium,bike,50,17855,1434
1,mongo,S,medium,bike,51,19599,1434
1,mongo,S,medium,bike,52,20879,1434
1,mongo,S,medium,bike,53,19370,1434
1,mongo,S,medium,bike,54,22715,1434
1,mongo,S,medium,bike,55,20433,1434
1,mongo,S,medium,bike,56,19704,1434
1,mongo,S,medium,bike,57,20826,1434
1,mongo,S,medium,bike,58,21044,1434
1,mongo,S,medium,bike,59,16593,1434
1,mongo,S,medium,bike,60,18300,1434
1,mongo,S,medium,bike,61,19118,1434
1,mongo,S,medium,bike,62,16457,1434
1,mongo,S,medium,bike,63,18183,1434
1,mongo,S,medium,bike,64,16188,1434
1,mongo,S,medium,bike,65,21981,1434
1,mongo,S,medium,bike,66,18511,1434
1,mongo,S,medium,bike,67,20913,1434
1,mongo,S,medium,bike,68,22897,1434
1,mongo,S,medium,bike,69,21140,1434
1,mongo,S,medium,bike,70,19585,1434
1,mongo,S,medium,bike,71,18448,1434
1,mongo,S,medium,bike,72,17271,1434
1,mongo,S,medium,bike,73,15913,1434
1,mongo,S,medium,bike,74,22515,1434
1,mongo,S,medium,bike,75,23940,1434
1,mongo,S,medium,bike,76,31702,1434
1,mongo,S,medium,bike,77,39728,1434
1,mongo,S,medium,bike,78,26655,1434
1,mongo,S,medium,bike,79,25865,1434
1,mongo,S,medium,bike,80,29584,1434
1,mongo,S,medium,bike,81,32686,1434
1,mongo,S,medium,bike,82,27664,1434
1,mongo,S,medium,bike,83,33734,1434
1,mongo,S,medium,bike,84,27685,1434
1,mongo,S,medium,bike,85,27924,1434
1,mongo,S,medium,bike,86,25165,1434
1,mongo,S,medium,bike,87,31140,1434
1,mongo,S,medium,bike,88,27088,1434
1,mongo,S,medium,bike,89,25268,1434
1,mongo,S,medium,bike,90,29077,1434
1,mongo,S,medium,bike,91,35856,1434
1,mongo,S,medium,bike,92,29945,1434
1,mongo,S,medium,bike,93,24680,1434
1,mongo,S,medium,bike,94,24973,1434
1,mongo,S,medium,bike,95,25444,1434
1,mongo,S,medium,bike,96,28532,1434
1,mongo,S,medium,bike,97,26605,1434
1,mongo,S,medium,bike,98,36417,1434
1,mongo,S,medium,bike,99,26062,1434
1,mongo,S,medium,bike,100,27119,1434
1,mongo,S,medium,bike,101,28055,1434
1,mongo,S,medium,bike,102,34025,1434
1,mongo,S,medium,bike,103,24320,1434
1,mongo,S,medium,bike,104,25574,1434
1,mongo,S,medium,bike,105,27596,1434
1,mongo,S,medium,bike,106,18899,1434
1,mongo,S,medium,bike,107,19135,1434
1,mongo,S,medium,bike,108,20649,1434
1,mongo,S,medium,bike,109,18905,1434
1,mongo,S,medium,bike,110,22955,1434
1,mongo,S,medium,bike,111,22261,1434
1,mongo,S,medium,bike,112,16473,1434
1,mongo,S,medium,bike,113,19554,1434
1,mongo,S,medium,bike,114,21653,1434
1,mongo,S,medium,bike,115,19092,1434
1,mongo,S,medium,bike,116,17755,1434
1,mongo,S,medium,bike,117,20117,1434
1,mongo,S,medium,bike,118,22830,1434
1,mongo,S,medium,bike,119,22339,1434
1,mongo,S,medium,bike,120,19410,1434
1,mongo,S,medium,bike,121,18984,1434
1,mongo,S,medium,bike,122,20113,1434
1,mongo,S,medium,bike,123,23853,1434
1,mongo,S,medium,bike,124,21749,1434
1,mongo,S,medium,bike,125,21759,1434
1,mongo,S,medium,bike,126,19670,1434
1,mongo,S,medium,bike,127,25769,1434
1,mongo,S,medium,bike,128,22869,1434
1,mongo,S,medium,bike,129,26285,1434
1,mongo,S,medium,bike,130,30793,1434
1,mongo,S,medium,bike,131,29644,1434
1,mongo,S,medium,bike,132,22635,1434
1,mongo,S,medium,bike,133,27666,1434
1,mongo,S,medium,bike,134,22862,1434
1,mongo,S,medium,bike,135,21807,1434
1,mongo,S,medium,bike,136,20923,1434
1,mongo,S,medium,bike,137,21584,1434
1,mongo,S,medium,bike,138,26322,1434
1,mongo,S,medium,bike,139,22728,1434
1,mongo,S,medium,bike,140,27585,1434
1,mongo,S,medium,bike,141,22435,1434
1,mongo,S,medium,bike,142,23562,1434
1,mongo,S,medium,bike,143,17894,1434
1,mongo,S,medium,bike,144,20333,1434
1,mongo,S,medium,bike,145,18720,1434
1,mongo,S,medium,bike,146,21028,1434
1,mongo,S,medium,bike,147,19297,1434
1,mongo,S,medium,bike,148,18233,1434
1,mongo,S,medium,bike,149,18359,1434
1,mongo,S,medium,bike,150,17901,1434
1,mongo,S,medium,bike,151,19735,1434
1,mongo,S,medium,bike,152,19269,1434
1,mongo,S,medium,bike,153,17211,1434
1,mongo,S,medium,bike,154,17578,1434
1,mongo,S,medium,bike,155,19646,1434
1,mongo,S,medium,bike,156,18756,1434
1,mongo,S,medium,bike,157,22319,1434
1,mongo,S,medium,bike,158,19701,1434
1,mongo,S,medium,bike,159,17884,1434
1,mongo,S,medium,bike,160,21175,1434
1,mongo,S,medium,bike,161,21415,1434
1,mongo,S,medium,bike,162,25392,1434
1,mongo,S,medium,bike,163,20341,1434
1,mongo,S,medium,bike,164,23941,1434
1,mongo,S,medium,bike,165,19526,1434
1,mongo,S,medium,bike,166,20895,1434
1,mongo,S,medium,bike,167,18568,1434
1,mongo,S,medium,bike,168,24966,1434
1,mongo,S,medium,bike,169,21989,1434
1,mongo,S,medium,bike,170,21791,1434
1,mongo,S,medium,bike,171,22772,1434
1,mongo,S,medium,bike,172,17100,1434
1,mongo,S,medium,bike,173,19155,1434
1,mongo,S,medium,bike,174,21243,1434
1,mongo,S,medium,bike,175,22391,1434
1,mongo,S,medium,bike,176,19774,1434
1,mongo,S,medium,bike,177,23122,1434
1,mongo,S,medium,bike,178,24473,1434
1,mongo,S,medium,bike,179,22535,1434
1,mongo,S,medium,bike,180,23870,1434
1,mongo,S,medium,bike,181,18290,1434
1,mongo,S,medium,bike,182,18838,1434
1,mongo,S,medium,bike,183,23845,1434
1,mongo,S,medium,bike,184,21893,1434
1,mongo,S,medium,bike,185,26332,1434
1,mongo,S,medium,bike,186,17249,1434
1,mongo,S,medium,bike,187,25379,1434
1,mongo,S,medium,bike,188,20866,1434
1,mongo,S,medium,bike,189,20394,1434
1,mongo,S,medium,bike,190,20442,1434
1,mongo,S,medium,bike,191,21903,1434
1,mongo,S,medium,bike,192,20102,1434
1,mongo,S,medium,bike,193,20146,1434
1,mongo,S,medium,bike,194,17847,1434
1,mongo,S,medium,bike,195,18523,1434
1,mongo,S,medium,bike,196,19187,1434
1,mongo,S,medium,bike,197,20571,1434
1,mongo,S,medium,bike,198,19925,1434
1,mongo,S,medium,bike,199,20424,1434
1,mongo,U,narrow,bike,0,10230,166
1,mongo,U,narrow,bike,1,7925,166
1,mongo,U,narrow,bike,2,6968,166
1,mongo,U,narrow,bike,3,8509,166
1,mongo,U,narrow,bike,4,8560,166
1,mongo,U,narrow,bike,5,7849,166
1,mongo,U,narrow,bike,6,7537,166
1,mongo,U,narrow,bike,7,7841,166
1,mongo,U,narrow,bike,8,7678,166
1,mongo,U,narrow,bike,9,8085,166
1,mongo,U,narrow,bike,10,7435,166
1,mongo,U,narrow,bike,11,9085,166
1,mongo,U,narrow,bike,12,8669,166
1,mongo,U,narrow,bike,13,7995,166
1,mongo,U,narrow,bike,14,7341,166
1,mongo,U,narrow,bike,15,8253,166
1,mongo,U,narrow,bike,16,8079,166
1,mongo,U,narrow,bike,17,8069,166
1,mongo,U,narrow,bike,18,7058,166
1,mongo,U,narrow,bike,19,7415,166
1,mongo,U,narrow,bike,20,8656,166
1,mongo,U,narrow,bike,21,8295,166
1,mongo,U,narrow,bike,22,8692,166
1,mongo,U,narrow,bike,23,7652,166
1,mongo,U,narrow,bike,24,7894,166
1,mongo,U,narrow,bike,25,8290,166
1,mongo,U,narrow,bike,26,8552,166
1,mongo,U,narrow,bike,27,7285,166
1,mongo,U,narrow,bike,28,8192,166
1,mongo,U,narrow,bike,29,8515,166
1,mongo,U,narrow,bike,30,7329,166
1,mongo,U,narrow,bike,31,8049,166
1,mongo,U,narrow,bike,32,8641,166
1,mongo,U,narrow,bike,33,9017,166
1,mongo,U,narrow,bike,34,7961,166
1,mongo,U,narrow,bike,35,8292,166
1,mongo,U,narrow,bike,36,7279,166
1,mongo,U,narrow,bike,37,7273,166
1,mongo,U,narrow,bike,38,7473,166
1,mongo,U,narrow,bike,39,11554,166
1,mongo,U,narrow,bike,40,7703,166
1,mongo,U,narrow,bike,41,8136,166
1,mongo,U,narrow,bike,42,8698,166
1,mongo,U,narrow,bike,43,8204,166
1,mongo,U,narrow,bike,44,8021,166
1,mongo,U,narrow,bike,45,7788,166
1,mongo,U,narrow,bike,46,7892,166
1,mongo,U,narrow,bike,47,9158,166
1,mongo,U,narrow,bike,48,7605,166
1,mongo,U,narrow,bike,49,6951,166
1,mongo,U,narrow,bike,50,7864,166
1,mongo,U,narrow,bike,51,8521,166
1,mongo,U,narrow,bike,52,8362,166
1,mongo,U,narrow,bike,53,8418,166
1,mongo,U,narrow,bike,54,8099,166
1,mongo,U,narrow,bike,55,8041,166
1,mongo,U,narrow,bike,56,8623,166
1,mongo,U,narrow,bike,57,7469,166
1,mongo,U,narrow,bike,58,8298,166
1,mongo,U,narrow,bike,59,8602,166
1,mongo,U,narrow,bike,60,8135,166
1,mongo,U,narrow,bike,61,7204,166
1,mongo,U,narrow,bike,62,8812,166
1,mongo,U,narrow,bike,63,8792,166
1,mongo,U,narrow,bike,64,8643,166
1,mongo,U,narrow,bike,65,7769,166
1,mongo,U,narrow,bike,66,7791,166
1,mongo,U,narrow,bike,67,8886,166
1,mongo,U,narrow,bike,68,8917,166
1,mongo,U,narrow,bike,69,8615,166
1,mongo,U,narrow,bike,70,8479,166
1,mongo,U,narrow,bike,71,10091,166
1,mongo,U,narrow,bike,72,9845,166
1,mongo,U,narrow,bike,73,9586,166
1,mongo,U,narrow,bike,74,16658,166
1,mongo,U,narrow,bike,75,14116,166
1,mongo,U,narrow,bike,76,11299,166
1,mongo,U,narrow,bike,77,7729,166
1,mongo,U,narrow,bike,78,8770,166
1,mongo,U,narrow,bike,79,8974,166
1,mongo,U,narrow,bike,80,8017,166
1,mongo,U,narrow,bike,81,7833,166
1,mongo,U,narrow,bike,82,7664,166
1,mongo,U,narrow,bike,83,7803,166
1,mongo,U,narrow,bike,84,8369,166
1,mongo,U,narrow,bike,85,8310,166
1,mongo,U,narrow,bike,86,8137,166
1,mongo,U,narrow,bike,87,8527,166
1,mongo,U,narrow,bike,88,7511,166
1,mongo,U,narrow,bike,89,8809,166
1,mongo,U,narrow,bike,90,7589,166
1,mongo,U,narrow,bike,91,9427,166
1,mongo,U,narrow,bike,92,8284,166
1,mongo,U,narrow,bike,93,7765,166
1,mongo,U,narrow,bike,94,8842,166
1,mongo,U,narrow,bike,95,8923,166
1,mongo,U,narrow,bike,96,8161,166
1,mongo,U,narrow,bike,97,8474,166
1,mongo,U,narrow,bike,98,7900,166
1,mongo,U,narrow,bike,99,8012,166
1,mongo,U,narrow,bike,100,7491,166
1,mongo,U,narrow,bike,101,7548,166
1,mongo,U,narrow,bike,102,8552,166
1,mongo,U,narrow,bike,103,7794,166
1,mongo,U,narrow,bike,104,8294,166
1,mongo,U,narrow,bike,105,8951,166
1,mongo,U,narrow,bike,106,8046,166
1,mongo,U,narrow,bike,107,8203,166
1,mongo,U,narrow,bike,108,8861,166
1,mongo,U,narrow,bike,109,6871,166
1,mongo,U,narrow,bike,110,7638,166
1,mongo,U,narrow,bike,111,8050,166
1,mongo,U,narrow,bike,112,8182,166
1,mongo,U,narrow,bike,113,8441,166
1,mongo,U,narrow,bike,114,8230,166
1,mongo,U,narrow,bike,115,7709,166
1,mongo,U,narrow,bike,116,7890,166
1,mongo,U,narrow,bike,117,7665,166
1,mongo,U,narrow,bike,118,9021,166
1,mongo,U,narrow,bike,119,7957,166
1,mongo,U,narrow,bike,120,8277,166
1,mongo,U,narrow,bike,121,7990,166
1,mongo,U,narrow,bike,122,7638,166
1,mongo,U,narrow,bike,123,7482,166
1,mongo,U,narrow,bike,124,8531,166
1,mongo,U,narrow,bike,125,7846,166
1,mongo,U,narrow,bike,126,8733,166
1,mongo,U,narrow,bike,127,8525,166
1,mongo,U,narrow,bike,128,8086,166
1,mongo,U,narrow,bike,129,8118,166
1,mongo,U,narrow,bike,130,7963,166
1,mongo,U,narrow,bike,131,8445,166
1,mongo,U,narrow,bike,132,7869,166
1,mongo,U,narrow,bike,133,7753,166
1,mongo,U,narrow,bike,134,7124,166
1,mongo,U,narrow,bike,135,8257,166
1,mongo,U,narrow,bike,136,8929,166
1,mongo,U,narrow,bike,137,8458,166
1,mongo,U,narrow,bike,138,7854,166
1,mongo,U,narrow,bike,139,7569,166
1,mongo,U,narrow,bike,140,8189,166
1,mongo,U,narrow,bike,141,8856,166
1,mongo,U,narrow,bike,142,8216,166
1,mongo,U,narrow,bike,143,8801,166
1,mongo,U,narrow,bike,144,7521,166
1,mongo,U,narrow,bike,145,7222,166
1,mongo,U,narrow,bike,146,7679,166
1,mongo,U,narrow,bike,147,8285,166
1,mongo,U,narrow,bike,148,8605,166
1,mongo,U,narrow,bike,149,9043,166
1,mongo,U,narrow,bike,150,8857,166
1,mongo,U,narrow,bike,151,8517,166
1,mongo,U,narrow,bike,152,9020,166
1,mongo,U,narrow,bike,153,8077,166
1,mongo,U,narrow,bike,154,8205,166
1,mongo,U,narrow,bike,155,8359,166
1,mongo,U,narrow,bike,156,8052,166
1,mongo,U,narrow,bike,157,8419,166
1,mongo,U,narrow,bike,158,8569,166
1,mongo,U,narrow,bike,159,7728,166
1,mongo,U,narrow,bike,160,8759,166
1,mongo,U,narrow,bike,161,8422,166
1,mongo,U,narrow,bike,162,8631,166
1,mongo,U,narrow,bike,163,8208,166
1,mongo,U,narrow,bike,164,7649,166
1,mongo,U,narrow,bike,165,8765,166
1,mongo,U,narrow,bike,166,7518,166
1,mongo,U,narrow,bike,167,7607,166
1,mongo,U,narrow,bike,168,7538,166
1,mongo,U,narrow,bike,169,7610,166
1,mongo,U,narrow,bike,170,7973,166
1,mongo,U,narrow,bike,171,8050,166
1,mongo,U,narrow,bike,172,7810,166
1,mongo,U,narrow,bike,173,8095,166
1,mongo,U,narrow,bike,174,8362,166
1,mongo,U,narrow,bike,175,9148,166
1,mongo,U,narrow,bike,176,7931,166
1,mongo,U,narrow,bike,177,8915,166
1,mongo,U,narrow,bike,178,8322,166
1,mongo,U,narrow,bike,179,8681,166
1,mongo,U,narrow,bike,180,8159,166
1,mongo,U,narrow,bike,181,7658,166
1,mongo,U,narrow,bike,182,7405,166
1,mongo,U,narrow,bike,183,8015,166
1,mongo,U,narrow,bike,184,9094,166
1,mongo,U,narrow,bike,185,8841,166
1,mongo,U,narrow,bike,186,8694,166
1,mongo,U,narrow,bike,187,7413,166
1,mongo,U,narrow,bike,188,7996,166
1,mongo,U,narrow,bike,189,7504,166
1,mongo,U,narrow,bike,190,7704,166
1,mongo,U,narrow,bike,191,9471,166
1,mongo,U,narrow,bike,192,8777,166
1,mongo,U,narrow,bike,193,9009,166
1,mongo,U,narrow,bike,194,7321,166
1,mongo,U,narrow,bike,195,9357,166
1,mongo,U,narrow,bike,196,8817,166
1,mongo,U,narrow,bike,197,8754,166
1,mongo,U,narrow,bike,198,7621,166
1,mongo,U,narrow,bike,199,9598,166
1,pg,S,medium,bus,0,111952,6217
1,pg,S,medium,bus,1,104564,6217
1,pg,S,medium,bus,2,104940,6217
1,pg,S,medium,bus,3,104083,6217
1,pg,S,medium,bus,4,126184,6217
1,pg,S,medium,bus,5,109574,6217
1,pg,S,medium,bus,6,121878,6217
1,pg,S,medium,bus,7,103397,6217
1,pg,S,medium,bus,8,102536,6217
1,pg,S,medium,bus,9,125584,6217
1,pg,S,medium,bus,10,109912,6217
1,pg,S,medium,bus,11,139900,6217
1,pg,S,medium,bus,12,170042,6217
1,pg,S,medium,bus,13,156083,6217
1,pg,S,medium,bus,14,142739,6217
1,pg,S,medium,bus,15,154356,6217
1,pg,S,medium,bus,16,126483,6217
1,pg,S,medium,bus,17,109751,6217
1,pg,S,medium,bus,18,119495,6217
1,pg,S,medium,bus,19,107417,6217
1,pg,S,medium,bus,20,104615,6217
1,pg,S,medium,bus,21,103238,6217
1,pg,S,medium,bus,22,105815,6217
1,pg,S,medium,bus,23,105908,6217
1,pg,S,medium,bus,24,130615,6217
1,pg,S,medium,bus,25,140177,6217
1,pg,S,medium,bus,26,126671,6217
1,pg,S,medium,bus,27,101417,6217
1,pg,S,medium,bus,28,107057,6217
1,pg,S,medium,bus,29,108929,6217
1,pg,S,medium,bus,30,107458,6217
1,pg,S,medium,bus,31,106838,6217
1,pg,S,medium,bus,32,123229,6217
1,pg,S,medium,bus,33,120667,6217
1,pg,S,medium,bus,34,127515,6217
1,pg,S,medium,bus,35,102563,6217
1,pg,S,medium,bus,36,104485,6217
1,pg,S,medium,bus,37,101177,6217
1,pg,S,medium,bus,38,103386,6217
1,pg,S,medium,bus,39,104053,6217
1,pg,S,medium,bus,40,98999,6217
1,pg,S,medium,bus,41,100082,6217
1,pg,S,medium,bus,42,100245,6217
1,pg,S,medium,bus,43,122080,6217
1,pg,S,medium,bus,44,113900,6217
1,pg,S,medium,bus,45,103806,6217
1,pg,S,medium,bus,46,102767,6217
1,pg,S,medium,bus,47,108828,6217
1,pg,S,medium,bus,48,105478,6217
1,pg,S,medium,bus,49,104883,6217
1,pg,S,medium,bus,50,105549,6217
1,pg,S,medium,bus,51,103381,6217
1,pg,S,medium,bus,52,107197,6217
1,pg,S,medium,bus,53,110655,6217
1,pg,S,medium,bus,54,106381,6217
1,pg,S,medium,bus,55,128870,6217
1,pg,S,medium,bus,56,125389,6217
1,pg,S,medium,bus,57,109692,6217
1,pg,S,medium,bus,58,114553,6217
1,pg,S,medium,bus,59,116975,6217
1,pg,S,medium,bus,60,113576,6217
1,pg,S,medium,bus,61,203034,6217
1,pg,S,medium,bus,62,222841,6217
1,pg,S,medium,bus,63,199834,6217
1,pg,S,medium,bus,64,161469,6217
1,pg,S,medium,bus,65,131764,6217
1,pg,S,medium,bus,66,110930,6217
1,pg,S,medium,bus,67,111121,6217
1,pg,S,medium,bus,68,106310,6217
1,pg,S,medium,bus,69,105916,6217
1,pg,S,medium,bus,70,101745,6217
1,pg,S,medium,bus,71,123388,6217
1,pg,S,medium,bus,72,105664,6217
1,pg,S,medium,bus,73,106822,6217
1,pg,S,medium,bus,74,107598,6217
1,pg,S,medium,bus,75,125202,6217
1,pg,S,medium,bus,76,106199,6217
1,pg,S,medium,bus,77,108772,6217
1,pg,S,medium,bus,78,119745,6217
1,pg,S,medium,bus,79,109237,6217
1,pg,S,medium,bus,80,106811,6217
1,pg,S,medium,bus,81,107247,6217
1,pg,S,medium,bus,82,121241,6217
1,pg,S,medium,bus,83,104189,6217
1,pg,S,medium,bus,84,101738,6217
1,pg,S,medium,bus,85,102839,6217
1,pg,S,medium,bus,86,102222,6217
1,pg,S,medium,bus,87,118174,6217
1,pg,S,medium,bus,88,101578,6217
1,pg,S,medium,bus,89,132066,6217
1,pg,S,medium,bus,90,121582,6217
1,pg,S,medium,bus,91,118654,6217
1,pg,S,medium,bus,92,104875,6217
1,pg,S,medium,bus,93,104806,6217
1,pg,S,medium,bus,94,105969,6217
1,pg,S,medium,bus,95,105750,6217
1,pg,S,medium,bus,96,100570,6217
1,pg,S,medium,bus,97,114428,6217
1,pg,S,medium,bus,98,120664,6217
1,pg,S,medium,bus,99,104638,6217
1,pg,S,medium,bus,100,107100,6217
1,pg,S,medium,bus,101,105957,6217
1,pg,S,medium,bus,102,104095,6217
1,pg,S,medium,bus,103,105724,6217
1,pg,S,medium,bus,104,105889,6217
1,pg,S,medium,bus,105,104436,6217
1,pg,S,medium,bus,106,122850,6217
1,pg,S,medium,bus,107,126664,6217
1,pg,S,medium,bus,108,140274,6217
1,pg,S,medium,bus,109,219622,6217
1,pg,S,medium,bus,110,188646,6217
1,pg,S,medium,bus,111,207064,6217
1,pg,S,medium,bus,112,142353,6217
1,pg,S,medium,bus,113,112681,6217
1,pg,S,medium,bus,114,107492,6217
1,pg,S,medium,bus,115,104406,6217
1,pg,S,medium,bus,116,107089,6217
1,pg,S,medium,bus,117,125985,6217
1,pg,S,medium,bus,118,112326,6217
1,pg,S,medium,bus,119,104226,6217
1,pg,S,medium,bus,120,104369,6217
1,pg,S,medium,bus,121,106220,6217
1,pg,S,medium,bus,122,110461,6217
1,pg,S,medium,bus,123,109638,6217
1,pg,S,medium,bus,124,106128,6217
1,pg,S,medium,bus,125,109749,6217
1,pg,S,medium,bus,126,125003,6217
1,pg,S,medium,bus,127,106108,6217
1,pg,S,medium,bus,128,113968,6217
1,pg,S,medium,bus,129,108052,6217
1,pg,S,medium,bus,130,109318,6217
1,pg,S,medium,bus,131,143925,6217
1,pg,S,medium,bus,132,111831,6217
1,pg,S,medium,bus,133,106917,6217
1,pg,S,medium,bus,134,106747,6217
1,pg,S,medium,bus,135,120558,6217
1,pg,S,medium,bus,136,122086,6217
1,pg,S,medium,bus,137,105266,6217
1,pg,S,medium,bus,138,129439,6217
1,pg,S,medium,bus,139,110361,6217
1,pg,S,medium,bus,140,105209,6217
1,pg,S,medium,bus,141,106057,6217
1,pg,S,medium,bus,142,105496,6217
1,pg,S,medium,bus,143,105019,6217
1,pg,S,medium,bus,144,103643,6217
1,pg,S,medium,bus,145,104965,6217
1,pg,S,medium,bus,146,106184,6217
1,pg,S,medium,bus,147,106480,6217
1,pg,S,medium,bus,148,99041,6217
1,pg,S,medium,bus,149,117629,6217
1,pg,S,medium,bus,150,138307,6217
1,pg,S,medium,bus,151,101348,6217
1,pg,S,medium,bus,152,105648,6217
1,pg,S,medium,bus,153,105936,6217
1,pg,S,medium,bus,154,103284,6217
1,pg,S,medium,bus,155,108511,6217
1,pg,S,medium,bus,156,164725,6217
1,pg,S,medium,bus,157,180194,6217
1,pg,S,medium,bus,158,192739,6217
1,pg,S,medium,bus,159,159498,6217
1,pg,S,medium,bus,160,134384,6217
1,pg,S,medium,bus,161,122337,6217
1,pg,S,medium,bus,162,105504,6217
1,pg,S,medium,bus,163,108038,6217
1,pg,S,medium,bus,164,103209,6217
1,pg,S,medium,bus,165,106359,6217
1,pg,S,medium,bus,166,118350,6217
1,pg,S,medium,bus,167,104723,6217
1,pg,S,medium,bus,168,104515,6217
1,pg,S,medium,bus,169,109861,6217
1,pg,S,medium,bus,170,103698,6217
1,pg,S,medium,bus,171,118569,6217
1,pg,S,medium,bus,172,99505,6217
1,pg,S,medium,bus,173,99560,6217
1,pg,S,medium,bus,174,121122,6217
1,pg,S,medium,bus,175,126154,6217
1,pg,S,medium,bus,176,103427,6217
1,pg,S,medium,bus,177,108477,6217
1,pg,S,medium,bus,178,110395,6217
1,pg,S,medium,bus,179,127731,6217
1,pg,S,medium,bus,180,106003,6217
1,pg,S,medium,bus,181,109571,6217
1,pg,S,medium,bus,182,107185,6217
1,pg,S,medium,bus,183,121674,6217
1,pg,S,medium,bus,184,103177,6217
1,pg,S,medium,bus,185,119749,6217
1,pg,S,medium,bus,186,105973,6217
1,pg,S,medium,bus,187,106021,6217
1,pg,S,medium,bus,188,106771,6217
1,pg,S,medium,bus,189,103176,6217
1,pg,S,medium,bus,190,110852,6217
1,pg,S,medium,bus,191,100357,6217
1,pg,S,medium,bus,192,98747,6217
1,pg,S,medium,bus,193,99891,6217
1,pg,S,medium,bus,194,107882,6217
1,pg,S,medium,bus,195,120116,6217
1,pg,S,medium,bus,196,105816,6217
1,pg,S,medium,bus,197,99854,6217
1,pg,S,medium,bus,198,107457,6217
1,pg,S,medium,bus,199,103330,6217
1,pg,U,wide,both,0,249679,13842
1,pg,U,wide,both,1,256984,13842
1,pg,U,wide,both,2,364950,13842
1,pg,U,wide,both,3,344518,13842
1,pg,U,wide,both,4,308249,13842
1,pg,U,wide,both,5,253149,13842
1,pg,U,wide,both,6,259011,13842
1,pg,U,wide,both,7,259405,13842
1,pg,U,wide,both,8,253672,13842
1,pg,U,wide,both,9,274304,13842
1,pg,U,wide,both,10,259357,13842
1,pg,U,wide,both,11,263577,13842
1,pg,U,wide,both,12,249691,13842
1,pg,U,wide,both,13,255837,13842
1,pg,U,wide,both,14,254546,13842
1,pg,U,wide,both,15,260044,13842
1,pg,U,wide,both,16,260262,13842
1,pg,U,wide,both,17,281079,13842
1,pg,U,wide,both,18,295805,13842
1,pg,U,wide,both,19,295486,13842
1,pg,U,wide,both,20,244430,13842
1,pg,U,wide,both,21,243867,13842
1,pg,U,wide,both,22,347133,13842
1,pg,U,wide,both,23,473431,13842
1,pg,U,wide,both,24,358617,13842
1,pg,U,wide,both,25,267525,13842
1,pg,U,wide,both,26,262496,13842
1,pg,U,wide,both,27,255758,13842
1,pg,U,wide,both,28,257636,13842
1,pg,U,wide,both,29,245496,13842
1,pg,U,wide,both,30,252081,13842
1,pg,U,wide,both,31,278987,13842
1,pg,U,wide,both,32,257009,13842
1,pg,U,wide,both,33,257199,13842
1,pg,U,wide,both,34,270123,13842
1,pg,U,wide,both,35,276254,13842
1,pg,U,wide,both,36,262764,13842
1,pg,U,wide,both,37,275111,13842
1,pg,U,wide,both,38,249911,13842
1,pg,U,wide,both,39,312899,13842
1,pg,U,wide,both,40,253027,13842
1,pg,U,wide,both,41,254398,13842
1,pg,U,wide,both,42,325107,13842
1,pg,U,wide,both,43,512592,13842
1,pg,U,wide,both,44,399417,13842
1,pg,U,wide,both,45,300116,13842
1,pg,U,wide,both,46,270662,13842
1,pg,U,wide,both,47,271540,13842
1,pg,U,wide,both,48,305213,13842
1,pg,U,wide,both,49,262975,13842
1,pg,U,wide,both,50,258455,13842
1,pg,U,wide,both,51,254738,13842
1,pg,U,wide,both,52,275813,13842
1,pg,U,wide,both,53,268033,13842
1,pg,U,wide,both,54,259857,13842
1,pg,U,wide,both,55,266176,13842
1,pg,U,wide,both,56,290272,13842
1,pg,U,wide,both,57,251830,13842
1,pg,U,wide,both,58,258146,13842
1,pg,U,wide,both,59,260139,13842
1,pg,U,wide,both,60,283384,13842
1,pg,U,wide,both,61,299954,13842
1,pg,U,wide,both,62,303198,13842
1,pg,U,wide,both,63,438594,13842
1,pg,U,wide,both,64,354172,13842
1,pg,U,wide,both,65,276104,13842
1,pg,U,wide,both,66,276916,13842
1,pg,U,wide,both,67,281939,13842
1,pg,U,wide,both,68,273304,13842
1,pg,U,wide,both,69,265969,13842
1,pg,U,wide,both,70,257202,13842
1,pg,U,wide,both,71,252199,13842
1,pg,U,wide,both,72,253380,13842
1,pg,U,wide,both,73,289995,13842
1,pg,U,wide,both,74,271765,13842
1,pg,U,wide,both,75,271115,13842
1,pg,U,wide,both,76,264077,13842
1,pg,U,wide,both,77,302135,13842
1,pg,U,wide,both,78,315470,13842
1,pg,U,wide,both,79,258631,13842
1,pg,U,wide,both,80,300279,13842
1,pg,U,wide,both,81,335667,13842
1,pg,U,wide,both,82,376750,13842
1,pg,U,wide,both,83,375920,13842
1,pg,U,wide,both,84,301030,13842
1,pg,U,wide,both,85,437844,13842
1,pg,U,wide,both,86,272899,13842
1,pg,U,wide,both,87,320130,13842
1,pg,U,wide,both,88,298934,13842
1,pg,U,wide,both,89,302359,13842
1,pg,U,wide,both,90,250850,13842
1,pg,U,wide,both,91,259436,13842
1,pg,U,wide,both,92,256148,13842
1,pg,U,wide,both,93,250873,13842
1,pg,U,wide,both,94,292548,13842
1,pg,U,wide,both,95,331271,13842
1,pg,U,wide,both,96,303115,13842
1,pg,U,wide,both,97,261209,13842
1,pg,U,wide,both,98,264413,13842
1,pg,U,wide,both,99,318185,13842
1,pg,U,wide,both,100,350210,13842
1,pg,U,wide,both,101,344407,13842
1,pg,U,wide,both,102,345413,13842
1,pg,U,wide,both,103,299193,13842
1,pg,U,wide,both,104,255766,13842
1,pg,U,wide,both,105,265076,13842
1,pg,U,wide,both,106,267242,13842
1,pg,U,wide,both,107,272449,13842
1,pg,U,wide,both,108,256210,13842
1,pg,U,wide,both,109,272262,13842
1,pg,U,wide,both,110,253363,13842
1,pg,U,wide,both,111,309771,13842
1,pg,U,wide,both,112,240261,13842
1,pg,U,wide,both,113,250727,13842
1,pg,U,wide,both,114,251028,13842
1,pg,U,wide,both,115,246906,13842
1,pg,U,wide,both,116,253062,13842
1,pg,U,wide,both,117,276743,13842
1,pg,U,wide,both,118,292506,13842
1,pg,U,wide,both,119,281191,13842
1,pg,U,wide,both,120,308730,13842
1,pg,U,wide,both,121,307913,13842
1,pg,U,wide,both,122,324359,13842
1,pg,U,wide,both,123,288480,13842
1,pg,U,wide,both,124,272036,13842
1,pg,U,wide,both,125,252865,13842
1,pg,U,wide,both,126,263970,13842
1,pg,U,wide,both,127,298906,13842
1,pg,U,wide,both,128,269844,13842
1,pg,U,wide,both,129,266473,13842
1,pg,U,wide,both,130,262748,13842
1,pg,U,wide,both,131,317455,13842
1,pg,U,wide,both,132,251998,13842
1,pg,U,wide,both,133,254168,13842
1,pg,U,wide,both,134,253601,13842
1,pg,U,wide,both,135,253130,13842
1,pg,U,wide,both,136,250957,13842
1,pg,U,wide,both,137,248997,13842
1,pg,U,wide,both,138,251746,13842
1,pg,U,wide,both,139,301455,13842
1,pg,U,wide,both,140,332094,13842
1,pg,U,wide,both,141,335787,13842
1,pg,U,wide,both,142,317664,13842
1,pg,U,wide,both,143,310151,13842
1,pg,U,wide,both,144,286918,13842
1,pg,U,wide,both,145,287958,13842
1,pg,U,wide,both,146,269091,13842
1,pg,U,wide,both,147,275035,13842
1,pg,U,wide,both,148,258049,13842
1,pg,U,wide,both,149,298807,13842
1,pg,U,wide,both,150,266993,13842
1,pg,U,wide,both,151,259770,13842
1,pg,U,wide,both,152,262201,13842
1,pg,U,wide,both,153,260586,13842
1,pg,U,wide,both,154,271506,13842
1,pg,U,wide,both,155,251178,13842
1,pg,U,wide,both,156,248453,13842
1,pg,U,wide,both,157,251725,13842
1,pg,U,wide,both,158,255042,13842
1,pg,U,wide,both,159,302084,13842
1,pg,U,wide,both,160,300814,13842
1,pg,U,wide,both,161,374087,13842
1,pg,U,wide,both,162,327513,13842
1,pg,U,wide,both,163,261908,13842
1,pg,U,wide,both,164,253877,13842
1,pg,U,wide,both,165,259463,13842
1,pg,U,wide,both,166,242723,13842
1,pg,U,wide,both,167,249076,13842
1,pg,U,wide,both,168,248930,13842
1,pg,U,wide,both,169,266489,13842
1,pg,U,wide,both,170,296637,13842
1,pg,U,wide,both,171,299931,13842
1,pg,U,wide,both,172,251507,13842
1,pg,U,wide,both,173,258918,13842
1,pg,U,wide,both,174,252914,13842
1,pg,U,wide,both,175,255379,13842
1,pg,U,wide,both,176,256756,13842
1,pg,U,wide,both,177,269654,13842
1,pg,U,wide,both,178,255728,13842
1,pg,U,wide,both,179,285714,13842
1,pg,U,wide,both,180,308054,13842
1,pg,U,wide,both,181,289386,13842
1,pg,U,wide,both,182,332095,13842
1,pg,U,wide,both,183,315806,13842
1,pg,U,wide,both,184,294754,13842
1,pg,U,wide,both,185,262754,13842
1,pg,U,wide,both,186,252326,13842
1,pg,U,wide,both,187,285803,13842
1,pg,U,wide,both,188,267083,13842
1,pg,U,wide,both,189,278649,13842
1,pg,U,wide,both,190,262943,13842
1,pg,U,wide,both,191,275392,13842
1,pg,U,wide,both,192,283229,13842
1,pg,U,wide,both,193,267926,13842
1,pg,U,wide,both,194,267000,13842
1,pg,U,wide,both,195,308749,13842
1,pg,U,wide,both,196,257752,13842
1,pg,U,wide,both,197,259502,13842
1,pg,U,wide,both,198,249427,13842
1,pg,U,wide,both,199,307037,13842
1,pg,S,narrow,bike,0,9396,166
1,pg,S,narrow,bike,1,6656,166
1,pg,S,narrow,bike,2,6686,166
1,pg,S,narrow,bike,3,7007,166
1,pg,S,narrow,bike,4,6577,166
1,pg,S,narrow,bike,5,6867,166
1,pg,S,narrow,bike,6,6209,166
1,pg,S,narrow,bike,7,6506,166
1,pg,S,narrow,bike,8,7107,166
1,pg,S,narrow,bike,9,6136,166
1,pg,S,narrow,bike,10,8052,166
1,pg,S,narrow,bike,11,7576,166
1,pg,S,narrow,bike,12,7166,166
1,pg,S,narrow,bike,13,7551,166
1,pg,S,narrow,bike,14,8560,166
1,pg,S,narrow,bike,15,9402,166
1,pg,S,narrow,bike,16,8741,166
1,pg,S,narrow,bike,17,6549,166
1,pg,S,narrow,bike,18,6936,166
1,pg,S,narrow,bike,19,9147,166
1,pg,S,narrow,bike,20,7701,166
1,pg,S,narrow,bike,21,8370,166
1,pg,S,narrow,bike,22,6539,166
1,pg,S,narrow,bike,23,5782,166
1,pg,S,narrow,bike,24,6172,166
1,pg,S,narrow,bike,25,6869,166
1,pg,S,narrow,bike,26,5855,166
1,pg,S,narrow,bike,27,5874,166
1,pg,S,narrow,bike,28,6733,166
1,pg,S,narrow,bike,29,6976,166
1,pg,S,narrow,bike,30,7470,166
1,pg,S,narrow,bike,31,5462,166
1,pg,S,narrow,bike,32,5281,166
1,pg,S,narrow,bike,33,6127,166
1,pg,S,narrow,bike,34,5570,166
1,pg,S,narrow,bike,35,6128,166
1,pg,S,narrow,bike,36,6153,166
1,pg,S,narrow,bike,37,6476,166
1,pg,S,narrow,bike,38,6601,166
1,pg,S,narrow,bike,39,5086,166
1,pg,S,narrow,bike,40,5859,166
1,pg,S,narrow,bike,41,5192,166
1,pg,S,narrow,bike,42,6724,166
1,pg,S,narrow,bike,43,6671,166
1,pg,S,narrow,bike,44,5286,166
1,pg,S,narrow,bike,45,5288,166
1,pg,S,narrow,bike,46,5663,166
1,pg,S,narrow,bike,47,5419,166
1,pg,S,narrow,bike,48,5917,166
1,pg,S,narrow,bike,49,5893,166
1,pg,S,narrow,bike,50,6717,166
1,pg,S,narrow,bike,51,5193,166
1,pg,S,narrow,bike,52,4909,166
1,pg,S,narrow,bike,53,5433,166
1,pg,S,narrow,bike,54,5095,166
1,pg,S,narrow,bike,55,5000,166
1,pg,S,narrow,bike,56,5404,166
1,pg,S,narrow,bike,57,4946,166
1,pg,S,narrow,bike,58,4987,166
1,pg,S,narrow,bike,59,5090,166
1,pg,S,narrow,bike,60,5247,166
1,pg,S,narrow,bike,61,5156,166
1,pg,S,narrow,bike,62,6575,166
1,pg,S,narrow,bike,63,6047,166
1,pg,S,narrow,bike,64,4990,166
1,pg,S,narrow,bike,65,5479,166
1,pg,S,narrow,bike,66,6213,166
1,pg,S,narrow,bike,67,6033,166
1,pg,S,narrow,bike,68,5528,166
1,pg,S,narrow,bike,69,5248,166
1,pg,S,narrow,bike,70,5481,166
1,pg,S,narrow,bike,71,7084,166
1,pg,S,narrow,bike,72,6898,166
1,pg,S,narrow,bike,73,6765,166
1,pg,S,narrow,bike,74,5863,166
1,pg,S,narrow,bike,75,5941,166
1,pg,S,narrow,bike,76,8777,166
1,pg,S,narrow,bike,77,8372,166
1,pg,S,narrow,bike,78,10252,166
1,pg,S,narrow,bike,79,10122,166
1,pg,S,narrow,bike,80,10026,166
1,pg,S,narrow,bike,81,10122,166
1,pg,S,narrow,bike,82,8365,166
1,pg,S,narrow,bike,83,7977,166
1,pg,S,narrow,bike,84,10665,166
1,pg,S,narrow,bike,85,8088,166
1,pg,S,narrow,bike,86,20008,166
1,pg,S,narrow,bike,87,13440,166
1,pg,S,narrow,bike,88,8519,166
1,pg,S,narrow,bike,89,9976,166
1,pg,S,narrow,bike,90,8009,166
1,pg,S,narrow,bike,91,8716,166
1,pg,S,narrow,bike,92,8558,166
1,pg,S,narrow,bike,93,7134,166
1,pg,S,narrow,bike,94,8035,166
1,pg,S,narrow,bike,95,7311,166
1,pg,S,narrow,bike,96,7170,166
1,pg,S,narrow,bike,97,8057,166
1,pg,S,narrow,bike,98,9348,166
1,pg,S,narrow,bike,99,9958,166
1,pg,S,narrow,bike,100,8568,166
1,pg,S,narrow,bike,101,9164,166
1,pg,S,narrow,bike,102,9176,166
1,pg,S,narrow,bike,103,7390,166
1,pg,S,narrow,bike,104,6513,166
1,pg,S,narrow,bike,105,8925,166
1,pg,S,narrow,bike,106,9206,166
1,pg,S,narrow,bike,107,6757,166
1,pg,S,narrow,bike,108,6492,166
1,pg,S,narrow,bike,109,8930,166
1,pg,S,narrow,bike,110,8948,166
1,pg,S,narrow,bike,111,6918,166
1,pg,S,narrow,bike,112,7001,166
1,pg,S,narrow,bike,113,6329,166
1,pg,S,narrow,bike,114,8522,166
1,pg,S,narrow,bike,115,6599,166
1,pg,S,narrow,bike,116,6992,166
1,pg,S,narrow,bike,117,7420,166
1,pg,S,narrow,bike,118,6969,166
1,pg,S,narrow,bike,119,7117,166
1,pg,S,narrow,bike,120,8159,166
1,pg,S,narrow,bike,121,7414,166
1,pg,S,narrow,bike,122,6649,166
1,pg,S,narrow,bike,123,6752,166
1,pg,S,narrow,bike,124,7308,166
1,pg,S,narrow,bike,125,6224,166
1,pg,S,narrow,bike,126,6664,166
1,pg,S,narrow,bike,127,6065,166
1,pg,S,narrow,bike,128,6729,166
1,pg,S,narrow,bike,129,7159,166
1,pg,S,narrow,bike,130,6406,166
1,pg,S,narrow,bike,131,6845,166
1,pg,S,narrow,bike,132,5942,166
1,pg,S,narrow,bike,133,6719,166
1,pg,S,narrow,bike,134,5920,166
1,pg,S,narrow,bike,135,7401,166
1,pg,S,narrow,bike,136,6240,166
1,pg,S,narrow,bike,137,6725,166
1,pg,S,narrow,bike,138,8027,166
1,pg,S,narrow,bike,139,7433,166
1,pg,S,narrow,bike,140,9115,166
1,pg,S,narrow,bike,141,7479,166
1,pg,S,narrow,bike,142,7343,166
1,pg,S,narrow,bike,143,7092,166
1,pg,S,narrow,bike,144,7774,166
1,pg,S,narrow,bike,145,6891,166
1,pg,S,narrow,bike,146,8339,166
1,pg,S,narrow,bike,147,7589,166
1,pg,S,narrow,bike,148,6702,166
1,pg,S,narrow,bike,149,6173,166
1,pg,S,narrow,bike,150,8366,166
1,pg,S,narrow,bike,151,7192,166
1,pg,S,narrow,bike,152,6856,166
1,pg,S,narrow,bike,153,6859,166
1,pg,S,narrow,bike,154,6754,166
1,pg,S,narrow,bike,155,5778,166
1,pg,S,narrow,bike,156,6768,166
1,pg,S,narrow,bike,157,5196,166
1,pg,S,narrow,bike,158,5367,166
1,pg,S,narrow,bike,159,5776,166
1,pg,S,narrow,bike,160,5472,166
1,pg,S,narrow,bike,161,6552,166
1,pg,S,narrow,bike,162,7279,166
1,pg,S,narrow,bike,163,6086,166
1,pg,S,narrow,bike,164,7152,166
1,pg,S,narrow,bike,165,6651,166
1,pg,S,narrow,bike,166,4975,166
1,pg,S,narrow,bike,167,5628,166
1,pg,S,narrow,bike,168,5681,166
1,pg,S,narrow,bike,169,5806,166
1,pg,S,narrow,bike,170,6958,166
1,pg,S,narrow,bike,171,5378,166
1,pg,S,narrow,bike,172,5422,166
1,pg,S,narrow,bike,173,5502,166
1,pg,S,narrow,bike,174,6608,166
1,pg,S,narrow,bike,175,6539,166
1,pg,S,narrow,bike,176,5347,166
1,pg,S,narrow,bike,177,5310,166
1,pg,S,narrow,bike,178,7117,166
1,pg,S,narrow,bike,179,6123,166
1,pg,S,narrow,bike,180,5075,166
1,pg,S,narrow,bike,181,5510,166
1,pg,S,narrow,bike,182,5153,166
1,pg,S,narrow,bike,183,6433,166
1,pg,S,narrow,bike,184,5033,166
1,pg,S,narrow,bike,185,6114,166
1,pg,S,narrow,bike,186,6167,166
1,pg,S,narrow,bike,187,7050,166
1,pg,S,narrow,bike,188,6509,166
1,pg,S,narrow,bike,189,4809,166
1,pg,S,narrow,bike,190,5011,166
1,pg,S,narrow,bike,191,5048,166
1,pg,S,narrow,bike,192,6403,166
1,pg,S,narrow,bike,193,5930,166
1,pg,S,narrow,bike,194,5801,166
1,pg,S,narrow,bike,195,5413,166
1,pg,S,narrow,bike,196,5215,166
1,pg,S,narrow,bike,197,6479,166
1,pg,S,narrow,bike,198,5113,166
1,pg,S,narrow,bike,199,5246,166
1,mongo,U,narrow,bus,0,27779,518
1,mongo,U,narrow,bus,1,22793,518
1,mongo,U,narrow,bus,2,18861,518
1,mongo,U,narrow,bus,3,20309,518
1,mongo,U,narrow,bus,4,20919,518
1,mongo,U,narrow,bus,5,19149,518
1,mongo,U,narrow,bus,6,18707,518
1,mongo,U,narrow,bus,7,19782,518
1,mongo,U,narrow,bus,8,21454,518
1,mongo,U,narrow,bus,9,20768,518
1,mongo,U,narrow,bus,10,20868,518
1,mongo,U,narrow,bus,11,20463,518
1,mongo,U,narrow,bus,12,19830,518
1,mongo,U,narrow,bus,13,21434,518
1,mongo,U,narrow,bus,14,20766,518
1,mongo,U,narrow,bus,15,20584,518
1,mongo,U,narrow,bus,16,19851,518
1,mongo,U,narrow,bus,17,19974,518
1,mongo,U,narrow,bus,18,21135,518
1,mongo,U,narrow,bus,19,20401,518
1,mongo,U,narrow,bus,20,20537,518
1,mongo,U,narrow,bus,21,20249,518
1,mongo,U,narrow,bus,22,20641,518
1,mongo,U,narrow,bus,23,20852,518
1,mongo,U,narrow,bus,24,21865,518
1,mongo,U,narrow,bus,25,21768,518
1,mongo,U,narrow,bus,26,21753,518
1,mongo,U,narrow,bus,27,20318,518
1,mongo,U,narrow,bus,28,21818,518
1,mongo,U,narrow,bus,29,22163,518
1,mongo,U,narrow,bus,30,21318,518
1,mongo,U,narrow,bus,31,23705,518
1,mongo,U,narrow,bus,32,21607,518
1,mongo,U,narrow,bus,33,21801,518
1,mongo,U,narrow,bus,34,21955,518
1,mongo,U,narrow,bus,35,20745,518
1,mongo,U,narrow,bus,36,21724,518
1,mongo,U,narrow,bus,37,21230,518
1,mongo,U,narrow,bus,38,22225,518
1,mongo,U,narrow,bus,39,19952,518
1,mongo,U,narrow,bus,40,19548,518
1,mongo,U,narrow,bus,41,20547,518
1,mongo,U,narrow,bus,42,19553,518
1,mongo,U,narrow,bus,43,20550,518
1,mongo,U,narrow,bus,44,19794,518
1,mongo,U,narrow,bus,45,19980,518
1,mongo,U,narrow,bus,46,18365,518
1,mongo,U,narrow,bus,47,18642,518
1,mongo,U,narrow,bus,48,19913,518
1,mongo,U,narrow,bus,49,19798,518
1,mongo,U,narrow,bus,50,17892,518
1,mongo,U,narrow,bus,51,20058,518
1,mongo,U,narrow,bus,52,19302,518
1,mongo,U,narrow,bus,53,19116,518
1,mongo,U,narrow,bus,54,18524,518
1,mongo,U,narrow,bus,55,22225,518
1,mongo,U,narrow,bus,56,18383,518
1,mongo,U,narrow,bus,57,18782,518
1,mongo,U,narrow,bus,58,18405,518
1,mongo,U,narrow,bus,59,19029,518
1,mongo,U,narrow,bus,60,20435,518
1,mongo,U,narrow,bus,61,20524,518
1,mongo,U,narrow,bus,62,19237,518
1,mongo,U,narrow,bus,63,19433,518
1,mongo,U,narrow,bus,64,19660,518
1,mongo,U,narrow,bus,65,19106,518
1,mongo,U,narrow,bus,66,19462,518
1,mongo,U,narrow,bus,67,19020,518
1,mongo,U,narrow,bus,68,18511,518
1,mongo,U,narrow,bus,69,20669,518
1,mongo,U,narrow,bus,70,20746,518
1,mongo,U,narrow,bus,71,21610,518
1,mongo,U,narrow,bus,72,20616,518
1,mongo,U,narrow,bus,73,18626,518
1,mongo,U,narrow,bus,74,18667,518
1,mongo,U,narrow,bus,75,20673,518
1,mongo,U,narrow,bus,76,19613,518
1,mongo,U,narrow,bus,77,19837,518
1,mongo,U,narrow,bus,78,19789,518
1,mongo,U,narrow,bus,79,18925,518
1,mongo,U,narrow,bus,80,20197,518
1,mongo,U,narrow,bus,81,19798,518
1,mongo,U,narrow,bus,82,19311,518
1,mongo,U,narrow,bus,83,19328,518
1,mongo,U,narrow,bus,84,19641,518
1,mongo,U,narrow,bus,85,18147,518
1,mongo,U,narrow,bus,86,19626,518
1,mongo,U,narrow,bus,87,19648,518
1,mongo,U,narrow,bus,88,19839,518
1,mongo,U,narrow,bus,89,20763,518
1,mongo,U,narrow,bus,90,21060,518
1,mongo,U,narrow,bus,91,20674,518
1,mongo,U,narrow,bus,92,18841,518
1,mongo,U,narrow,bus,93,19209,518
1,mongo,U,narrow,bus,94,20377,518
1,mongo,U,narrow,bus,95,19953,518
1,mongo,U,narrow,bus,96,19250,518
1,mongo,U,narrow,bus,97,19880,518
1,mongo,U,narrow,bus,98,17439,518
1,mongo,U,narrow,bus,99,18779,518
1,mongo,U,narrow,bus,100,20192,518
1,mongo,U,narrow,bus,101,20179,518
1,mongo,U,narrow,bus,102,20979,518
1,mongo,U,narrow,bus,103,18769,518
1,mongo,U,narrow,bus,104,21728,518
1,mongo,U,narrow,bus,105,22392,518
1,mongo,U,narrow,bus,106,22355,518
1,mongo,U,narrow,bus,107,19391,518
1,mongo,U,narrow,bus,108,18223,518
1,mongo,U,narrow,bus,109,19491,518
1,mongo,U,narrow,bus,110,19323,518
1,mongo,U,narrow,bus,111,20982,518
1,mongo,U,narrow,bus,112,18821,518
1,mongo,U,narrow,bus,113,20291,518
1,mongo,U,narrow,bus,114,20621,518
1,mongo,U,narrow,bus,115,18309,518
1,mongo,U,narrow,bus,116,19070,518
1,mongo,U,narrow,bus,117,19882,518
1,mongo,U,narrow,bus,118,19807,518
1,mongo,U,narrow,bus,119,19718,518
1,mongo,U,narrow,bus,120,19018,518
1,mongo,U,narrow,bus,121,19278,518
1,mongo,U,narrow,bus,122,21546,518
1,mongo,U,narrow,bus,123,20657,518
1,mongo,U,narrow,bus,124,19936,518
1,mongo,U,narrow,bus,125,19745,518
1,mongo,U,narrow,bus,126,19774,518
1,mongo,U,narrow,bus,127,21623,518
1,mongo,U,narrow,bus,128,22155,518
1,mongo,U,narrow,bus,129,20172,518
1,mongo,U,narrow,bus,130,19361,518
1,mongo,U,narrow,bus,131,20358,518
1,mongo,U,narrow,bus,132,20033,518
1,mongo,U,narrow,bus,133,19681,518
1,mongo,U,narrow,bus,134,19335,518
1,mongo,U,narrow,bus,135,20943,518
1,mongo,U,narrow,bus,136,18696,518
1,mongo,U,narrow,bus,137,19544,518
1,mongo,U,narrow,bus,138,20403,518
1,mongo,U,narrow,bus,139,19177,518
1,mongo,U,narrow,bus,140,19974,518
1,mongo,U,narrow,bus,141,18985,518
1,mongo,U,narrow,bus,142,19029,518
1,mongo,U,narrow,bus,143,19721,518
1,mongo,U,narrow,bus,144,18899,518
1,mongo,U,narrow,bus,145,20719,518
1,mongo,U,narrow,bus,146,20143,518
1,mongo,U,narrow,bus,147,19787,518
1,mongo,U,narrow,bus,148,18638,518
1,mongo,U,narrow,bus,149,18472,518
1,mongo,U,narrow,bus,150,20185,518
1,mongo,U,narrow,bus,151,20288,518
1,mongo,U,narrow,bus,152,19678,518
1,mongo,U,narrow,bus,153,20005,518
1,mongo,U,narrow,bus,154,20507,518
1,mongo,U,narrow,bus,155,20489,518
1,mongo,U,narrow,bus,156,20746,518
1,mongo,U,narrow,bus,157,20464,518
1,mongo,U,narrow,bus,158,20854,518
1,mongo,U,narrow,bus,159,20253,518
1,mongo,U,narrow,bus,160,19652,518
1,mongo,U,narrow,bus,161,18617,518
1,mongo,U,narrow,bus,162,19680,518
1,mongo,U,narrow,bus,163,20571,518
1,mongo,U,narrow,bus,164,20394,518
1,mongo,U,narrow,bus,165,20742,518
1,mongo,U,narrow,bus,166,19022,518
1,mongo,U,narrow,bus,167,20411,518
1,mongo,U,narrow,bus,168,18900,518
1,mongo,U,narrow,bus,169,20189,518
1,mongo,U,narrow,bus,170,19583,518
1,mongo,U,narrow,bus,171,19876,518
1,mongo,U,narrow,bus,172,19460,518
1,mongo,U,narrow,bus,173,19848,518
1,mongo,U,narrow,bus,174,20164,518
1,mongo,U,narrow,bus,175,19421,518
1,mongo,U,narrow,bus,176,19857,518
1,mongo,U,narrow,bus,177,19887,518
1,mongo,U,narrow,bus,178,19460,518
1,mongo,U,narrow,bus,179,19256,518
1,mongo,U,narrow,bus,180,21234,518
1,mongo,U,narrow,bus,181,20365,518
1,mongo,U,narrow,bus,182,18818,518
1,mongo,U,narrow,bus,183,20202,518
1,mongo,U,narrow,bus,184,19022,518
1,mongo,U,narrow,bus,185,19872,518
1,mongo,U,narrow,bus,186,19087,518
1,mongo,U,narrow,bus,187,21184,518
1,mongo,U,narrow,bus,188,20637,518
1,mongo,U,narrow,bus,189,23189,518
1,mongo,U,narrow,bus,190,24980,518
1,mongo,U,narrow,bus,191,21747,518
1,mongo,U,narrow,bus,192,21868,518
1,mongo,U,narrow,bus,193,22245,518
1,mongo,U,narrow,bus,194,23921,518
1,mongo,U,narrow,bus,195,21387,518
1,mongo,U,narrow,bus,196,23647,518
1,mongo,U,narrow,bus,197,22494,518
1,mongo,U,narrow,bus,198,22825,518
1,mongo,U,narrow,bus,199,23131,518
1,pg,U,medium,bus,0,154390,6217
1,pg,U,medium,bus,1,127338,6217
1,pg,U,medium,bus,2,101641,6217
1,pg,U,medium,bus,3,102534,6217
1,pg,U,medium,bus,4,108844,6217
1,pg,U,medium,bus,5,129455,6217
1,pg,U,medium,bus,6,136170,6217
1,pg,U,medium,bus,7,130921,6217
1,pg,U,medium,bus,8,128928,6217
1,pg,U,medium,bus,9,111275,6217
1,pg,U,medium,bus,10,108175,6217
1,pg,U,medium,bus,11,106816,6217
1,pg,U,medium,bus,12,108924,6217
1,pg,U,medium,bus,13,107427,6217
1,pg,U,medium,bus,14,106862,6217
1,pg,U,medium,bus,15,106894,6217
1,pg,U,medium,bus,16,105307,6217
1,pg,U,medium,bus,17,124378,6217
1,pg,U,medium,bus,18,106743,6217
1,pg,U,medium,bus,19,126061,6217
1,pg,U,medium,bus,20,103741,6217
1,pg,U,medium,bus,21,104689,6217
1,pg,U,medium,bus,22,110060,6217
1,pg,U,medium,bus,23,108213,6217
1,pg,U,medium,bus,24,124919,6217
1,pg,U,medium,bus,25,104570,6217
1,pg,U,medium,bus,26,105069,6217
1,pg,U,medium,bus,27,106585,6217
1,pg,U,medium,bus,28,104123,6217
1,pg,U,medium,bus,29,103486,6217
1,pg,U,medium,bus,30,121949,6217
1,pg,U,medium,bus,31,102652,6217
1,pg,U,medium,bus,32,103181,6217
1,pg,U,medium,bus,33,124875,6217
1,pg,U,medium,bus,34,104573,6217
1,pg,U,medium,bus,35,104875,6217
1,pg,U,medium,bus,36,116940,6217
1,pg,U,medium,bus,37,111206,6217
1,pg,U,medium,bus,38,104949,6217
1,pg,U,medium,bus,39,105587,6217
1,pg,U,medium,bus,40,107666,6217
1,pg,U,medium,bus,41,113919,6217
1,pg,U,medium,bus,42,112216,6217
1,pg,U,medium,bus,43,108455,6217
1,pg,U,medium,bus,44,106026,6217
1,pg,U,medium,bus,45,129314,6217
1,pg,U,medium,bus,46,140947,6217
1,pg,U,medium,bus,47,151686,6217
1,pg,U,medium,bus,48,151525,6217
1,pg,U,medium,bus,49,106514,6217
1,pg,U,medium,bus,50,107265,6217
1,pg,U,medium,bus,51,105848,6217
1,pg,U,medium,bus,52,105714,6217
1,pg,U,medium,bus,53,115931,6217
1,pg,U,medium,bus,54,121955,6217
1,pg,U,medium,bus,55,133160,6217
1,pg,U,medium,bus,56,135150,6217
1,pg,U,medium,bus,57,117972,6217
1,pg,U,medium,bus,58,123988,6217
1,pg,U,medium,bus,59,123863,6217
1,pg,U,medium,bus,60,102426,6217
1,pg,U,medium,bus,61,103932,6217
1,pg,U,medium,bus,62,107032,6217
1,pg,U,medium,bus,63,108641,6217
1,pg,U,medium,bus,64,109544,6217
1,pg,U,medium,bus,65,105024,6217
1,pg,U,medium,bus,66,106983,6217
1,pg,U,medium,bus,67,129847,6217
1,pg,U,medium,bus,68,107922,6217
1,pg,U,medium,bus,69,104406,6217
1,pg,U,medium,bus,70,107576,6217
1,pg,U,medium,bus,71,107454,6217
1,pg,U,medium,bus,72,106172,6217
1,pg,U,medium,bus,73,108633,6217
1,pg,U,medium,bus,74,106411,6217
1,pg,U,medium,bus,75,101809,6217
1,pg,U,medium,bus,76,102492,6217
1,pg,U,medium,bus,77,118568,6217
1,pg,U,medium,bus,78,108083,6217
1,pg,U,medium,bus,79,111158,6217
1,pg,U,medium,bus,80,106802,6217
1,pg,U,medium,bus,81,103239,6217
1,pg,U,medium,bus,82,120699,6217
1,pg,U,medium,bus,83,101549,6217
1,pg,U,medium,bus,84,106249,6217
1,pg,U,medium,bus,85,162758,6217
1,pg,U,medium,bus,86,114710,6217
1,pg,U,medium,bus,87,103789,6217
1,pg,U,medium,bus,88,107482,6217
1,pg,U,medium,bus,89,130975,6217
1,pg,U,medium,bus,90,110141,6217
1,pg,U,medium,bus,91,114900,6217
1,pg,U,medium,bus,92,144442,6217
1,pg,U,medium,bus,93,162927,6217
1,pg,U,medium,bus,94,183033,6217
1,pg,U,medium,bus,95,167788,6217
1,pg,U,medium,bus,96,135395,6217
1,pg,U,medium,bus,97,109446,6217
1,pg,U,medium,bus,98,111898,6217
1,pg,U,medium,bus,99,112367,6217
1,pg,U,medium,bus,100,165358,6217
1,pg,U,medium,bus,101,134255,6217
1,pg,U,medium,bus,102,134633,6217
1,pg,U,medium,bus,103,135253,6217
1,pg,U,medium,bus,104,113270,6217
1,pg,U,medium,bus,105,122198,6217
1,pg,U,medium,bus,106,116116,6217
1,pg,U,medium,bus,107,128717,6217
1,pg,U,medium,bus,108,108310,6217
1,pg,U,medium,bus,109,112413,6217
1,pg,U,medium,bus,110,136929,6217
1,pg,U,medium,bus,111,108294,6217
1,pg,U,medium,bus,112,114416,6217
1,pg,U,medium,bus,113,105963,6217
1,pg,U,medium,bus,114,106872,6217
1,pg,U,medium,bus,115,107745,6217
1,pg,U,medium,bus,116,108549,6217
1,pg,U,medium,bus,117,105799,6217
1,pg,U,medium,bus,118,111357,6217
1,pg,U,medium,bus,119,109678,6217
1,pg,U,medium,bus,120,107741,6217
1,pg,U,medium,bus,121,110877,6217
1,pg,U,medium,bus,122,108542,6217
1,pg,U,medium,bus,123,107095,6217
1,pg,U,medium,bus,124,106575,6217
1,pg,U,medium,bus,125,104861,6217
1,pg,U,medium,bus,126,118781,6217
1,pg,U,medium,bus,127,126164,6217
1,pg,U,medium,bus,128,106608,6217
1,pg,U,medium,bus,129,117726,6217
1,pg,U,medium,bus,130,123604,6217
1,pg,U,medium,bus,131,112169,6217
1,pg,U,medium,bus,132,122116,6217
1,pg,U,medium,bus,133,103466,6217
1,pg,U,medium,bus,134,103950,6217
1,pg,U,medium,bus,135,105561,6217
1,pg,U,medium,bus,136,106076,6217
1,pg,U,medium,bus,137,122899,6217
1,pg,U,medium,bus,138,137684,6217
1,pg,U,medium,bus,139,128284,6217
1,pg,U,medium,bus,140,128509,6217
1,pg,U,medium,bus,141,132108,6217
1,pg,U,medium,bus,142,128921,6217
1,pg,U,medium,bus,143,127084,6217
1,pg,U,medium,bus,144,124164,6217
1,pg,U,medium,bus,145,123736,6217
1,pg,U,medium,bus,146,115054,6217
1,pg,U,medium,bus,147,131342,6217
1,pg,U,medium,bus,148,134886,6217
1,pg,U,medium,bus,149,128853,6217
1,pg,U,medium,bus,150,131816,6217
1,pg,U,medium,bus,151,130843,6217
1,pg,U,medium,bus,152,104329,6217
1,pg,U,medium,bus,153,104731,6217
1,pg,U,medium,bus,154,105810,6217
1,pg,U,medium,bus,155,102548,6217
1,pg,U,medium,bus,156,119440,6217
1,pg,U,medium,bus,157,119922,6217
1,pg,U,medium,bus,158,121380,6217
1,pg,U,medium,bus,159,104931,6217
1,pg,U,medium,bus,160,107330,6217
1,pg,U,medium,bus,161,106392,6217
1,pg,U,medium,bus,162,105096,6217
1,pg,U,medium,bus,163,105804,6217
1,pg,U,medium,bus,164,116123,6217
1,pg,U,medium,bus,165,110227,6217
1,pg,U,medium,bus,166,105288,6217
1,pg,U,medium,bus,167,110395,6217
1,pg,U,medium,bus,168,125729,6217
1,pg,U,medium,bus,169,127367,6217
1,pg,U,medium,bus,170,104555,6217
1,pg,U,medium,bus,171,105495,6217
1,pg,U,medium,bus,172,107969,6217
1,pg,U,medium,bus,173,120852,6217
1,pg,U,medium,bus,174,104795,6217
1,pg,U,medium,bus,175,110504,6217
1,pg,U,medium,bus,176,104981,6217
1,pg,U,medium,bus,177,101888,6217
1,pg,U,medium,bus,178,106387,6217
1,pg,U,medium,bus,179,103380,6217
1,pg,U,medium,bus,180,106458,6217
1,pg,U,medium,bus,181,105141,6217
1,pg,U,medium,bus,182,104708,6217
1,pg,U,medium,bus,183,117040,6217
1,pg,U,medium,bus,184,105533,6217
1,pg,U,medium,bus,185,111600,6217
1,pg,U,medium,bus,186,122003,6217
1,pg,U,medium,bus,187,129184,6217
1,pg,U,medium,bus,188,127621,6217
1,pg,U,medium,bus,189,118421,6217
1,pg,U,medium,bus,190,106251,6217
1,pg,U,medium,bus,191,107062,6217
1,pg,U,medium,bus,192,107722,6217
1,pg,U,medium,bus,193,104958,6217
1,pg,U,medium,bus,194,115536,6217
1,pg,U,medium,bus,195,114005,6217
1,pg,U,medium,bus,196,135906,6217
1,pg,U,medium,bus,197,133528,6217
1,pg,U,medium,bus,198,132861,6217
1,pg,U,medium,bus,199,124285,6217
1,mongo,S,wide,bike,0,34313,2748
1,mongo,S,wide,bike,1,39918,2748
1,mongo,S,wide,bike,2,39258,2748
1,mongo,S,wide,bike,3,32901,2748
1,mongo,S,wide,bike,4,31894,2748
1,mongo,S,wide,bike,5,31230,2748
1,mongo,S,wide,bike,6,31689,2748
1,mongo,S,wide,bike,7,30491,2748
1,mongo,S,wide,bike,8,34701,2748
1,mongo,S,wide,bike,9,30424,2748
1,mongo,S,wide,bike,10,33321,2748
1,mongo,S,wide,bike,11,32018,2748
1,mongo,S,wide,bike,12,30553,2748
1,mongo,S,wide,bike,13,34681,2748
1,mongo,S,wide,bike,14,34154,2748
1,mongo,S,wide,bike,15,33574,2748
1,mongo,S,wide,bike,16,33078,2748
1,mongo,S,wide,bike,17,30669,2748
1,mongo,S,wide,bike,18,32228,2748
1,mongo,S,wide,bike,19,31807,2748
1,mongo,S,wide,bike,20,33460,2748
1,mongo,S,wide,bike,21,32999,2748
1,mongo,S,wide,bike,22,31110,2748
1,mongo,S,wide,bike,23,32282,2748
1,mongo,S,wide,bike,24,31871,2748
1,mongo,S,wide,bike,25,29912,2748
1,mongo,S,wide,bike,26,32155,2748
1,mongo,S,wide,bike,27,37061,2748
1,mongo,S,wide,bike,28,30037,2748
1,mongo,S,wide,bike,29,31952,2748
1,mongo,S,wide,bike,30,30135,2748
1,mongo,S,wide,bike,31,29306,2748
1,mongo,S,wide,bike,32,32259,2748
1,mongo,S,wide,bike,33,33400,2748
1,mongo,S,wide,bike,34,33593,2748
1,mongo,S,wide,bike,35,33461,2748
1,mongo,S,wide,bike,36,29919,2748
1,mongo,S,wide,bike,37,32005,2748
1,mongo,S,wide,bike,38,31050,2748
1,mongo,S,wide,bike,39,28523,2748
1,mongo,S,wide,bike,40,30763,2748
1,mongo,S,wide,bike,41,32090,2748
1,mongo,S,wide,bike,42,34112,2748
1,mongo,S,wide,bike,43,33387,2748
1,mongo,S,wide,bike,44,33282,2748
1,mongo,S,wide,bike,45,30679,2748
1,mongo,S,wide,bike,46,33275,2748
1,mongo,S,wide,bike,47,35025,2748
1,mongo,S,wide,bike,48,34375,2748
1,mongo,S,wide,bike,49,32330,2748
1,mongo,S,wide,bike,50,31614,2748
1,mongo,S,wide,bike,51,34314,2748
1,mongo,S,wide,bike,52,31834,2748
1,mongo,S,wide,bike,53,34463,2748
1,mongo,S,wide,bike,54,32652,2748
1,mongo,S,wide,bike,55,32570,2748
1,mongo,S,wide,bike,56,32231,2748
1,mongo,S,wide,bike,57,31601,2748
1,mongo,S,wide,bike,58,33837,2748
1,mongo,S,wide,bike,59,40840,2748
1,mongo,S,wide,bike,60,31965,2748
1,mongo,S,wide,bike,61,31958,2748
1,mongo,S,wide,bike,62,33933,2748
1,mongo,S,wide,bike,63,33276,2748
1,mongo,S,wide,bike,64,37136,2748
1,mongo,S,wide,bike,65,43847,2748
1,mongo,S,wide,bike,66,33907,2748
1,mongo,S,wide,bike,67,33043,2748
1,mongo,S,wide,bike,68,33297,2748
1,mongo,S,wide,bike,69,35084,2748
1,mongo,S,wide,bike,70,33424,2748
1,mongo,S,wide,bike,71,35735,2748
1,mongo,S,wide,bike,72,33933,2748
1,mongo,S,wide,bike,73,33530,2748
1,mongo,S,wide,bike,74,30756,2748
1,mongo,S,wide,bike,75,31007,2748
1,mongo,S,wide,bike,76,31403,2748
1,mongo,S,wide,bike,77,37154,2748
1,mongo,S,wide,bike,78,31048,2748
1,mongo,S,wide,bike,79,30024,2748
1,mongo,S,wide,bike,80,33411,2748
1,mongo,S,wide,bike,81,31337,2748
1,mongo,S,wide,bike,82,32907,2748
1,mongo,S,wide,bike,83,30076,2748
1,mongo,S,wide,bike,84,30392,2748
1,mongo,S,wide,bike,85,35384,2748
1,mongo,S,wide,bike,86,33959,2748
1,mongo,S,wide,bike,87,35128,2748
1,mongo,S,wide,bike,88,33462,2748
1,mongo,S,wide,bike,89,29741,2748
1,mongo,S,wide,bike,90,34512,2748
1,mongo,S,wide,bike,91,30321,2748
1,mongo,S,wide,bike,92,31062,2748
1,mongo,S,wide,bike,93,34975,2748
1,mongo,S,wide,bike,94,34519,2748
1,mongo,S,wide,bike,95,32697,2748
1,mongo,S,wide,bike,96,29371,2748
1,mongo,S,wide,bike,97,30982,2748
1,mongo,S,wide,bike,98,35711,2748
1,mongo,S,wide,bike,99,35080,2748
1,mongo,S,wide,bike,100,33515,2748
1,mongo,S,wide,bike,101,34889,2748
1,mongo,S,wide,bike,102,31086,2748
1,mongo,S,wide,bike,103,32836,2748
1,mongo,S,wide,bike,104,36568,2748
1,mongo,S,wide,bike,105,31970,2748
1,mongo,S,wide,bike,106,31015,2748
1,mongo,S,wide,bike,107,33706,2748
1,mongo,S,wide,bike,108,32005,2748
1,mongo,S,wide,bike,109,34931,2748
1,mongo,S,wide,bike,110,35349,2748
1,mongo,S,wide,bike,111,34022,2748
1,mongo,S,wide,bike,112,32163,2748
1,mongo,S,wide,bike,113,40910,2748
1,mongo,S,wide,bike,114,41413,2748
1,mongo,S,wide,bike,115,37518,2748
1,mongo,S,wide,bike,116,36238,2748
1,mongo,S,wide,bike,117,36784,2748
1,mongo,S,wide,bike,118,35617,2748
1,mongo,S,wide,bike,119,40665,2748
1,mongo,S,wide,bike,120,39003,2748
1,mongo,S,wide,bike,121,36810,2748
1,mongo,S,wide,bike,122,38532,2748
1,mongo,S,wide,bike,123,34720,2748
1,mongo,S,wide,bike,124,39245,2748
1,mongo,S,wide,bike,125,47566,2748
1,mongo,S,wide,bike,126,39037,2748
1,mongo,S,wide,bike,127,33177,2748
1,mongo,S,wide,bike,128,32803,2748
1,mongo,S,wide,bike,129,33235,2748
1,mongo,S,wide,bike,130,30877,2748
1,mongo,S,wide,bike,131,30987,2748
1,mongo,S,wide,bike,132,34686,2748
1,mongo,S,wide,bike,133,30504,2748
1,mongo,S,wide,bike,134,32622,2748
1,mongo,S,wide,bike,135,34860,2748
1,mongo,S,wide,bike,136,31651,2748
1,mongo,S,wide,bike,137,31308,2748
1,mongo,S,wide,bike,138,33067,2748
1,mongo,S,wide,bike,139,31211,2748
1,mongo,S,wide,bike,140,36387,2748
1,mongo,S,wide,bike,141,35165,2748
1,mongo,S,wide,bike,142,32974,2748
1,mongo,S,wide,bike,143,31844,2748
1,mongo,S,wide,bike,144,30000,2748
1,mongo,S,wide,bike,145,31452,2748
1,mongo,S,wide,bike,146,38210,2748
1,mongo,S,wide,bike,147,37059,2748
1,mongo,S,wide,bike,148,40563,2748
1,mongo,S,wide,bike,149,36509,2748
1,mongo,S,wide,bike,150,35942,2748
1,mongo,S,wide,bike,151,36513,2748
1,mongo,S,wide,bike,152,42946,2748
1,mongo,S,wide,bike,153,53685,2748
1,mongo,S,wide,bike,154,42498,2748
1,mongo,S,wide,bike,155,38644,2748
1,mongo,S,wide,bike,156,40404,2748
1,mongo,S,wide,bike,157,38032,2748
1,mongo,S,wide,bike,158,39220,2748
1,mongo,S,wide,bike,159,40537,2748
1,mongo,S,wide,bike,160,37115,2748
1,mongo,S,wide,bike,161,38550,2748
1,mongo,S,wide,bike,162,44930,2748
1,mongo,S,wide,bike,163,35657,2748
1,mongo,S,wide,bike,164,37196,2748
1,mongo,S,wide,bike,165,33752,2748
1,mongo,S,wide,bike,166,32825,2748
1,mongo,S,wide,bike,167,34914,2748
1,mongo,S,wide,bike,168,39102,2748
1,mongo,S,wide,bike,169,34307,2748
1,mongo,S,wide,bike,170,34048,2748
1,mongo,S,wide,bike,171,32577,2748
1,mongo,S,wide,bike,172,35086,2748
1,mongo,S,wide,bike,173,33185,2748
1,mongo,S,wide,bike,174,42795,2748
1,mongo,S,wide,bike,175,47705,2748
1,mongo,S,wide,bike,176,43185,2748
1,mongo,S,wide,bike,177,36185,2748
1,mongo,S,wide,bike,178,33936,2748
1,mongo,S,wide,bike,179,39609,2748
1,mongo,S,wide,bike,180,41361,2748
1,mongo,S,wide,bike,181,35569,2748
1,mongo,S,wide,bike,182,44445,2748
1,mongo,S,wide,bike,183,35553,2748
1,mongo,S,wide,bike,184,33895,2748
1,mongo,S,wide,bike,185,32835,2748
1,mongo,S,wide,bike,186,33259,2748
1,mongo,S,wide,bike,187,32624,2748
1,mongo,S,wide,bike,188,31122,2748
1,mongo,S,wide,bike,189,36082,2748
1,mongo,S,wide,bike,190,34622,2748
1,mongo,S,wide,bike,191,31413,2748
1,mongo,S,wide,bike,192,32535,2748
1,mongo,S,wide,bike,193,36088,2748
1,mongo,S,wide,bike,194,30520,2748
1,mongo,S,wide,bike,195,29570,2748
1,mongo,S,wide,bike,196,33606,2748
1,mongo,S,wide,bike,197,31911,2748
1,mongo,S,wide,bike,198,32534,2748
1,mongo,S,wide,bike,199,32445,2748
1,pg,U,narrow,bus,0,18636,518
1,pg,U,narrow,bus,1,13384,518
1,pg,U,narrow,bus,2,13748,518
1,pg,U,narrow,bus,3,16818,518
1,pg,U,narrow,bus,4,15089,518
1,pg,U,narrow,bus,5,12765,518
1,pg,U,narrow,bus,6,10855,518
1,pg,U,narrow,bus,7,10760,518
1,pg,U,narrow,bus,8,11100,518
1,pg,U,narrow,bus,9,11391,518
1,pg,U,narrow,bus,10,10642,518
1,pg,U,narrow,bus,11,11187,518
1,pg,U,narrow,bus,12,13145,518
1,pg,U,narrow,bus,13,10809,518
1,pg,U,narrow,bus,14,10229,518
1,pg,U,narrow,bus,15,10893,518
1,pg,U,narrow,bus,16,10186,518
1,pg,U,narrow,bus,17,10998,518
1,pg,U,narrow,bus,18,10404,518
1,pg,U,narrow,bus,19,10249,518
1,pg,U,narrow,bus,20,10253,518
1,pg,U,narrow,bus,21,10302,518
1,pg,U,narrow,bus,22,10333,518
1,pg,U,narrow,bus,23,12287,518
1,pg,U,narrow,bus,24,10264,518
1,pg,U,narrow,bus,25,10818,518
1,pg,U,narrow,bus,26,11444,518
1,pg,U,narrow,bus,27,10030,518
1,pg,U,narrow,bus,28,10704,518
1,pg,U,narrow,bus,29,12640,518
1,pg,U,narrow,bus,30,10419,518
1,pg,U,narrow,bus,31,9793,518
1,pg,U,narrow,bus,32,10876,518
1,pg,U,narrow,bus,33,10456,518
1,pg,U,narrow,bus,34,11375,518
1,pg,U,narrow,bus,35,10091,518
1,pg,U,narrow,bus,36,10579,518
1,pg,U,narrow,bus,37,10682,518
1,pg,U,narrow,bus,38,10876,518
1,pg,U,narrow,bus,39,12074,518
1,pg,U,narrow,bus,40,12802,518
1,pg,U,narrow,bus,41,11255,518
1,pg,U,narrow,bus,42,11056,518
1,pg,U,narrow,bus,43,11205,518
1,pg,U,narrow,bus,44,10410,518
1,pg,U,narrow,bus,45,12966,518
1,pg,U,narrow,bus,46,9893,518
1,pg,U,narrow,bus,47,11509,518
1,pg,U,narrow,bus,48,11267,518
1,pg,U,narrow,bus,49,9991,518
1,pg,U,narrow,bus,50,10947,518
1,pg,U,narrow,bus,51,10654,518
1,pg,U,narrow,bus,52,10712,518
1,pg,U,narrow,bus,53,10594,518
1,pg,U,narrow,bus,54,10216,518
1,pg,U,narrow,bus,55,10134,518
1,pg,U,narrow,bus,56,10965,518
1,pg,U,narrow,bus,57,10809,518
1,pg,U,narrow,bus,58,11520,518
1,pg,U,narrow,bus,59,13019,518
1,pg,U,narrow,bus,60,12028,518
1,pg,U,narrow,bus,61,11371,518
1,pg,U,narrow,bus,62,12149,518
1,pg,U,narrow,bus,63,9807,518
1,pg,U,narrow,bus,64,10443,518
1,pg,U,narrow,bus,65,10537,518
1,pg,U,narrow,bus,66,11797,518
1,pg,U,narrow,bus,67,9544,518
1,pg,U,narrow,bus,68,9937,518
1,pg,U,narrow,bus,69,9745,518
1,pg,U,narrow,bus,70,9660,518
1,pg,U,narrow,bus,71,12055,518
1,pg,U,narrow,bus,72,11109,518
1,pg,U,narrow,bus,73,9808,518
1,pg,U,narrow,bus,74,10332,518
1,pg,U,narrow,bus,75,10841,518
1,pg,U,narrow,bus,76,9619,518
1,pg,U,narrow,bus,77,11449,518
1,pg,U,narrow,bus,78,11614,518
1,pg,U,narrow,bus,79,11850,518
1,pg,U,narrow,bus,80,10604,518
1,pg,U,narrow,bus,81,9624,518
1,pg,U,narrow,bus,82,10692,518
1,pg,U,narrow,bus,83,11852,518
1,pg,U,narrow,bus,84,11824,518
1,pg,U,narrow,bus,85,9455,518
1,pg,U,narrow,bus,86,11220,518
1,pg,U,narrow,bus,87,10131,518
1,pg,U,narrow,bus,88,11221,518
1,pg,U,narrow,bus,89,9757,518
1,pg,U,narrow,bus,90,10526,518
1,pg,U,narrow,bus,91,9424,518
1,pg,U,narrow,bus,92,10441,518
1,pg,U,narrow,bus,93,10228,518
1,pg,U,narrow,bus,94,10330,518
1,pg,U,narrow,bus,95,9600,518
1,pg,U,narrow,bus,96,10488,518
1,pg,U,narrow,bus,97,9480,518
1,pg,U,narrow,bus,98,10947,518
1,pg,U,narrow,bus,99,10862,518
1,pg,U,narrow,bus,100,11955,518
1,pg,U,narrow,bus,101,10440,518
1,pg,U,narrow,bus,102,11590,518
1,pg,U,narrow,bus,103,10239,518
1,pg,U,narrow,bus,104,10255,518
1,pg,U,narrow,bus,105,11843,518
1,pg,U,narrow,bus,106,11471,518
1,pg,U,narrow,bus,107,11164,518
1,pg,U,narrow,bus,108,10064,518
1,pg,U,narrow,bus,109,10386,518
1,pg,U,narrow,bus,110,11888,518
1,pg,U,narrow,bus,111,10151,518
1,pg,U,narrow,bus,112,11848,518
1,pg,U,narrow,bus,113,10928,518
1,pg,U,narrow,bus,114,10395,518
1,pg,U,narrow,bus,115,9780,518
1,pg,U,narrow,bus,116,10634,518
1,pg,U,narrow,bus,117,10163,518
1,pg,U,narrow,bus,118,10654,518
1,pg,U,narrow,bus,119,10832,518
1,pg,U,narrow,bus,120,10250,518
1,pg,U,narrow,bus,121,11980,518
1,pg,U,narrow,bus,122,11817,518
1,pg,U,narrow,bus,123,11298,518
1,pg,U,narrow,bus,124,12322,518
1,pg,U,narrow,bus,125,10687,518
1,pg,U,narrow,bus,126,11511,518
1,pg,U,narrow,bus,127,10829,518
1,pg,U,narrow,bus,128,11059,518
1,pg,U,narrow,bus,129,10912,518
1,pg,U,narrow,bus,130,10547,518
1,pg,U,narrow,bus,131,12294,518
1,pg,U,narrow,bus,132,11795,518
1,pg,U,narrow,bus,133,11701,518
1,pg,U,narrow,bus,134,14340,518
1,pg,U,narrow,bus,135,17147,518
1,pg,U,narrow,bus,136,11918,518
1,pg,U,narrow,bus,137,10380,518
1,pg,U,narrow,bus,138,10684,518
1,pg,U,narrow,bus,139,10334,518
1,pg,U,narrow,bus,140,11240,518
1,pg,U,narrow,bus,141,10806,518
1,pg,U,narrow,bus,142,10376,518
1,pg,U,narrow,bus,143,12222,518
1,pg,U,narrow,bus,144,11264,518
1,pg,U,narrow,bus,145,11941,518
1,pg,U,narrow,bus,146,12192,518
1,pg,U,narrow,bus,147,12211,518
1,pg,U,narrow,bus,148,12574,518
1,pg,U,narrow,bus,149,13997,518
1,pg,U,narrow,bus,150,11903,518
1,pg,U,narrow,bus,151,11779,518
1,pg,U,narrow,bus,152,12303,518
1,pg,U,narrow,bus,153,10601,518
1,pg,U,narrow,bus,154,10678,518
1,pg,U,narrow,bus,155,9797,518
1,pg,U,narrow,bus,156,10852,518
1,pg,U,narrow,bus,157,9813,518
1,pg,U,narrow,bus,158,10615,518
1,pg,U,narrow,bus,159,10703,518
1,pg,U,narrow,bus,160,10527,518
1,pg,U,narrow,bus,161,10444,518
1,pg,U,narrow,bus,162,9810,518
1,pg,U,narrow,bus,163,10765,518
1,pg,U,narrow,bus,164,10548,518
1,pg,U,narrow,bus,165,10143,518
1,pg,U,narrow,bus,166,11759,518
1,pg,U,narrow,bus,167,9990,518
1,pg,U,narrow,bus,168,12746,518
1,pg,U,narrow,bus,169,10427,518
1,pg,U,narrow,bus,170,10383,518
1,pg,U,narrow,bus,171,11676,518
1,pg,U,narrow,bus,172,12352,518
1,pg,U,narrow,bus,173,11763,518
1,pg,U,narrow,bus,174,10343,518
1,pg,U,narrow,bus,175,10061,518
1,pg,U,narrow,bus,176,10571,518
1,pg,U,narrow,bus,177,10270,518
1,pg,U,narrow,bus,178,10296,518
1,pg,U,narrow,bus,179,10911,518
1,pg,U,narrow,bus,180,10537,518
1,pg,U,narrow,bus,181,9965,518
1,pg,U,narrow,bus,182,10767,518
1,pg,U,narrow,bus,183,10097,518
1,pg,U,narrow,bus,184,10412,518
1,pg,U,narrow,bus,185,10525,518
1,pg,U,narrow,bus,186,11910,518
1,pg,U,narrow,bus,187,10079,518
1,pg,U,narrow,bus,188,11116,518
1,pg,U,narrow,bus,189,9925,518
1,pg,U,narrow,bus,190,10175,518
1,pg,U,narrow,bus,191,11263,518
1,pg,U,narrow,bus,192,10373,518
1,pg,U,narrow,bus,193,10234,518
1,pg,U,narrow,bus,194,11920,518
1,pg,U,narrow,bus,195,11743,518
1,pg,U,narrow,bus,196,10493,518
1,pg,U,narrow,bus,197,10095,518
1,pg,U,narrow,bus,198,11658,518
1,pg,U,narrow,bus,199,10293,518
1,mongo,U,single,,0,1805,1
1,mongo,U,single,,1,872,1
1,mongo,U,single,,2,935,1
1,mongo,U,single,,3,1564,1
1,mongo,U,single,,4,1107,1
1,mongo,U,single,,5,802,1
1,mongo,U,single,,6,760,1
1,mongo,U,single,,7,912,1
1,mongo,U,single,,8,2141,1
1,mongo,U,single,,9,1164,1
1,mongo,U,single,,10,954,1
1,mongo,U,single,,11,896,1
1,mongo,U,single,,12,848,1
1,mongo,U,single,,13,800,1
1,mongo,U,single,,14,2042,1
1,mongo,U,single,,15,1230,1
1,mongo,U,single,,16,998,1
1,mongo,U,single,,17,846,1
1,mongo,U,single,,18,863,1
1,mongo,U,single,,19,759,1
1,mongo,U,single,,20,1413,1
1,mongo,U,single,,21,1581,1
1,mongo,U,single,,22,1068,1
1,mongo,U,single,,23,865,1
1,mongo,U,single,,24,857,1
1,mongo,U,single,,25,820,1
1,mongo,U,single,,26,809,1
1,mongo,U,single,,27,2069,1
1,mongo,U,single,,28,1015,1
1,mongo,U,single,,29,796,1
1,mongo,U,single,,30,783,1
1,mongo,U,single,,31,737,1
1,mongo,U,single,,32,764,1
1,mongo,U,single,,33,1000,1
1,mongo,U,single,,34,1898,1
1,mongo,U,single,,35,1163,1
1,mongo,U,single,,36,966,1
1,mongo,U,single,,37,910,1
1,mongo,U,single,,38,838,1
1,mongo,U,single,,39,876,1
1,mongo,U,single,,40,2125,1
1,mongo,U,single,,41,938,1
1,mongo,U,single,,42,864,1
1,mongo,U,single,,43,893,1
1,mongo,U,single,,44,1243,1
1,mongo,U,single,,45,1872,1
1,mongo,U,single,,46,1271,1
1,mongo,U,single,,47,875,1
1,mongo,U,single,,48,830,1
1,mongo,U,single,,49,841,1
1,mongo,U,single,,50,796,1
1,mongo,U,single,,51,781,1
1,mongo,U,single,,52,841,1
1,mongo,U,single,,53,2208,1
1,mongo,U,single,,54,1080,1
1,mongo,U,single,,55,870,1
1,mongo,U,single,,56,761,1
1,mongo,U,single,,57,835,1
1,mongo,U,single,,58,1222,1
1,mongo,U,single,,59,1917,1
1,mongo,U,single,,60,1039,1
1,mongo,U,single,,61,856,1
1,mongo,U,single,,62,872,1
1,mongo,U,single,,63,753,1
1,mongo,U,single,,64,922,1
1,mongo,U,single,,65,2129,1
1,mongo,U,single,,66,996,1
1,mongo,U,single,,67,827,1
1,mongo,U,single,,68,857,1
1,mongo,U,single,,69,866,1
1,mongo,U,single,,70,808,1
1,mongo,U,single,,71,915,1
1,mongo,U,single,,72,1732,1
1,mongo,U,single,,73,968,1
1,mongo,U,single,,74,814,1
1,mongo,U,single,,75,850,1
1,mongo,U,single,,76,788,1
1,mongo,U,single,,77,799,1
1,mongo,U,single,,78,971,1
1,mongo,U,single,,79,2029,1
1,mongo,U,single,,80,965,1
1,mongo,U,single,,81,1064,1
1,mongo,U,single,,82,850,1
1,mongo,U,single,,83,941,1
1,mongo,U,single,,84,859,1
1,mongo,U,single,,85,1941,1
1,mongo,U,single,,86,1059,1
1,mongo,U,single,,87,961,1
1,mongo,U,single,,88,887,1
1,mongo,U,single,,89,982,1
1,mongo,U,single,,90,778,1
1,mongo,U,single,,91,2127,1
1,mongo,U,single,,92,1143,1
1,mongo,U,single,,93,985,1
1,mongo,U,single,,94,989,1
1,mongo,U,single,,95,893,1
1,mongo,U,single,,96,975,1
1,mongo,U,single,,97,2225,1
1,mongo,U,single,,98,1244,1
1,mongo,U,single,,99,1928,1
1,mongo,U,single,,100,1615,1
1,mongo,U,single,,101,2218,1
1,mongo,U,single,,102,2148,1
1,mongo,U,single,,103,1609,1
1,mongo,U,single,,104,1883,1
1,mongo,U,single,,105,2656,1
1,mongo,U,single,,106,1261,1
1,mongo,U,single,,107,2148,1
1,mongo,U,single,,108,2114,1
1,mongo,U,single,,109,1089,1
1,mongo,U,single,,110,968,1
1,mongo,U,single,,111,783,1
1,mongo,U,single,,112,883,1
1,mongo,U,single,,113,1110,1
1,mongo,U,single,,114,2108,1
1,mongo,U,single,,115,927,1
1,mongo,U,single,,116,1055,1
1,mongo,U,single,,117,933,1
1,mongo,U,single,,118,821,1
1,mongo,U,single,,119,894,1
1,mongo,U,single,,120,1866,1
1,mongo,U,single,,121,1078,1
1,mongo,U,single,,122,956,1
1,mongo,U,single,,123,981,1
1,mongo,U,single,,124,743,1
1,mongo,U,single,,125,821,1
1,mongo,U,single,,126,998,1
1,mongo,U,single,,127,1876,1
1,mongo,U,single,,128,996,1
1,mongo,U,single,,129,967,1
1,mongo,U,single,,130,900,1
1,mongo,U,single,,131,1151,1
1,mongo,U,single,,132,2125,1
1,mongo,U,single,,133,1084,1
1,mongo,U,single,,134,1154,1
1,mongo,U,single,,135,931,1
1,mongo,U,single,,136,764,1
1,mongo,U,single,,137,841,1
1,mongo,U,single,,138,1548,1
1,mongo,U,single,,139,1224,1
1,mongo,U,single,,140,771,1
1,mongo,U,single,,141,1398,1
1,mongo,U,single,,142,1526,1
1,mongo,U,single,,143,2166,1
1,mongo,U,single,,144,2364,1
1,mongo,U,single,,145,1051,1
1,mongo,U,single,,146,972,1
1,mongo,U,single,,147,908,1
1,mongo,U,single,,148,1033,1
1,mongo,U,single,,149,1931,1
1,mongo,U,single,,150,1046,1
1,mongo,U,single,,151,956,1
1,mongo,U,single,,152,807,1
1,mongo,U,single,,153,965,1
1,mongo,U,single,,154,803,1
1,mongo,U,single,,155,972,1
1,mongo,U,single,,156,1886,1
1,mongo,U,single,,157,926,1
1,mongo,U,single,,158,714,1
1,mongo,U,single,,159,795,1
1,mongo,U,single,,160,762,1
1,mongo,U,single,,161,708,1
1,mongo,U,single,,162,1878,1
1,mongo,U,single,,163,1078,1
1,mongo,U,single,,164,729,1
1,mongo,U,single,,165,882,1
1,mongo,U,single,,166,792,1
1,mongo,U,single,,167,794,1
1,mongo,U,single,,168,897,1
1,mongo,U,single,,169,2086,1
1,mongo,U,single,,170,1365,1
1,mongo,U,single,,171,1013,1
1,mongo,U,single,,172,884,1
1,mongo,U,single,,173,1004,1
1,mongo,U,single,,174,1030,1
1,mongo,U,single,,175,1872,1
1,mongo,U,single,,176,916,1
1,mongo,U,single,,177,721,1
1,mongo,U,single,,178,771,1
1,mongo,U,single,,179,878,1
1,mongo,U,single,,180,879,1
1,mongo,U,single,,181,2035,1
1,mongo,U,single,,182,930,1
1,mongo,U,single,,183,798,1
1,mongo,U,single,,184,725,1
1,mongo,U,single,,185,835,1
1,mongo,U,single,,186,720,1
1,mongo,U,single,,187,888,1
1,mongo,U,single,,188,1850,1
1,mongo,U,single,,189,1011,1
1,mongo,U,single,,190,889,1
1,mongo,U,single,,191,965,1
1,mongo,U,single,,192,2602,1
1,mongo,U,single,,193,2460,1
1,mongo,U,single,,194,1186,1
1,mongo,U,single,,195,939,1
1,mongo,U,single,,196,985,1
1,mongo,U,single,,197,1040,1
1,mongo,U,single,,198,1049,1
1,mongo,U,single,,199,2204,1
1,pg,U,wide,bike,0,113067,2747
1,pg,U,wide,bike,1,109854,2747
1,pg,U,wide,bike,2,111020,2747
1,pg,U,wide,bike,3,100989,2747
1,pg,U,wide,bike,4,87334,2747
1,pg,U,wide,bike,5,86107,2747
1,pg,U,wide,bike,6,86693,2747
1,pg,U,wide,bike,7,84574,2747
1,pg,U,wide,bike,8,84084,2747
1,pg,U,wide,bike,9,100942,2747
1,pg,U,wide,bike,10,103064,2747
1,pg,U,wide,bike,11,94183,2747
1,pg,U,wide,bike,12,90230,2747
1,pg,U,wide,bike,13,109078,2747
1,pg,U,wide,bike,14,111058,2747
1,pg,U,wide,bike,15,108004,2747
1,pg,U,wide,bike,16,111753,2747
1,pg,U,wide,bike,17,127209,2747
1,pg,U,wide,bike,18,98536,2747
1,pg,U,wide,bike,19,106769,2747
1,pg,U,wide,bike,20,107594,2747
1,pg,U,wide,bike,21,87533,2747
1,pg,U,wide,bike,22,94775,2747
1,pg,U,wide,bike,23,91460,2747
1,pg,U,wide,bike,24,88172,2747
1,pg,U,wide,bike,25,89881,2747
1,pg,U,wide,bike,26,94748,2747
1,pg,U,wide,bike,27,88053,2747
1,pg,U,wide,bike,28,87643,2747
1,pg,U,wide,bike,29,84932,2747
1,pg,U,wide,bike,30,87565,2747
1,pg,U,wide,bike,31,85340,2747
1,pg,U,wide,bike,32,94357,2747
1,pg,U,wide,bike,33,93873,2747
1,pg,U,wide,bike,34,89182,2747
1,pg,U,wide,bike,35,103027,2747
1,pg,U,wide,bike,36,85259,2747
1,pg,U,wide,bike,37,88393,2747
1,pg,U,wide,bike,38,85120,2747
1,pg,U,wide,bike,39,87154,2747
1,pg,U,wide,bike,40,100111,2747
1,pg,U,wide,bike,41,84456,2747
1,pg,U,wide,bike,42,104201,2747
1,pg,U,wide,bike,43,102359,2747
1,pg,U,wide,bike,44,87884,2747
1,pg,U,wide,bike,45,85158,2747
1,pg,U,wide,bike,46,99869,2747
1,pg,U,wide,bike,47,101325,2747
1,pg,U,wide,bike,48,86884,2747
1,pg,U,wide,bike,49,86063,2747
1,pg,U,wide,bike,50,86572,2747
1,pg,U,wide,bike,51,87809,2747
1,pg,U,wide,bike,52,85633,2747
1,pg,U,wide,bike,53,102407,2747
1,pg,U,wide,bike,54,117321,2747
1,pg,U,wide,bike,55,86914,2747
1,pg,U,wide,bike,56,127847,2747
1,pg,U,wide,bike,57,107052,2747
1,pg,U,wide,bike,58,105079,2747
1,pg,U,wide,bike,59,108082,2747
1,pg,U,wide,bike,60,109336,2747
1,pg,U,wide,bike,61,102109,2747
1,pg,U,wide,bike,62,86137,2747
1,pg,U,wide,bike,63,83325,2747
1,pg,U,wide,bike,64,83652,2747
1,pg,U,wide,bike,65,84139,2747
1,pg,U,wide,bike,66,84668,2747
1,pg,U,wide,bike,67,83516,2747
1,pg,U,wide,bike,68,89375,2747
1,pg,U,wide,bike,69,88607,2747
1,pg,U,wide,bike,70,87479,2747
1,pg,U,wide,bike,71,98802,2747
1,pg,U,wide,bike,72,106277,2747
1,pg,U,wide,bike,73,109026,2747
1,pg,U,wide,bike,74,106202,2747
1,pg,U,wide,bike,75,118729,2747
1,pg,U,wide,bike,76,97787,2747
1,pg,U,wide,bike,77,93688,2747
1,pg,U,wide,bike,78,93800,2747
1,pg,U,wide,bike,79,101837,2747
1,pg,U,wide,bike,80,96912,2747
1,pg,U,wide,bike,81,89575,2747
1,pg,U,wide,bike,82,104430,2747
1,pg,U,wide,bike,83,181444,2747
1,pg,U,wide,bike,84,97388,2747
1,pg,U,wide,bike,85,89419,2747
1,pg,U,wide,bike,86,90668,2747
1,pg,U,wide,bike,87,90616,2747
1,pg,U,wide,bike,88,90036,2747
1,pg,U,wide,bike,89,103948,2747
1,pg,U,wide,bike,90,103966,2747
1,pg,U,wide,bike,91,86660,2747
1,pg,U,wide,bike,92,86651,2747
1,pg,U,wide,bike,93,100016,2747
1,pg,U,wide,bike,94,101769,2747
1,pg,U,wide,bike,95,85324,2747
1,pg,U,wide,bike,96,96703,2747
1,pg,U,wide,bike,97,88342,2747
1,pg,U,wide,bike,98,88452,2747
1,pg,U,wide,bike,99,102897,2747
1,pg,U,wide,bike,100,85942,2747
1,pg,U,wide,bike,101,86843,2747
1,pg,U,wide,bike,102,86773,2747
1,pg,U,wide,bike,103,90425,2747
1,pg,U,wide,bike,104,89116,2747
1,pg,U,wide,bike,105,88627,2747
1,pg,U,wide,bike,106,89172,2747
1,pg,U,wide,bike,107,87029,2747
1,pg,U,wide,bike,108,83685,2747
1,pg,U,wide,bike,109,84726,2747
1,pg,U,wide,bike,110,86947,2747
1,pg,U,wide,bike,111,87179,2747
1,pg,U,wide,bike,112,93896,2747
1,pg,U,wide,bike,113,104050,2747
1,pg,U,wide,bike,114,105829,2747
1,pg,U,wide,bike,115,106096,2747
1,pg,U,wide,bike,116,106832,2747
1,pg,U,wide,bike,117,91884,2747
1,pg,U,wide,bike,118,115817,2747
1,pg,U,wide,bike,119,87278,2747
1,pg,U,wide,bike,120,89065,2747
1,pg,U,wide,bike,121,103027,2747
1,pg,U,wide,bike,122,103834,2747
1,pg,U,wide,bike,123,87470,2747
1,pg,U,wide,bike,124,87103,2747
1,pg,U,wide,bike,125,100819,2747
1,pg,U,wide,bike,126,99719,2747
1,pg,U,wide,bike,127,87445,2747
1,pg,U,wide,bike,128,101546,2747
1,pg,U,wide,bike,129,114292,2747
1,pg,U,wide,bike,130,112629,2747
1,pg,U,wide,bike,131,108104,2747
1,pg,U,wide,bike,132,107343,2747
1,pg,U,wide,bike,133,96650,2747
1,pg,U,wide,bike,134,88320,2747
1,pg,U,wide,bike,135,85512,2747
1,pg,U,wide,bike,136,100523,2747
1,pg,U,wide,bike,137,102858,2747
1,pg,U,wide,bike,138,86211,2747
1,pg,U,wide,bike,139,109307,2747
1,pg,U,wide,bike,140,83890,2747
1,pg,U,wide,bike,141,86649,2747
1,pg,U,wide,bike,142,102022,2747
1,pg,U,wide,bike,143,103384,2747
1,pg,U,wide,bike,144,88767,2747
1,pg,U,wide,bike,145,85562,2747
1,pg,U,wide,bike,146,86674,2747
1,pg,U,wide,bike,147,88971,2747
1,pg,U,wide,bike,148,87508,2747
1,pg,U,wide,bike,149,87263,2747
1,pg,U,wide,bike,150,85998,2747
1,pg,U,wide,bike,151,90045,2747
1,pg,U,wide,bike,152,90574,2747
1,pg,U,wide,bike,153,90617,2747
1,pg,U,wide,bike,154,90048,2747
1,pg,U,wide,bike,155,88039,2747
1,pg,U,wide,bike,156,86538,2747
1,pg,U,wide,bike,157,100411,2747
1,pg,U,wide,bike,158,85049,2747
1,pg,U,wide,bike,159,87877,2747
1,pg,U,wide,bike,160,85843,2747
1,pg,U,wide,bike,161,84423,2747
1,pg,U,wide,bike,162,97859,2747
1,pg,U,wide,bike,163,88135,2747
1,pg,U,wide,bike,164,88193,2747
1,pg,U,wide,bike,165,100156,2747
1,pg,U,wide,bike,166,87586,2747
1,pg,U,wide,bike,167,84933,2747
1,pg,U,wide,bike,168,84842,2747
1,pg,U,wide,bike,169,102400,2747
1,pg,U,wide,bike,170,126803,2747
1,pg,U,wide,bike,171,118801,2747
1,pg,U,wide,bike,172,123621,2747
1,pg,U,wide,bike,173,106947,2747
1,pg,U,wide,bike,174,92976,2747
1,pg,U,wide,bike,175,102472,2747
1,pg,U,wide,bike,176,104003,2747
1,pg,U,wide,bike,177,104941,2747
1,pg,U,wide,bike,178,85803,2747
1,pg,U,wide,bike,179,89040,2747
1,pg,U,wide,bike,180,88873,2747
1,pg,U,wide,bike,181,105554,2747
1,pg,U,wide,bike,182,105120,2747
1,pg,U,wide,bike,183,132568,2747
1,pg,U,wide,bike,184,90291,2747
1,pg,U,wide,bike,185,106049,2747
1,pg,U,wide,bike,186,113275,2747
1,pg,U,wide,bike,187,110981,2747
1,pg,U,wide,bike,188,107360,2747
1,pg,U,wide,bike,189,108030,2747
1,pg,U,wide,bike,190,109779,2747
1,pg,U,wide,bike,191,95352,2747
1,pg,U,wide,bike,192,93437,2747
1,pg,U,wide,bike,193,89183,2747
1,pg,U,wide,bike,194,87674,2747
1,pg,U,wide,bike,195,104467,2747
1,pg,U,wide,bike,196,86441,2747
1,pg,U,wide,bike,197,86265,2747
1,pg,U,wide,bike,198,87060,2747
1,pg,U,wide,bike,199,87591,2747
1,mongo,S,narrow,bus,0,12403,518
1,mongo,S,narrow,bus,1,6813,518
1,mongo,S,narrow,bus,2,7124,518
1,mongo,S,narrow,bus,3,7039,518
1,mongo,S,narrow,bus,4,7281,518
1,mongo,S,narrow,bus,5,7670,518
1,mongo,S,narrow,bus,6,8516,518
1,mongo,S,narrow,bus,7,7698,518
1,mongo,S,narrow,bus,8,7417,518
1,mongo,S,narrow,bus,9,6811,518
1,mongo,S,narrow,bus,10,6447,518
1,mongo,S,narrow,bus,11,6946,518
1,mongo,S,narrow,bus,12,7213,518
1,mongo,S,narrow,bus,13,7121,518
1,mongo,S,narrow,bus,14,7286,518
1,mongo,S,narrow,bus,15,8513,518
1,mongo,S,narrow,bus,16,7770,518
1,mongo,S,narrow,bus,17,9104,518
1,mongo,S,narrow,bus,18,8026,518
1,mongo,S,narrow,bus,19,7761,518
1,mongo,S,narrow,bus,20,7062,518
1,mongo,S,narrow,bus,21,7521,518
1,mongo,S,narrow,bus,22,7886,518
1,mongo,S,narrow,bus,23,9899,518
1,mongo,S,narrow,bus,24,7318,518
1,mongo,S,narrow,bus,25,7564,518
1,mongo,S,narrow,bus,26,7162,518
1,mongo,S,narrow,bus,27,7502,518
1,mongo,S,narrow,bus,28,8358,518
1,mongo,S,narrow,bus,29,7237,518
1,mongo,S,narrow,bus,30,6606,518
1,mongo,S,narrow,bus,31,8476,518
1,mongo,S,narrow,bus,32,9442,518
1,mongo,S,narrow,bus,33,7133,518
1,mongo,S,narrow,bus,34,7049,518
1,mongo,S,narrow,bus,35,6972,518
1,mongo,S,narrow,bus,36,7191,518
1,mongo,S,narrow,bus,37,7355,518
1,mongo,S,narrow,bus,38,7207,518
1,mongo,S,narrow,bus,39,7439,518
1,mongo,S,narrow,bus,40,7060,518
1,mongo,S,narrow,bus,41,6870,518
1,mongo,S,narrow,bus,42,7619,518
1,mongo,S,narrow,bus,43,8682,518
1,mongo,S,narrow,bus,44,7182,518
1,mongo,S,narrow,bus,45,6739,518
1,mongo,S,narrow,bus,46,7540,518
1,mongo,S,narrow,bus,47,6706,518
1,mongo,S,narrow,bus,48,9187,518
1,mongo,S,narrow,bus,49,9697,518
1,mongo,S,narrow,bus,50,8636,518
1,mongo,S,narrow,bus,51,10354,518
1,mongo,S,narrow,bus,52,11491,518
1,mongo,S,narrow,bus,53,12247,518
1,mongo,S,narrow,bus,54,11670,518
1,mongo,S,narrow,bus,55,8577,518
1,mongo,S,narrow,bus,56,7970,518
1,mongo,S,narrow,bus,57,9817,518
1,mongo,S,narrow,bus,58,7747,518
1,mongo,S,narrow,bus,59,9714,518
1,mongo,S,narrow,bus,60,7715,518
1,mongo,S,narrow,bus,61,8349,518
1,mongo,S,narrow,bus,62,7982,518
1,mongo,S,narrow,bus,63,7557,518
1,mongo,S,narrow,bus,64,6379,518
1,mongo,S,narrow,bus,65,8219,518
1,mongo,S,narrow,bus,66,6621,518
1,mongo,S,narrow,bus,67,6919,518
1,mongo,S,narrow,bus,68,6839,518
1,mongo,S,narrow,bus,69,7573,518
1,mongo,S,narrow,bus,70,7651,518
1,mongo,S,narrow,bus,71,8273,518
1,mongo,S,narrow,bus,72,6736,518
1,mongo,S,narrow,bus,73,6639,518
1,mongo,S,narrow,bus,74,7317,518
1,mongo,S,narrow,bus,75,6445,518
1,mongo,S,narrow,bus,76,7017,518
1,mongo,S,narrow,bus,77,7814,518
1,mongo,S,narrow,bus,78,7505,518
1,mongo,S,narrow,bus,79,6825,518
1,mongo,S,narrow,bus,80,6806,518
1,mongo,S,narrow,bus,81,6459,518
1,mongo,S,narrow,bus,82,7319,518
1,mongo,S,narrow,bus,83,6835,518
1,mongo,S,narrow,bus,84,6721,518
1,mongo,S,narrow,bus,85,6512,518
1,mongo,S,narrow,bus,86,7102,518
1,mongo,S,narrow,bus,87,6988,518
1,mongo,S,narrow,bus,88,7497,518
1,mongo,S,narrow,bus,89,7479,518
1,mongo,S,narrow,bus,90,7228,518
1,mongo,S,narrow,bus,91,7843,518
1,mongo,S,narrow,bus,92,5846,518
1,mongo,S,narrow,bus,93,7776,518
1,mongo,S,narrow,bus,94,7786,518
1,mongo,S,narrow,bus,95,6975,518
1,mongo,S,narrow,bus,96,6537,518
1,mongo,S,narrow,bus,97,6696,518
1,mongo,S,narrow,bus,98,6975,518
1,mongo,S,narrow,bus,99,7468,518
1,mongo,S,narrow,bus,100,6852,518
1,mongo,S,narrow,bus,101,7458,518
1,mongo,S,narrow,bus,102,7226,518
1,mongo,S,narrow,bus,103,7348,518
1,mongo,S,narrow,bus,104,6417,518
1,mongo,S,narrow,bus,105,7795,518
1,mongo,S,narrow,bus,106,6849,518
1,mongo,S,narrow,bus,107,6896,518
1,mongo,S,narrow,bus,108,7445,518
1,mongo,S,narrow,bus,109,6800,518
1,mongo,S,narrow,bus,110,6265,518
1,mongo,S,narrow,bus,111,7314,518
1,mongo,S,narrow,bus,112,7094,518
1,mongo,S,narrow,bus,113,7271,518
1,mongo,S,narrow,bus,114,6792,518
1,mongo,S,narrow,bus,115,6747,518
1,mongo,S,narrow,bus,116,7230,518
1,mongo,S,narrow,bus,117,6781,518
1,mongo,S,narrow,bus,118,7295,518
1,mongo,S,narrow,bus,119,7223,518
1,mongo,S,narrow,bus,120,6738,518
1,mongo,S,narrow,bus,121,6362,518
1,mongo,S,narrow,bus,122,7098,518
1,mongo,S,narrow,bus,123,7628,518
1,mongo,S,narrow,bus,124,7990,518
1,mongo,S,narrow,bus,125,7715,518
1,mongo,S,narrow,bus,126,7561,518
1,mongo,S,narrow,bus,127,8187,518
1,mongo,S,narrow,bus,128,7367,518
1,mongo,S,narrow,bus,129,7263,518
1,mongo,S,narrow,bus,130,7125,518
1,mongo,S,narrow,bus,131,7010,518
1,mongo,S,narrow,bus,132,7032,518
1,mongo,S,narrow,bus,133,7252,518
1,mongo,S,narrow,bus,134,7211,518
1,mongo,S,narrow,bus,135,6924,518
1,mongo,S,narrow,bus,136,6792,518
1,mongo,S,narrow,bus,137,6971,518
1,mongo,S,narrow,bus,138,6214,518
1,mongo,S,narrow,bus,139,6730,518
1,mongo,S,narrow,bus,140,5926,518
1,mongo,S,narrow,bus,141,8195,518
1,mongo,S,narrow,bus,142,7174,518
1,mongo,S,narrow,bus,143,6728,518
1,mongo,S,narrow,bus,144,6599,518
1,mongo,S,narrow,bus,145,7697,518
1,mongo,S,narrow,bus,146,6705,518
1,mongo,S,narrow,bus,147,6619,518
1,mongo,S,narrow,bus,148,6572,518
1,mongo,S,narrow,bus,149,6800,518
1,mongo,S,narrow,bus,150,8207,518
1,mongo,S,narrow,bus,151,6978,518
1,mongo,S,narrow,bus,152,7049,518
1,mongo,S,narrow,bus,153,6496,518
1,mongo,S,narrow,bus,154,7173,518
1,mongo,S,narrow,bus,155,6517,518
1,mongo,S,narrow,bus,156,8597,518
1,mongo,S,narrow,bus,157,7415,518
1,mongo,S,narrow,bus,158,6491,518
1,mongo,S,narrow,bus,159,6825,518
1,mongo,S,narrow,bus,160,6138,518
1,mongo,S,narrow,bus,161,6866,518
1,mongo,S,narrow,bus,162,6636,518
1,mongo,S,narrow,bus,163,7645,518
1,mongo,S,narrow,bus,164,6294,518
1,mongo,S,narrow,bus,165,6708,518
1,mongo,S,narrow,bus,166,7624,518
1,mongo,S,narrow,bus,167,7273,518
1,mongo,S,narrow,bus,168,6792,518
1,mongo,S,narrow,bus,169,6773,518
1,mongo,S,narrow,bus,170,7359,518
1,mongo,S,narrow,bus,171,6895,518
1,mongo,S,narrow,bus,172,6727,518
1,mongo,S,narrow,bus,173,7320,518
1,mongo,S,narrow,bus,174,6527,518
1,mongo,S,narrow,bus,175,7236,518
1,mongo,S,narrow,bus,176,6432,518
1,mongo,S,narrow,bus,177,7721,518
1,mongo,S,narrow,bus,178,7177,518
1,mongo,S,narrow,bus,179,8456,518
1,mongo,S,narrow,bus,180,7128,518
1,mongo,S,narrow,bus,181,6884,518
1,mongo,S,narrow,bus,182,8477,518
1,mongo,S,narrow,bus,183,6438,518
1,mongo,S,narrow,bus,184,8498,518
1,mongo,S,narrow,bus,185,7433,518
1,mongo,S,narrow,bus,186,6543,518
1,mongo,S,narrow,bus,187,7021,518
1,mongo,S,narrow,bus,188,7761,518
1,mongo,S,narrow,bus,189,7120,518
1,mongo,S,narrow,bus,190,7024,518
1,mongo,S,narrow,bus,191,6860,518
1,mongo,S,narrow,bus,192,7160,518
1,mongo,S,narrow,bus,193,6475,518
1,mongo,S,narrow,bus,194,6481,518
1,mongo,S,narrow,bus,195,6642,518
1,mongo,S,narrow,bus,196,6943,518
1,mongo,S,narrow,bus,197,7495,518
1,mongo,S,narrow,bus,198,6639,518
1,mongo,S,narrow,bus,199,9137,518
1,mongo,U,wide,both,0,121149,13843
1,mongo,U,wide,both,1,106172,13843
1,mongo,U,wide,both,2,109342,13843
1,mongo,U,wide,both,3,105975,13843
1,mongo,U,wide,both,4,133387,13843
1,mongo,U,wide,both,5,110617,13843
1,mongo,U,wide,both,6,119445,13843
1,mongo,U,wide,both,7,123996,13843
1,mongo,U,wide,both,8,158072,13843
1,mongo,U,wide,both,9,142138,13843
1,mongo,U,wide,both,10,141870,13843
1,mongo,U,wide,both,11,141933,13843
1,mongo,U,wide,both,12,119677,13843
1,mongo,U,wide,both,13,120452,13843
1,mongo,U,wide,both,14,121616,13843
1,mongo,U,wide,both,15,136755,13843
1,mongo,U,wide,both,16,125279,13843
1,mongo,U,wide,both,17,134443,13843
1,mongo,U,wide,both,18,118416,13843
1,mongo,U,wide,both,19,136201,13843
1,mongo,U,wide,both,20,123202,13843
1,mongo,U,wide,both,21,152467,13843
1,mongo,U,wide,both,22,140527,13843
1,mongo,U,wide,both,23,160737,13843
1,mongo,U,wide,both,24,143895,13843
1,mongo,U,wide,both,25,141420,13843
1,mongo,U,wide,both,26,134684,13843
1,mongo,U,wide,both,27,123226,13843
1,mongo,U,wide,both,28,121308,13843
1,mongo,U,wide,both,29,118355,13843
1,mongo,U,wide,both,30,117192,13843
1,mongo,U,wide,both,31,130117,13843
1,mongo,U,wide,both,32,124017,13843
1,mongo,U,wide,both,33,125472,13843
1,mongo,U,wide,both,34,130524,13843
1,mongo,U,wide,both,35,117392,13843
1,mongo,U,wide,both,36,121202,13843
1,mongo,U,wide,both,37,117488,13843
1,mongo,U,wide,both,38,120378,13843
1,mongo,U,wide,both,39,119542,13843
1,mongo,U,wide,both,40,140508,13843
1,mongo,U,wide,both,41,114542,13843
1,mongo,U,wide,both,42,117472,13843
1,mongo,U,wide,both,43,120947,13843
1,mongo,U,wide,both,44,122286,13843
1,mongo,U,wide,both,45,116860,13843
1,mongo,U,wide,both,46,121806,13843
1,mongo,U,wide,both,47,138047,13843
1,mongo,U,wide,both,48,119595,13843
1,mongo,U,wide,both,49,141378,13843
1,mongo,U,wide,both,50,122073,13843
1,mongo,U,wide,both,51,134343,13843
1,mongo,U,wide,both,52,133876,13843
1,mongo,U,wide,both,53,138885,13843
1,mongo,U,wide,both,54,130000,13843
1,mongo,U,wide,both,55,118018,13843
1,mongo,U,wide,both,56,127583,13843
1,mongo,U,wide,both,57,109575,13843
1,mongo,U,wide,both,58,111334,13843
1,mongo,U,wide,both,59,118565,13843
1,mongo,U,wide,both,60,115523,13843
1,mongo,U,wide,both,61,113862,13843
1,mongo,U,wide,both,62,116631,13843
1,mongo,U,wide,both,63,107131,13843
1,mongo,U,wide,both,64,118202,13843
1,mongo,U,wide,both,65,111292,13843
1,mongo,U,wide,both,66,113053,13843
1,mongo,U,wide,both,67,140536,13843
1,mongo,U,wide,both,68,138448,13843
1,mongo,U,wide,both,69,134347,13843
1,mongo,U,wide,both,70,125555,13843
1,mongo,U,wide,both,71,130982,13843
1,mongo,U,wide,both,72,116369,13843
1,mongo,U,wide,both,73,148260,13843
1,mongo,U,wide,both,74,117153,13843
1,mongo,U,wide,both,75,125931,13843
1,mongo,U,wide,both,76,118711,13843
1,mongo,U,wide,both,77,111826,13843
1,mongo,U,wide,both,78,114044,13843
1,mongo,U,wide,both,79,119187,13843
1,mongo,U,wide,both,80,112599,13843
1,mongo,U,wide,both,81,110338,13843
1,mongo,U,wide,both,82,114920,13843
1,mongo,U,wide,both,83,111569,13843
1,mongo,U,wide,both,84,110987,13843
1,mongo,U,wide,both,85,121191,13843
1,mongo,U,wide,both,86,116548,13843
1,mongo,U,wide,both,87,116207,13843
1,mongo,U,wide,both,88,122826,13843
1,mongo,U,wide,both,89,117209,13843
1,mongo,U,wide,both,90,128311,13843
1,mongo,U,wide,both,91,130922,13843
1,mongo,U,wide,both,92,112553,13843
1,mongo,U,wide,both,93,118119,13843
1,mongo,U,wide,both,94,119161,13843
1,mongo,U,wide,both,95,157414,13843
1,mongo,U,wide,both,96,126797,13843
1,mongo,U,wide,both,97,123519,13843
1,mongo,U,wide,both,98,139071,13843
1,mongo,U,wide,both,99,127541,13843
1,mongo,U,wide,both,100,138429,13843
1,mongo,U,wide,both,101,136997,13843
1,mongo,U,wide,both,102,120290,13843
1,mongo,U,wide,both,103,117165,13843
1,mongo,U,wide,both,104,114099,13843
1,mongo,U,wide,both,105,117123,13843
1,mongo,U,wide,both,106,111810,13843
1,mongo,U,wide,both,107,135374,13843
1,mongo,U,wide,both,108,111230,13843
1,mongo,U,wide,both,109,108671,13843
1,mongo,U,wide,both,110,111881,13843
1,mongo,U,wide,both,111,116620,13843
1,mongo,U,wide,both,112,123810,13843
1,mongo,U,wide,both,113,152192,13843
1,mongo,U,wide,both,114,151605,13843
1,mongo,U,wide,both,115,136177,13843
1,mongo,U,wide,both,116,142535,13843
1,mongo,U,wide,both,117,136403,13843
1,mongo,U,wide,both,118,135068,13843
1,mongo,U,wide,both,119,114403,13843
1,mongo,U,wide,both,120,128465,13843
1,mongo,U,wide,both,121,115476,13843
1,mongo,U,wide,both,122,129861,13843
1,mongo,U,wide,both,123,129093,13843
1,mongo,U,wide,both,124,128936,13843
1,mongo,U,wide,both,125,121168,13843
1,mongo,U,wide,both,126,122868,13843
1,mongo,U,wide,both,127,109217,13843
1,mongo,U,wide,both,128,115551,13843
1,mongo,U,wide,both,129,114518,13843
1,mongo,U,wide,both,130,115294,13843
1,mongo,U,wide,both,131,123850,13843
1,mongo,U,wide,both,132,113157,13843
1,mongo,U,wide,both,133,109757,13843
1,mongo,U,wide,both,134,114027,13843
1,mongo,U,wide,both,135,135851,13843
1,mongo,U,wide,both,136,114454,13843
1,mongo,U,wide,both,137,117684,13843
1,mongo,U,wide,both,138,126153,13843
1,mongo,U,wide,both,139,117434,13843
1,mongo,U,wide,both,140,127281,13843
1,mongo,U,wide,both,141,161799,13843
1,mongo,U,wide,both,142,152113,13843
1,mongo,U,wide,both,143,145413,13843
1,mongo,U,wide,both,144,150933,13843
1,mongo,U,wide,both,145,126866,13843
1,mongo,U,wide,both,146,121432,13843
1,mongo,U,wide,both,147,121304,13843
1,mongo,U,wide,both,148,112972,13843
1,mongo,U,wide,both,149,113973,13843
1,mongo,U,wide,both,150,120225,13843
1,mongo,U,wide,both,151,108989,13843
1,mongo,U,wide,both,152,116164,13843
1,mongo,U,wide,both,153,110682,13843
1,mongo,U,wide,both,154,123828,13843
1,mongo,U,wide,both,155,109578,13843
1,mongo,U,wide,both,156,118850,13843
1,mongo,U,wide,both,157,133475,13843
1,mongo,U,wide,both,158,156879,13843
1,mongo,U,wide,both,159,152904,13843
1,mongo,U,wide,both,160,143162,13843
1,mongo,U,wide,both,161,147463,13843
1,mongo,U,wide,both,162,141410,13843
1,mongo,U,wide,both,163,124459,13843
1,mongo,U,wide,both,164,122386,13843
1,mongo,U,wide,both,165,117317,13843
1,mongo,U,wide,both,166,132958,13843
1,mongo,U,wide,both,167,115914,13843
1,mongo,U,wide,both,168,122616,13843
1,mongo,U,wide,both,169,116518,13843
1,mongo,U,wide,both,170,128183,13843
1,mongo,U,wide,both,171,119552,13843
1,mongo,U,wide,both,172,129759,13843
1,mongo,U,wide,both,173,136215,13843
1,mongo,U,wide,both,174,157101,13843
1,mongo,U,wide,both,175,116248,13843
1,mongo,U,wide,both,176,116781,13843
1,mongo,U,wide,both,177,118548,13843
1,mongo,U,wide,both,178,130093,13843
1,mongo,U,wide,both,179,119643,13843
1,mongo,U,wide,both,180,120951,13843
1,mongo,U,wide,both,181,116406,13843
1,mongo,U,wide,both,182,129050,13843
1,mongo,U,wide,both,183,119480,13843
1,mongo,U,wide,both,184,120409,13843
1,mongo,U,wide,both,185,150363,13843
1,mongo,U,wide,both,186,155031,13843
1,mongo,U,wide,both,187,150635,13843
1,mongo,U,wide,both,188,144344,13843
1,mongo,U,wide,both,189,136284,13843
1,mongo,U,wide,both,190,134959,13843
1,mongo,U,wide,both,191,127287,13843
1,mongo,U,wide,both,192,121428,13843
1,mongo,U,wide,both,193,132011,13843
1,mongo,U,wide,both,194,135533,13843
1,mongo,U,wide,both,195,128375,13843
1,mongo,U,wide,both,196,116132,13843
1,mongo,U,wide,both,197,122161,13843
1,mongo,U,wide,both,198,128763,13843
1,mongo,U,wide,both,199,116928,13843
1,mongo,U,wide,bike,0,34077,2748
1,mongo,U,wide,bike,1,32974,2748
1,mongo,U,wide,bike,2,30857,2748
1,mongo,U,wide,bike,3,32017,2748
1,mongo,U,wide,bike,4,33959,2748
1,mongo,U,wide,bike,5,42626,2748
1,mongo,U,wide,bike,6,36799,2748
1,mongo,U,wide,bike,7,42422,2748
1,mongo,U,wide,bike,8,39765,2748
1,mongo,U,wide,bike,9,38501,2748
1,mongo,U,wide,bike,10,47844,2748
1,mongo,U,wide,bike,11,37620,2748
1,mongo,U,wide,bike,12,37854,2748
1,mongo,U,wide,bike,13,40431,2748
1,mongo,U,wide,bike,14,41028,2748
1,mongo,U,wide,bike,15,43548,2748
1,mongo,U,wide,bike,16,35757,2748
1,mongo,U,wide,bike,17,60879,2748
1,mongo,U,wide,bike,18,45476,2748
1,mongo,U,wide,bike,19,42455,2748
1,mongo,U,wide,bike,20,38464,2748
1,mongo,U,wide,bike,21,34520,2748
1,mongo,U,wide,bike,22,34019,2748
1,mongo,U,wide,bike,23,34143,2748
1,mongo,U,wide,bike,24,33102,2748
1,mongo,U,wide,bike,25,31869,2748
1,mongo,U,wide,bike,26,30731,2748
1,mongo,U,wide,bike,27,30483,2748
1,mongo,U,wide,bike,28,34762,2748
1,mongo,U,wide,bike,29,31920,2748
1,mongo,U,wide,bike,30,34947,2748
1,mongo,U,wide,bike,31,30574,2748
1,mongo,U,wide,bike,32,38044,2748
1,mongo,U,wide,bike,33,38799,2748
1,mongo,U,wide,bike,34,42310,2748
1,mongo,U,wide,bike,35,36821,2748
1,mongo,U,wide,bike,36,37314,2748
1,mongo,U,wide,bike,37,37726,2748
1,mongo,U,wide,bike,38,35417,2748
1,mongo,U,wide,bike,39,31220,2748
1,mongo,U,wide,bike,40,33120,2748
1,mongo,U,wide,bike,41,32980,2748
1,mongo,U,wide,bike,42,33390,2748
1,mongo,U,wide,bike,43,36460,2748
1,mongo,U,wide,bike,44,41107,2748
1,mongo,U,wide,bike,45,44307,2748
1,mongo,U,wide,bike,46,56029,2748
1,mongo,U,wide,bike,47,34863,2748
1,mongo,U,wide,bike,48,34074,2748
1,mongo,U,wide,bike,49,34100,2748
1,mongo,U,wide,bike,50,34478,2748
1,mongo,U,wide,bike,51,34378,2748
1,mongo,U,wide,bike,52,32349,2748
1,mongo,U,wide,bike,53,32977,2748
1,mongo,U,wide,bike,54,31943,2748
1,mongo,U,wide,bike,55,32961,2748
1,mongo,U,wide,bike,56,31667,2748
1,mongo,U,wide,bike,57,33891,2748
1,mongo,U,wide,bike,58,27507,2748
1,mongo,U,wide,bike,59,32302,2748
1,mongo,U,wide,bike,60,31342,2748
1,mongo,U,wide,bike,61,30133,2748
1,mongo,U,wide,bike,62,29117,2748
1,mongo,U,wide,bike,63,33255,2748
1,mongo,U,wide,bike,64,31533,2748
1,mongo,U,wide,bike,65,31187,2748
1,mongo,U,wide,bike,66,29965,2748
1,mongo,U,wide,bike,67,32135,2748
1,mongo,U,wide,bike,68,31901,2748
1,mongo,U,wide,bike,69,34259,2748
1,mongo,U,wide,bike,70,33204,2748
1,mongo,U,wide,bike,71,30039,2748
1,mongo,U,wide,bike,72,31462,2748
1,mongo,U,wide,bike,73,32064,2748
1,mongo,U,wide,bike,74,32983,2748
1,mongo,U,wide,bike,75,33331,2748
1,mongo,U,wide,bike,76,36404,2748
1,mongo,U,wide,bike,77,39238,2748
1,mongo,U,wide,bike,78,35279,2748
1,mongo,U,wide,bike,79,32013,2748
1,mongo,U,wide,bike,80,28556,2748
1,mongo,U,wide,bike,81,30542,2748
1,mongo,U,wide,bike,82,32442,2748
1,mongo,U,wide,bike,83,36503,2748
1,mongo,U,wide,bike,84,31419,2748
1,mongo,U,wide,bike,85,35235,2748
1,mongo,U,wide,bike,86,32174,2748
1,mongo,U,wide,bike,87,33399,2748
1,mongo,U,wide,bike,88,29991,2748
1,mongo,U,wide,bike,89,30765,2748
1,mongo,U,wide,bike,90,30475,2748
1,mongo,U,wide,bike,91,32018,2748
1,mongo,U,wide,bike,92,32692,2748
1,mongo,U,wide,bike,93,31644,2748
1,mongo,U,wide,bike,94,32746,2748
1,mongo,U,wide,bike,95,30285,2748
1,mongo,U,wide,bike,96,33868,2748
1,mongo,U,wide,bike,97,32302,2748
1,mongo,U,wide,bike,98,34605,2748
1,mongo,U,wide,bike,99,32450,2748
1,mongo,U,wide,bike,100,43900,2748
1,mongo,U,wide,bike,101,37044,2748
1,mongo,U,wide,bike,102,38550,2748
1,mongo,U,wide,bike,103,38183,2748
1,mongo,U,wide,bike,104,36458,2748
1,mongo,U,wide,bike,105,38118,2748
1,mongo,U,wide,bike,106,40347,2748
1,mongo,U,wide,bike,107,35849,2748
1,mongo,U,wide,bike,108,40477,2748
1,mongo,U,wide,bike,109,37385,2748
1,mongo,U,wide,bike,110,41246,2748
1,mongo,U,wide,bike,111,40570,2748
1,mongo,U,wide,bike,112,37857,2748
1,mongo,U,wide,bike,113,44950,2748
1,mongo,U,wide,bike,114,40179,2748
1,mongo,U,wide,bike,115,39183,2748
1,mongo,U,wide,bike,116,31861,2748
1,mongo,U,wide,bike,117,31713,2748
1,mongo,U,wide,bike,118,33370,2748
1,mongo,U,wide,bike,119,33140,2748
1,mongo,U,wide,bike,120,33452,2748
1,mongo,U,wide,bike,121,36946,2748
1,mongo,U,wide,bike,122,31270,2748
1,mongo,U,wide,bike,123,32486,2748
1,mongo,U,wide,bike,124,33800,2748
1,mongo,U,wide,bike,125,31410,2748
1,mongo,U,wide,bike,126,33565,2748
1,mongo,U,wide,bike,127,36484,2748
1,mongo,U,wide,bike,128,34266,2748
1,mongo,U,wide,bike,129,32636,2748
1,mongo,U,wide,bike,130,29462,2748
1,mongo,U,wide,bike,131,31901,2748
1,mongo,U,wide,bike,132,33174,2748
1,mongo,U,wide,bike,133,31817,2748
1,mongo,U,wide,bike,134,32772,2748
1,mongo,U,wide,bike,135,30995,2748
1,mongo,U,wide,bike,136,39361,2748
1,mongo,U,wide,bike,137,55918,2748
1,mongo,U,wide,bike,138,37012,2748
1,mongo,U,wide,bike,139,34057,2748
1,mongo,U,wide,bike,140,30808,2748
1,mongo,U,wide,bike,141,34952,2748
1,mongo,U,wide,bike,142,33981,2748
1,mongo,U,wide,bike,143,32993,2748
1,mongo,U,wide,bike,144,34258,2748
1,mongo,U,wide,bike,145,29767,2748
1,mongo,U,wide,bike,146,30739,2748
1,mongo,U,wide,bike,147,30252,2748
1,mongo,U,wide,bike,148,31485,2748
1,mongo,U,wide,bike,149,31827,2748
1,mongo,U,wide,bike,150,29048,2748
1,mongo,U,wide,bike,151,36063,2748
1,mongo,U,wide,bike,152,32534,2748
1,mongo,U,wide,bike,153,30607,2748
1,mongo,U,wide,bike,154,31989,2748
1,mongo,U,wide,bike,155,31858,2748
1,mongo,U,wide,bike,156,31592,2748
1,mongo,U,wide,bike,157,33191,2748
1,mongo,U,wide,bike,158,33450,2748
1,mongo,U,wide,bike,159,33030,2748
1,mongo,U,wide,bike,160,28263,2748
1,mongo,U,wide,bike,161,28073,2748
1,mongo,U,wide,bike,162,31039,2748
1,mongo,U,wide,bike,163,28910,2748
1,mongo,U,wide,bike,164,30210,2748
1,mongo,U,wide,bike,165,29175,2748
1,mongo,U,wide,bike,166,29214,2748
1,mongo,U,wide,bike,167,41949,2748
1,mongo,U,wide,bike,168,37557,2748
1,mongo,U,wide,bike,169,31613,2748
1,mongo,U,wide,bike,170,37847,2748
1,mongo,U,wide,bike,171,37417,2748
1,mongo,U,wide,bike,172,46712,2748
1,mongo,U,wide,bike,173,37355,2748
1,mongo,U,wide,bike,174,36849,2748
1,mongo,U,wide,bike,175,33462,2748
1,mongo,U,wide,bike,176,38579,2748
1,mongo,U,wide,bike,177,35016,2748
1,mongo,U,wide,bike,178,36006,2748
1,mongo,U,wide,bike,179,30675,2748
1,mongo,U,wide,bike,180,34490,2748
1,mongo,U,wide,bike,181,34017,2748
1,mongo,U,wide,bike,182,33372,2748
1,mongo,U,wide,bike,183,42135,2748
1,mongo,U,wide,bike,184,34031,2748
1,mongo,U,wide,bike,185,30291,2748
1,mongo,U,wide,bike,186,31192,2748
1,mongo,U,wide,bike,187,30591,2748
1,mongo,U,wide,bike,188,27761,2748
1,mongo,U,wide,bike,189,30630,2748
1,mongo,U,wide,bike,190,29300,2748
1,mongo,U,wide,bike,191,30068,2748
1,mongo,U,wide,bike,192,39501,2748
1,mongo,U,wide,bike,193,33937,2748
1,mongo,U,wide,bike,194,34531,2748
1,mongo,U,wide,bike,195,31317,2748
1,mongo,U,wide,bike,196,29882,2748
1,mongo,U,wide,bike,197,30715,2748
1,mongo,U,wide,bike,198,33977,2748
1,mongo,U,wide,bike,199,39643,2748
1,mongo,U,narrow,both,0,13463,684
1,mongo,U,narrow,both,1,8630,684
1,mongo,U,narrow,both,2,8160,684
1,mongo,U,narrow,both,3,9447,684
1,mongo,U,narrow,both,4,8669,684
1,mongo,U,narrow,both,5,8331,684
1,mongo,U,narrow,both,6,11958,684
1,mongo,U,narrow,both,7,8499,684
1,mongo,U,narrow,both,8,10194,684
1,mongo,U,narrow,both,9,8338,684
1,mongo,U,narrow,both,10,7689,684
1,mongo,U,narrow,both,11,8062,684
1,mongo,U,narrow,both,12,9812,684
1,mongo,U,narrow,both,13,8837,684
1,mongo,U,narrow,both,14,9082,684
1,mongo,U,narrow,both,15,9986,684
1,mongo,U,narrow,both,16,9178,684
1,mongo,U,narrow,both,17,8655,684
1,mongo,U,narrow,both,18,9571,684
1,mongo,U,narrow,both,19,9081,684
1,mongo,U,narrow,both,20,8599,684
1,mongo,U,narrow,both,21,7774,684
1,mongo,U,narrow,both,22,10963,684
1,mongo,U,narrow,both,23,8323,684
1,mongo,U,narrow,both,24,8099,684
1,mongo,U,narrow,both,25,8235,684
1,mongo,U,narrow,both,26,9807,684
1,mongo,U,narrow,both,27,7744,684
1,mongo,U,narrow,both,28,7896,684
1,mongo,U,narrow,both,29,8202,684
1,mongo,U,narrow,both,30,11446,684
1,mongo,U,narrow,both,31,8170,684
1,mongo,U,narrow,both,32,7605,684
1,mongo,U,narrow,both,33,7935,684
1,mongo,U,narrow,both,34,10187,684
1,mongo,U,narrow,both,35,8568,684
1,mongo,U,narrow,both,36,8421,684
1,mongo,U,narrow,both,37,9757,684
1,mongo,U,narrow,both,38,9152,684
1,mongo,U,narrow,both,39,9515,684
1,mongo,U,narrow,both,40,9718,684
1,mongo,U,narrow,both,41,8277,684
1,mongo,U,narrow,both,42,7987,684
1,mongo,U,narrow,both,43,7437,684
1,mongo,U,narrow,both,44,7914,684
1,mongo,U,narrow,both,45,10725,684
1,mongo,U,narrow,both,46,8676,684
1,mongo,U,narrow,both,47,9094,684
1,mongo,U,narrow,both,48,8477,684
1,mongo,U,narrow,both,49,9419,684
1,mongo,U,narrow,both,50,8496,684
1,mongo,U,narrow,both,51,7752,684
1,mongo,U,narrow,both,52,11554,684
1,mongo,U,narrow,both,53,8715,684
1,mongo,U,narrow,both,54,7757,684
1,mongo,U,narrow,both,55,7659,684
1,mongo,U,narrow,both,56,9552,684
1,mongo,U,narrow,both,57,8856,684
1,mongo,U,narrow,both,58,8244,684
1,mongo,U,narrow,both,59,8646,684
1,mongo,U,narrow,both,60,9450,684
1,mongo,U,narrow,both,61,8676,684
1,mongo,U,narrow,both,62,8717,684
1,mongo,U,narrow,both,63,8626,684
1,mongo,U,narrow,both,64,8254,684
1,mongo,U,narrow,both,65,8493,684
1,mongo,U,narrow,both,66,9206,684
1,mongo,U,narrow,both,67,8634,684
1,mongo,U,narrow,both,68,8962,684
1,mongo,U,narrow,both,69,8254,684
1,mongo,U,narrow,both,70,10642,684
1,mongo,U,narrow,both,71,8472,684
1,mongo,U,narrow,both,72,8175,684
1,mongo,U,narrow,both,73,7884,684
1,mongo,U,narrow,both,74,8529,684
1,mongo,U,narrow,both,75,8924,684
1,mongo,U,narrow,both,76,8290,684
1,mongo,U,narrow,both,77,8504,684
1,mongo,U,narrow,both,78,8384,684
1,mongo,U,narrow,both,79,8295,684
1,mongo,U,narrow,both,80,9215,684
1,mongo,U,narrow,both,81,8750,684
1,mongo,U,narrow,both,82,10019,684
1,mongo,U,narrow,both,83,9327,684
1,mongo,U,narrow,both,84,8390,684
1,mongo,U,narrow,both,85,7980,684
1,mongo,U,narrow,both,86,8838,684
1,mongo,U,narrow,both,87,9802,684
1,mongo,U,narrow,both,88,8656,684
1,mongo,U,narrow,both,89,8028,684
1,mongo,U,narrow,both,90,9714,684
1,mongo,U,narrow,both,91,8437,684
1,mongo,U,narrow,both,92,7727,684
1,mongo,U,narrow,both,93,7597,684
1,mongo,U,narrow,both,94,7887,684
1,mongo,U,narrow,both,95,10147,684
1,mongo,U,narrow,both,96,8533,684
1,mongo,U,narrow,both,97,9029,684
1,mongo,U,narrow,both,98,8572,684
1,mongo,U,narrow,both,99,9167,684
1,mongo,U,narrow,both,100,9189,684
1,mongo,U,narrow,both,101,8795,684
1,mongo,U,narrow,both,102,9580,684
1,mongo,U,narrow,both,103,7912,684
1,mongo,U,narrow,both,104,8082,684
1,mongo,U,narrow,both,105,9056,684
1,mongo,U,narrow,both,106,8457,684
1,mongo,U,narrow,both,107,10120,684
1,mongo,U,narrow,both,108,8752,684
1,mongo,U,narrow,both,109,11562,684
1,mongo,U,narrow,both,110,8052,684
1,mongo,U,narrow,both,111,10321,684
1,mongo,U,narrow,both,112,9067,684
1,mongo,U,narrow,both,113,8369,684
1,mongo,U,narrow,both,114,9904,684
1,mongo,U,narrow,both,115,8474,684
1,mongo,U,narrow,both,116,9052,684
1,mongo,U,narrow,both,117,9026,684
1,mongo,U,narrow,both,118,9886,684
1,mongo,U,narrow,both,119,8369,684
1,mongo,U,narrow,both,120,8707,684
1,mongo,U,narrow,both,121,10213,684
1,mongo,U,narrow,both,122,11607,684
1,mongo,U,narrow,both,123,10668,684
1,mongo,U,narrow,both,124,9620,684
1,mongo,U,narrow,both,125,9748,684
1,mongo,U,narrow,both,126,8706,684
1,mongo,U,narrow,both,127,9860,684
1,mongo,U,narrow,both,128,9456,684
1,mongo,U,narrow,both,129,8767,684
1,mongo,U,narrow,both,130,9102,684
1,mongo,U,narrow,both,131,8152,684
1,mongo,U,narrow,both,132,7807,684
1,mongo,U,narrow,both,133,8328,684
1,mongo,U,narrow,both,134,8286,684
1,mongo,U,narrow,both,135,9581,684
1,mongo,U,narrow,both,136,8936,684
1,mongo,U,narrow,both,137,8257,684
1,mongo,U,narrow,both,138,7631,684
1,mongo,U,narrow,both,139,10683,684
1,mongo,U,narrow,both,140,7666,684
1,mongo,U,narrow,both,141,7556,684
1,mongo,U,narrow,both,142,7845,684
1,mongo,U,narrow,both,143,9145,684
1,mongo,U,narrow,both,144,7774,684
1,mongo,U,narrow,both,145,9165,684
1,mongo,U,narrow,both,146,7661,684
1,mongo,U,narrow,both,147,7734,684
1,mongo,U,narrow,both,148,7944,684
1,mongo,U,narrow,both,149,10492,684
1,mongo,U,narrow,both,150,8797,684
1,mongo,U,narrow,both,151,9620,684
1,mongo,U,narrow,both,152,10786,684
1,mongo,U,narrow,both,153,8300,684
1,mongo,U,narrow,both,154,7909,684
1,mongo,U,narrow,both,155,9786,684
1,mongo,U,narrow,both,156,8180,684
1,mongo,U,narrow,both,157,7886,684
1,mongo,U,narrow,both,158,8600,684
1,mongo,U,narrow,both,159,8862,684
1,mongo,U,narrow,both,160,8995,684
1,mongo,U,narrow,both,161,7888,684
1,mongo,U,narrow,both,162,7570,684
1,mongo,U,narrow,both,163,8927,684
1,mongo,U,narrow,both,164,10779,684
1,mongo,U,narrow,both,165,8778,684
1,mongo,U,narrow,both,166,7653,684
1,mongo,U,narrow,both,167,7710,684
1,mongo,U,narrow,both,168,9516,684
1,mongo,U,narrow,both,169,7972,684
1,mongo,U,narrow,both,170,7974,684
1,mongo,U,narrow,both,171,7781,684
1,mongo,U,narrow,both,172,9973,684
1,mongo,U,narrow,both,173,7629,684
1,mongo,U,narrow,both,174,7875,684
1,mongo,U,narrow,both,175,7797,684
1,mongo,U,narrow,both,176,8086,684
1,mongo,U,narrow,both,177,8860,684
1,mongo,U,narrow,both,178,8589,684
1,mongo,U,narrow,both,179,9510,684
1,mongo,U,narrow,both,180,9538,684
1,mongo,U,narrow,both,181,9615,684
1,mongo,U,narrow,both,182,8093,684
1,mongo,U,narrow,both,183,8658,684
1,mongo,U,narrow,both,184,8772,684
1,mongo,U,narrow,both,185,9064,684
1,mongo,U,narrow,both,186,7911,684
1,mongo,U,narrow,both,187,10097,684
1,mongo,U,narrow,both,188,8481,684
1,mongo,U,narrow,both,189,9243,684
1,mongo,U,narrow,both,190,8041,684
1,mongo,U,narrow,both,191,8252,684
1,mongo,U,narrow,both,192,7779,684
1,mongo,U,narrow,both,193,9479,684
1,mongo,U,narrow,both,194,8144,684
1,mongo,U,narrow,both,195,8417,684
1,mongo,U,narrow,both,196,7727,684
1,mongo,U,narrow,both,197,7707,684
1,mongo,U,narrow,both,198,7709,684
1,mongo,U,narrow,both,199,9392,684
1,mongo,U,medium,both,0,68587,7648
1,mongo,U,medium,both,1,65344,7648
1,mongo,U,medium,both,2,65897,7648
1,mongo,U,medium,both,3,74776,7648
1,mongo,U,medium,both,4,79659,7648
1,mongo,U,medium,both,5,75417,7648
1,mongo,U,medium,both,6,74820,7648
1,mongo,U,medium,both,7,78908,7648
1,mongo,U,medium,both,8,77874,7648
1,mongo,U,medium,both,9,77565,7648
1,mongo,U,medium,both,10,87359,7648
1,mongo,U,medium,both,11,89829,7648
1,mongo,U,medium,both,12,76770,7648
1,mongo,U,medium,both,13,79122,7648
1,mongo,U,medium,both,14,70717,7648
1,mongo,U,medium,both,15,65684,7648
1,mongo,U,medium,both,16,73611,7648
1,mongo,U,medium,both,17,73690,7648
1,mongo,U,medium,both,18,69393,7648
1,mongo,U,medium,both,19,67515,7648
1,mongo,U,medium,both,20,69446,7648
1,mongo,U,medium,both,21,73537,7648
1,mongo,U,medium,both,22,64845,7648
1,mongo,U,medium,both,23,66706,7648
1,mongo,U,medium,both,24,71638,7648
1,mongo,U,medium,both,25,64149,7648
1,mongo,U,medium,both,26,72369,7648
1,mongo,U,medium,both,27,66230,7648
1,mongo,U,medium,both,28,75079,7648
1,mongo,U,medium,both,29,68119,7648
1,mongo,U,medium,both,30,74961,7648
1,mongo,U,medium,both,31,71420,7648
1,mongo,U,medium,both,32,78526,7648
1,mongo,U,medium,both,33,64243,7648
1,mongo,U,medium,both,34,73103,7648
1,mongo,U,medium,both,35,77846,7648
1,mongo,U,medium,both,36,66076,7648
1,mongo,U,medium,both,37,72974,7648
1,mongo,U,medium,both,38,100067,7648
1,mongo,U,medium,both,39,79552,7648
1,mongo,U,medium,both,40,91065,7648
1,mongo,U,medium,both,41,77579,7648
1,mongo,U,medium,both,42,72900,7648
1,mongo,U,medium,both,43,73226,7648
1,mongo,U,medium,both,44,81123,7648
1,mongo,U,medium,both,45,77378,7648
1,mongo,U,medium,both,46,67791,7648
1,mongo,U,medium,both,47,69121,7648
1,mongo,U,medium,both,48,72674,7648
1,mongo,U,medium,both,49,64281,7648
1,mongo,U,medium,both,50,68279,7648
1,mongo,U,medium,both,51,66372,7648
1,mongo,U,medium,both,52,64980,7648
1,mongo,U,medium,both,53,64374,7648
1,mongo,U,medium,both,54,66974,7648
1,mongo,U,medium,both,55,67585,7648
1,mongo,U,medium,both,56,66244,7648
1,mongo,U,medium,both,57,67801,7648
1,mongo,U,medium,both,58,65028,7648
1,mongo,U,medium,both,59,65561,7648
1,mongo,U,medium,both,60,82376,7648
1,mongo,U,medium,both,61,75309,7648
1,mongo,U,medium,both,62,66352,7648
1,mongo,U,medium,both,63,68048,7648
1,mongo,U,medium,both,64,71765,7648
1,mongo,U,medium,both,65,67438,7648
1,mongo,U,medium,both,66,64465,7648
1,mongo,U,medium,both,67,68886,7648
1,mongo,U,medium,both,68,77397,7648
1,mongo,U,medium,both,69,69562,7648
1,mongo,U,medium,both,70,72356,7648
1,mongo,U,medium,both,71,63698,7648
1,mongo,U,medium,both,72,65493,7648
1,mongo,U,medium,both,73,66481,7648
1,mongo,U,medium,both,74,68534,7648
1,mongo,U,medium,both,75,63338,7648
1,mongo,U,medium,both,76,71090,7648
1,mongo,U,medium,both,77,68797,7648
1,mongo,U,medium,both,78,62570,7648
1,mongo,U,medium,both,79,67427,7648
1,mongo,U,medium,both,80,64602,7648
1,mongo,U,medium,both,81,70382,7648
1,mongo,U,medium,both,82,84122,7648
1,mongo,U,medium,both,83,75783,7648
1,mongo,U,medium,both,84,72025,7648
1,mongo,U,medium,both,85,72945,7648
1,mongo,U,medium,both,86,74282,7648
1,mongo,U,medium,both,87,78510,7648
1,mongo,U,medium,both,88,74520,7648
1,mongo,U,medium,both,89,70791,7648
1,mongo,U,medium,both,90,79298,7648
1,mongo,U,medium,both,91,71297,7648
1,mongo,U,medium,both,92,68660,7648
1,mongo,U,medium,both,93,62733,7648
1,mongo,U,medium,both,94,62793,7648
1,mongo,U,medium,both,95,62837,7648
1,mongo,U,medium,both,96,64787,7648
1,mongo,U,medium,both,97,69377,7648
1,mongo,U,medium,both,98,64904,7648
1,mongo,U,medium,both,99,71235,7648
1,mongo,U,medium,both,100,69189,7648
1,mongo,U,medium,both,101,66138,7648
1,mongo,U,medium,both,102,69323,7648
1,mongo,U,medium,both,103,64084,7648
1,mongo,U,medium,both,104,63814,7648
1,mongo,U,medium,both,105,66427,7648
1,mongo,U,medium,both,106,72552,7648
1,mongo,U,medium,both,107,69889,7648
1,mongo,U,medium,both,108,70773,7648
1,mongo,U,medium,both,109,67402,7648
1,mongo,U,medium,both,110,63994,7648
1,mongo,U,medium,both,111,70105,7648
1,mongo,U,medium,both,112,83196,7648
1,mongo,U,medium,both,113,70534,7648
1,mongo,U,medium,both,114,71480,7648
1,mongo,U,medium,both,115,65749,7648
1,mongo,U,medium,both,116,69713,7648
1,mongo,U,medium,both,117,74753,7648
1,mongo,U,medium,both,118,70769,7648
1,mongo,U,medium,both,119,84643,7648
1,mongo,U,medium,both,120,99875,7648
1,mongo,U,medium,both,121,81731,7648
1,mongo,U,medium,both,122,84113,7648
1,mongo,U,medium,both,123,85528,7648
1,mongo,U,medium,both,124,93051,7648
1,mongo,U,medium,both,125,80687,7648
1,mongo,U,medium,both,126,71684,7648
1,mongo,U,medium,both,127,68557,7648
1,mongo,U,medium,both,128,70843,7648
1,mongo,U,medium,both,129,69033,7648
1,mongo,U,medium,both,130,68392,7648
1,mongo,U,medium,both,131,66170,7648
1,mongo,U,medium,both,132,74115,7648
1,mongo,U,medium,both,133,70635,7648
1,mongo,U,medium,both,134,72022,7648
1,mongo,U,medium,both,135,70530,7648
1,mongo,U,medium,both,136,74871,7648
1,mongo,U,medium,both,137,72521,7648
1,mongo,U,medium,both,138,76850,7648
1,mongo,U,medium,both,139,70356,7648
1,mongo,U,medium,both,140,73049,7648
1,mongo,U,medium,both,141,71320,7648
1,mongo,U,medium,both,142,69492,7648
1,mongo,U,medium,both,143,70807,7648
1,mongo,U,medium,both,144,71386,7648
1,mongo,U,medium,both,145,73153,7648
1,mongo,U,medium,both,146,68624,7648
1,mongo,U,medium,both,147,84468,7648
1,mongo,U,medium,both,148,78661,7648
1,mongo,U,medium,both,149,73056,7648
1,mongo,U,medium,both,150,77825,7648
1,mongo,U,medium,both,151,74955,7648
1,mongo,U,medium,both,152,71229,7648
1,mongo,U,medium,both,153,71548,7648
1,mongo,U,medium,both,154,73087,7648
1,mongo,U,medium,both,155,75093,7648
1,mongo,U,medium,both,156,73844,7648
1,mongo,U,medium,both,157,85492,7648
1,mongo,U,medium,both,158,73355,7648
1,mongo,U,medium,both,159,75464,7648
1,mongo,U,medium,both,160,81108,7648
1,mongo,U,medium,both,161,77422,7648
1,mongo,U,medium,both,162,75781,7648
1,mongo,U,medium,both,163,80842,7648
1,mongo,U,medium,both,164,83221,7648
1,mongo,U,medium,both,165,82338,7648
1,mongo,U,medium,both,166,66830,7648
1,mongo,U,medium,both,167,66349,7648
1,mongo,U,medium,both,168,70952,7648
1,mongo,U,medium,both,169,62650,7648
1,mongo,U,medium,both,170,64407,7648
1,mongo,U,medium,both,171,61214,7648
1,mongo,U,medium,both,172,66203,7648
1,mongo,U,medium,both,173,67850,7648
1,mongo,U,medium,both,174,69289,7648
1,mongo,U,medium,both,175,72439,7648
1,mongo,U,medium,both,176,68997,7648
1,mongo,U,medium,both,177,68537,7648
1,mongo,U,medium,both,178,68636,7648
1,mongo,U,medium,both,179,89792,7648
1,mongo,U,medium,both,180,73413,7648
1,mongo,U,medium,both,181,67209,7648
1,mongo,U,medium,both,182,71035,7648
1,mongo,U,medium,both,183,65695,7648
1,mongo,U,medium,both,184,68211,7648
1,mongo,U,medium,both,185,66561,7648
1,mongo,U,medium,both,186,69347,7648
1,mongo,U,medium,both,187,69229,7648
1,mongo,U,medium,both,188,75518,7648
1,mongo,U,medium,both,189,65867,7648
1,mongo,U,medium,both,190,67873,7648
1,mongo,U,medium,both,191,67928,7648
1,mongo,U,medium,both,192,64347,7648
1,mongo,U,medium,both,193,67827,7648
1,mongo,U,medium,both,194,70683,7648
1,mongo,U,medium,both,195,83643,7648
1,mongo,U,medium,both,196,91265,7648
1,mongo,U,medium,both,197,90387,7648
1,mongo,U,medium,both,198,80432,7648
1,mongo,U,medium,both,199,82703,7648
1,mongo,S,medium,both,0,93970,7648
1,mongo,S,medium,both,1,81107,7648
1,mongo,S,medium,both,2,73541,7648
1,mongo,S,medium,both,3,80406,7648
1,mongo,S,medium,both,4,77522,7648
1,mongo,S,medium,both,5,68818,7648
1,mongo,S,medium,both,6,73039,7648
1,mongo,S,medium,both,7,69374,7648
1,mongo,S,medium,both,8,65385,7648
1,mongo,S,medium,both,9,66866,7648
1,mongo,S,medium,both,10,66900,7648
1,mongo,S,medium,both,11,68844,7648
1,mongo,S,medium,both,12,72104,7648
1,mongo,S,medium,both,13,66285,7648
1,mongo,S,medium,both,14,72436,7648
1,mongo,S,medium,both,15,70425,7648
1,mongo,S,medium,both,16,70060,7648
1,mongo,S,medium,both,17,71137,7648
1,mongo,S,medium,both,18,70673,7648
1,mongo,S,medium,both,19,70742,7648
1,mongo,S,medium,both,20,116040,7648
1,mongo,S,medium,both,21,78066,7648
1,mongo,S,medium,both,22,79432,7648
1,mongo,S,medium,both,23,72556,7648
1,mongo,S,medium,both,24,74834,7648
1,mongo,S,medium,both,25,74578,7648
1,mongo,S,medium,both,26,81916,7648
1,mongo,S,medium,both,27,74866,7648
1,mongo,S,medium,both,28,81955,7648
1,mongo,S,medium,both,29,71316,7648
1,mongo,S,medium,both,30,73339,7648
1,mongo,S,medium,both,31,93062,7648
1,mongo,S,medium,both,32,76130,7648
1,mongo,S,medium,both,33,98384,7648
1,mongo,S,medium,both,34,93438,7648
1,mongo,S,medium,both,35,87317,7648
1,mongo,S,medium,both,36,88854,7648
1,mongo,S,medium,both,37,89490,7648
1,mongo,S,medium,both,38,89993,7648
1,mongo,S,medium,both,39,93869,7648
1,mongo,S,medium,both,40,83440,7648
1,mongo,S,medium,both,41,74723,7648
1,mongo,S,medium,both,42,75474,7648
1,mongo,S,medium,both,43,75098,7648
1,mongo,S,medium,both,44,83440,7648
1,mongo,S,medium,both,45,78030,7648
1,mongo,S,medium,both,46,66894,7648
1,mongo,S,medium,both,47,78832,7648
1,mongo,S,medium,both,48,71988,7648
1,mongo,S,medium,both,49,70680,7648
1,mongo,S,medium,both,50,81571,7648
1,mongo,S,medium,both,51,68290,7648
1,mongo,S,medium,both,52,75155,7648
1,mongo,S,medium,both,53,75852,7648
1,mongo,S,medium,both,54,75787,7648
1,mongo,S,medium,both,55,74497,7648
1,mongo,S,medium,both,56,74460,7648
1,mongo,S,medium,both,57,88669,7648
1,mongo,S,medium,both,58,72079,7648
1,mongo,S,medium,both,59,70260,7648
1,mongo,S,medium,both,60,83772,7648
1,mongo,S,medium,both,61,74452,7648
1,mongo,S,medium,both,62,74928,7648
1,mongo,S,medium,both,63,73640,7648
1,mongo,S,medium,both,64,71589,7648
1,mongo,S,medium,both,65,70899,7648
1,mongo,S,medium,both,66,94425,7648
1,mongo,S,medium,both,67,108134,7648
1,mongo,S,medium,both,68,99539,7648
1,mongo,S,medium,both,69,89528,7648
1,mongo,S,medium,both,70,88334,7648
1,mongo,S,medium,both,71,91264,7648
1,mongo,S,medium,both,72,81103,7648
1,mongo,S,medium,both,73,91623,7648
1,mongo,S,medium,both,74,80205,7648
1,mongo,S,medium,both,75,71809,7648
1,mongo,S,medium,both,76,80483,7648
1,mongo,S,medium,both,77,74853,7648
1,mongo,S,medium,both,78,69635,7648
1,mongo,S,medium,both,79,78529,7648
1,mongo,S,medium,both,80,71098,7648
1,mongo,S,medium,both,81,76381,7648
1,mongo,S,medium,both,82,86526,7648
1,mongo,S,medium,both,83,80832,7648
1,mongo,S,medium,both,84,77433,7648
1,mongo,S,medium,both,85,72030,7648
1,mongo,S,medium,both,86,75338,7648
1,mongo,S,medium,both,87,73208,7648
1,mongo,S,medium,both,88,71919,7648
1,mongo,S,medium,both,89,70527,7648
1,mongo,S,medium,both,90,78096,7648
1,mongo,S,medium,both,91,71539,7648
1,mongo,S,medium,both,92,74298,7648
1,mongo,S,medium,both,93,75651,7648
1,mongo,S,medium,both,94,68005,7648
1,mongo,S,medium,both,95,74485,7648
1,mongo,S,medium,both,96,72220,7648
1,mongo,S,medium,both,97,79791,7648
1,mongo,S,medium,both,98,84898,7648
1,mongo,S,medium,both,99,80326,7648
1,mongo,S,medium,both,100,72980,7648
1,mongo,S,medium,both,101,79001,7648
1,mongo,S,medium,both,102,79783,7648
1,mongo,S,medium,both,103,71420,7648
1,mongo,S,medium,both,104,86801,7648
1,mongo,S,medium,both,105,83313,7648
1,mongo,S,medium,both,106,80065,7648
1,mongo,S,medium,both,107,81230,7648
1,mongo,S,medium,both,108,113992,7648
1,mongo,S,medium,both,109,101609,7648
1,mongo,S,medium,both,110,87334,7648
1,mongo,S,medium,both,111,91690,7648
1,mongo,S,medium,both,112,79837,7648
1,mongo,S,medium,both,113,71762,7648
1,mongo,S,medium,both,114,71109,7648
1,mongo,S,medium,both,115,72638,7648
1,mongo,S,medium,both,116,72623,7648
1,mongo,S,medium,both,117,74404,7648
1,mongo,S,medium,both,118,73275,7648
1,mongo,S,medium,both,119,77165,7648
1,mongo,S,medium,both,120,78245,7648
1,mongo,S,medium,both,121,82763,7648
1,mongo,S,medium,both,122,74724,7648
1,mongo,S,medium,both,123,75038,7648
1,mongo,S,medium,both,124,80711,7648
1,mongo,S,medium,both,125,73370,7648
1,mongo,S,medium,both,126,73595,7648
1,mongo,S,medium,both,127,69735,7648
1,mongo,S,medium,both,128,74023,7648
1,mongo,S,medium,both,129,75704,7648
1,mongo,S,medium,both,130,67852,7648
1,mongo,S,medium,both,131,70202,7648
1,mongo,S,medium,both,132,80246,7648
1,mongo,S,medium,both,133,69121,7648
1,mongo,S,medium,both,134,73640,7648
1,mongo,S,medium,both,135,79468,7648
1,mongo,S,medium,both,136,87403,7648
1,mongo,S,medium,both,137,77801,7648
1,mongo,S,medium,both,138,83003,7648
1,mongo,S,medium,both,139,94987,7648
1,mongo,S,medium,both,140,100833,7648
1,mongo,S,medium,both,141,94523,7648
1,mongo,S,medium,both,142,88628,7648
1,mongo,S,medium,both,143,85486,7648
1,mongo,S,medium,both,144,83652,7648
1,mongo,S,medium,both,145,86356,7648
1,mongo,S,medium,both,146,81503,7648
1,mongo,S,medium,both,147,76350,7648
1,mongo,S,medium,both,148,83082,7648
1,mongo,S,medium,both,149,70870,7648
1,mongo,S,medium,both,150,73925,7648
1,mongo,S,medium,both,151,72583,7648
1,mongo,S,medium,both,152,70394,7648
1,mongo,S,medium,both,153,73352,7648
1,mongo,S,medium,both,154,77465,7648
1,mongo,S,medium,both,155,77168,7648
1,mongo,S,medium,both,156,71942,7648
1,mongo,S,medium,both,157,69508,7648
1,mongo,S,medium,both,158,65503,7648
1,mongo,S,medium,both,159,71080,7648
1,mongo,S,medium,both,160,65138,7648
1,mongo,S,medium,both,161,67275,7648
1,mongo,S,medium,both,162,93768,7648
1,mongo,S,medium,both,163,78338,7648
1,mongo,S,medium,both,164,78865,7648
1,mongo,S,medium,both,165,76618,7648
1,mongo,S,medium,both,166,76471,7648
1,mongo,S,medium,both,167,76173,7648
1,mongo,S,medium,both,168,76471,7648
1,mongo,S,medium,both,169,70777,7648
1,mongo,S,medium,both,170,79407,7648
1,mongo,S,medium,both,171,68865,7648
1,mongo,S,medium,both,172,93679,7648
1,mongo,S,medium,both,173,73178,7648
1,mongo,S,medium,both,174,76790,7648
1,mongo,S,medium,both,175,73376,7648
1,mongo,S,medium,both,176,75580,7648
1,mongo,S,medium,both,177,89972,7648
1,mongo,S,medium,both,178,82053,7648
1,mongo,S,medium,both,179,81431,7648
1,mongo,S,medium,both,180,90557,7648
1,mongo,S,medium,both,181,83361,7648
1,mongo,S,medium,both,182,81773,7648
1,mongo,S,medium,both,183,83434,7648
1,mongo,S,medium,both,184,94940,7648
1,mongo,S,medium,both,185,79716,7648
1,mongo,S,medium,both,186,80000,7648
1,mongo,S,medium,both,187,72710,7648
1,mongo,S,medium,both,188,99953,7648
1,mongo,S,medium,both,189,79533,7648
1,mongo,S,medium,both,190,75522,7648
1,mongo,S,medium,both,191,71297,7648
1,mongo,S,medium,both,192,75001,7648
1,mongo,S,medium,both,193,73548,7648
1,mongo,S,medium,both,194,72844,7648
1,mongo,S,medium,both,195,71628,7648
1,mongo,S,medium,both,196,81937,7648
1,mongo,S,medium,both,197,70942,7648
1,mongo,S,medium,both,198,66635,7648
1,mongo,S,medium,both,199,65421,7648
2,pg,U,wide,bike,0,104632,2747
2,pg,U,wide,bike,1,93184,2747
2,pg,U,wide,bike,2,101148,2747
2,pg,U,wide,bike,3,92262,2747
2,pg,U,wide,bike,4,87083,2747
2,pg,U,wide,bike,5,91051,2747
2,pg,U,wide,bike,6,85959,2747
2,pg,U,wide,bike,7,91958,2747
2,pg,U,wide,bike,8,88764,2747
2,pg,U,wide,bike,9,199860,2747
2,pg,U,wide,bike,10,139728,2747
2,pg,U,wide,bike,11,140413,2747
2,pg,U,wide,bike,12,157798,2747
2,pg,U,wide,bike,13,148990,2747
2,pg,U,wide,bike,14,99474,2747
2,pg,U,wide,bike,15,97630,2747
2,pg,U,wide,bike,16,98174,2747
2,pg,U,wide,bike,17,98134,2747
2,pg,U,wide,bike,18,96658,2747
2,pg,U,wide,bike,19,95476,2747
2,pg,U,wide,bike,20,93727,2747
2,pg,U,wide,bike,21,107168,2747
2,pg,U,wide,bike,22,109698,2747
2,pg,U,wide,bike,23,87699,2747
2,pg,U,wide,bike,24,88671,2747
2,pg,U,wide,bike,25,86951,2747
2,pg,U,wide,bike,26,100528,2747
2,pg,U,wide,bike,27,92505,2747
2,pg,U,wide,bike,28,102300,2747
2,pg,U,wide,bike,29,86453,2747
2,pg,U,wide,bike,30,85358,2747
2,pg,U,wide,bike,31,101606,2747
2,pg,U,wide,bike,32,113569,2747
2,pg,U,wide,bike,33,105430,2747
2,pg,U,wide,bike,34,90124,2747
2,pg,U,wide,bike,35,103491,2747
2,pg,U,wide,bike,36,93373,2747
2,pg,U,wide,bike,37,115307,2747
2,pg,U,wide,bike,38,135981,2747
2,pg,U,wide,bike,39,134997,2747
2,pg,U,wide,bike,40,140015,2747
2,pg,U,wide,bike,41,100334,2747
2,pg,U,wide,bike,42,94175,2747
2,pg,U,wide,bike,43,94957,2747
2,pg,U,wide,bike,44,92463,2747
2,pg,U,wide,bike,45,96876,2747
2,pg,U,wide,bike,46,94952,2747
2,pg,U,wide,bike,47,92879,2747
2,pg,U,wide,bike,48,94646,2747
2,pg,U,wide,bike,49,92388,2747
2,pg,U,wide,bike,50,94037,2747
2,pg,U,wide,bike,51,122303,2747
2,pg,U,wide,bike,52,107267,2747
2,pg,U,wide,bike,53,104950,2747
2,pg,U,wide,bike,54,109869,2747
2,pg,U,wide,bike,55,106218,2747
2,pg,U,wide,bike,56,89539,2747
2,pg,U,wide,bike,57,91307,2747
2,pg,U,wide,bike,58,91725,2747
2,pg,U,wide,bike,59,93830,2747
2,pg,U,wide,bike,60,88872,2747
2,pg,U,wide,bike,61,92774,2747
2,pg,U,wide,bike,62,93883,2747
2,pg,U,wide,bike,63,96818,2747
2,pg,U,wide,bike,64,119880,2747
2,pg,U,wide,bike,65,126349,2747
2,pg,U,wide,bike,66,121056,2747
2,pg,U,wide,bike,67,117438,2747
2,pg,U,wide,bike,68,116872,2747
2,pg,U,wide,bike,69,126834,2747
2,pg,U,wide,bike,70,131054,2747
2,pg,U,wide,bike,71,110300,2747
2,pg,U,wide,bike,72,97474,2747
2,pg,U,wide,bike,73,98095,2747
2,pg,U,wide,bike,74,125160,2747
2,pg,U,wide,bike,75,99174,2747
2,pg,U,wide,bike,76,95446,2747
2,pg,U,wide,bike,77,93836,2747
2,pg,U,wide,bike,78,94303,2747
2,pg,U,wide,bike,79,88861,2747
2,pg,U,wide,bike,80,91171,2747
2,pg,U,wide,bike,81,105062,2747
2,pg,U,wide,bike,82,106663,2747
2,pg,U,wide,bike,83,93746,2747
2,pg,U,wide,bike,84,88308,2747
2,pg,U,wide,bike,85,108509,2747
2,pg,U,wide,bike,86,91291,2747
2,pg,U,wide,bike,87,87774,2747
2,pg,U,wide,bike,88,87310,2747
2,pg,U,wide,bike,89,88098,2747
2,pg,U,wide,bike,90,106656,2747
2,pg,U,wide,bike,91,130482,2747
2,pg,U,wide,bike,92,107097,2747
2,pg,U,wide,bike,93,104566,2747
2,pg,U,wide,bike,94,113024,2747
2,pg,U,wide,bike,95,108789,2747
2,pg,U,wide,bike,96,95786,2747
2,pg,U,wide,bike,97,98021,2747
2,pg,U,wide,bike,98,96567,2747
2,pg,U,wide,bike,99,95521,2747
2,pg,U,wide,bike,100,96649,2747
2,pg,U,wide,bike,101,95985,2747
2,pg,U,wide,bike,102,91856,2747
2,pg,U,wide,bike,103,91827,2747
2,pg,U,wide,bike,104,88462,2747
2,pg,U,wide,bike,105,92077,2747
2,pg,U,wide,bike,106,92386,2747
2,pg,U,wide,bike,107,90865,2747
2,pg,U,wide,bike,108,91703,2747
2,pg,U,wide,bike,109,89179,2747
2,pg,U,wide,bike,110,86445,2747
2,pg,U,wide,bike,111,90871,2747
2,pg,U,wide,bike,112,91609,2747
2,pg,U,wide,bike,113,102031,2747
2,pg,U,wide,bike,114,88657,2747
2,pg,U,wide,bike,115,90708,2747
2,pg,U,wide,bike,116,87263,2747
2,pg,U,wide,bike,117,87269,2747
2,pg,U,wide,bike,118,88859,2747
2,pg,U,wide,bike,119,90730,2747
2,pg,U,wide,bike,120,90736,2747
2,pg,U,wide,bike,121,111836,2747
2,pg,U,wide,bike,122,115279,2747
2,pg,U,wide,bike,123,106712,2747
2,pg,U,wide,bike,124,109382,2747
2,pg,U,wide,bike,125,116633,2747
2,pg,U,wide,bike,126,115785,2747
2,pg,U,wide,bike,127,103615,2747
2,pg,U,wide,bike,128,105032,2747
2,pg,U,wide,bike,129,88149,2747
2,pg,U,wide,bike,130,89861,2747
2,pg,U,wide,bike,131,91358,2747
2,pg,U,wide,bike,132,92973,2747
2,pg,U,wide,bike,133,102202,2747
2,pg,U,wide,bike,134,102542,2747
2,pg,U,wide,bike,135,98074,2747
2,pg,U,wide,bike,136,104622,2747
2,pg,U,wide,bike,137,104184,2747
2,pg,U,wide,bike,138,100548,2747
2,pg,U,wide,bike,139,95536,2747
2,pg,U,wide,bike,140,95303,2747
2,pg,U,wide,bike,141,93890,2747
2,pg,U,wide,bike,142,90955,2747
2,pg,U,wide,bike,143,94067,2747
2,pg,U,wide,bike,144,92398,2747
2,pg,U,wide,bike,145,92272,2747
2,pg,U,wide,bike,146,92302,2747
2,pg,U,wide,bike,147,130143,2747
2,pg,U,wide,bike,148,130049,2747
2,pg,U,wide,bike,149,132629,2747
2,pg,U,wide,bike,150,114221,2747
2,pg,U,wide,bike,151,104921,2747
2,pg,U,wide,bike,152,106960,2747
2,pg,U,wide,bike,153,108418,2747
2,pg,U,wide,bike,154,92728,2747
2,pg,U,wide,bike,155,88626,2747
2,pg,U,wide,bike,156,93013,2747
2,pg,U,wide,bike,157,91676,2747
2,pg,U,wide,bike,158,90363,2747
2,pg,U,wide,bike,159,105187,2747
2,pg,U,wide,bike,160,88210,2747
2,pg,U,wide,bike,161,92920,2747
2,pg,U,wide,bike,162,93420,2747
2,pg,U,wide,bike,163,89756,2747
2,pg,U,wide,bike,164,90456,2747
2,pg,U,wide,bike,165,93988,2747
2,pg,U,wide,bike,166,93889,2747
2,pg,U,wide,bike,167,88500,2747
2,pg,U,wide,bike,168,89297,2747
2,pg,U,wide,bike,169,92974,2747
2,pg,U,wide,bike,170,90276,2747
2,pg,U,wide,bike,171,86685,2747
2,pg,U,wide,bike,172,90314,2747
2,pg,U,wide,bike,173,90869,2747
2,pg,U,wide,bike,174,88941,2747
2,pg,U,wide,bike,175,91881,2747
2,pg,U,wide,bike,176,124836,2747
2,pg,U,wide,bike,177,119121,2747
2,pg,U,wide,bike,178,107203,2747
2,pg,U,wide,bike,179,108176,2747
2,pg,U,wide,bike,180,127878,2747
2,pg,U,wide,bike,181,123580,2747
2,pg,U,wide,bike,182,104419,2747
2,pg,U,wide,bike,183,101143,2747
2,pg,U,wide,bike,184,84826,2747
2,pg,U,wide,bike,185,103931,2747
2,pg,U,wide,bike,186,101521,2747
2,pg,U,wide,bike,187,87936,2747
2,pg,U,wide,bike,188,87111,2747
2,pg,U,wide,bike,189,91802,2747
2,pg,U,wide,bike,190,93618,2747
2,pg,U,wide,bike,191,89337,2747
2,pg,U,wide,bike,192,93878,2747
2,pg,U,wide,bike,193,91384,2747
2,pg,U,wide,bike,194,90076,2747
2,pg,U,wide,bike,195,240455,2747
2,pg,U,wide,bike,196,170120,2747
2,pg,U,wide,bike,197,368040,2747
2,pg,U,wide,bike,198,181266,2747
2,pg,U,wide,bike,199,151444,2747
2,pg,S,narrow,both,0,24151,684
2,pg,S,narrow,both,1,51181,684
2,pg,S,narrow,both,2,26566,684
2,pg,S,narrow,both,3,21705,684
2,pg,S,narrow,both,4,20296,684
2,pg,S,narrow,both,5,22217,684
2,pg,S,narrow,both,6,23103,684
2,pg,S,narrow,both,7,165063,684
2,pg,S,narrow,both,8,144228,684
2,pg,S,narrow,both,9,45662,684
2,pg,S,narrow,both,10,20873,684
2,pg,S,narrow,both,11,18289,684
2,pg,S,narrow,both,12,33439,684
2,pg,S,narrow,both,13,23007,684
2,pg,S,narrow,both,14,22927,684
2,pg,S,narrow,both,15,27126,684
2,pg,S,narrow,both,16,24128,684
2,pg,S,narrow,both,17,18377,684
2,pg,S,narrow,both,18,18696,684
2,pg,S,narrow,both,19,16892,684
2,pg,S,narrow,both,20,31102,684
2,pg,S,narrow,both,21,18011,684
2,pg,S,narrow,both,22,14993,684
2,pg,S,narrow,both,23,15508,684
2,pg,S,narrow,both,24,21377,684
2,pg,S,narrow,both,25,18186,684
2,pg,S,narrow,both,26,14977,684
2,pg,S,narrow,both,27,14448,684
2,pg,S,narrow,both,28,14902,684
2,pg,S,narrow,both,29,15565,684
2,pg,S,narrow,both,30,14067,684
2,pg,S,narrow,both,31,15551,684
2,pg,S,narrow,both,32,17401,684
2,pg,S,narrow,both,33,18735,684
2,pg,S,narrow,both,34,15419,684
2,pg,S,narrow,both,35,15130,684
2,pg,S,narrow,both,36,17887,684
2,pg,S,narrow,both,37,15838,684
2,pg,S,narrow,both,38,16084,684
2,pg,S,narrow,both,39,15033,684
2,pg,S,narrow,both,40,14701,684
2,pg,S,narrow,both,41,14096,684
2,pg,S,narrow,both,42,14951,684
2,pg,S,narrow,both,43,13832,684
2,pg,S,narrow,both,44,17906,684
2,pg,S,narrow,both,45,21419,684
2,pg,S,narrow,both,46,21595,684
2,pg,S,narrow,both,47,18866,684
2,pg,S,narrow,both,48,16180,684
2,pg,S,narrow,both,49,15039,684
2,pg,S,narrow,both,50,15136,684
2,pg,S,narrow,both,51,17939,684
2,pg,S,narrow,both,52,14515,684
2,pg,S,narrow,both,53,15547,684
2,pg,S,narrow,both,54,14585,684
2,pg,S,narrow,both,55,15120,684
2,pg,S,narrow,both,56,16273,684
2,pg,S,narrow,both,57,17212,684
2,pg,S,narrow,both,58,19386,684
2,pg,S,narrow,both,59,16577,684
2,pg,S,narrow,both,60,25839,684
2,pg,S,narrow,both,61,15219,684
2,pg,S,narrow,both,62,18373,684
2,pg,S,narrow,both,63,14404,684
2,pg,S,narrow,both,64,14387,684
2,pg,S,narrow,both,65,14449,684
2,pg,S,narrow,both,66,14886,684
2,pg,S,narrow,both,67,15044,684
2,pg,S,narrow,both,68,14664,684
2,pg,S,narrow,both,69,14824,684
2,pg,S,narrow,both,70,14641,684
2,pg,S,narrow,both,71,15422,684
2,pg,S,narrow,both,72,16497,684
2,pg,S,narrow,both,73,19271,684
2,pg,S,narrow,both,74,14061,684
2,pg,S,narrow,both,75,14062,684
2,pg,S,narrow,both,76,14896,684
2,pg,S,narrow,both,77,14683,684
2,pg,S,narrow,both,78,14638,684
2,pg,S,narrow,both,79,14699,684
2,pg,S,narrow,both,80,16773,684
2,pg,S,narrow,both,81,17051,684
2,pg,S,narrow,both,82,16467,684
2,pg,S,narrow,both,83,13898,684
2,pg,S,narrow,both,84,14057,684
2,pg,S,narrow,both,85,16880,684
2,pg,S,narrow,both,86,14628,684
2,pg,S,narrow,both,87,13707,684
2,pg,S,narrow,both,88,13614,684
2,pg,S,narrow,both,89,14206,684
2,pg,S,narrow,both,90,15019,684
2,pg,S,narrow,both,91,15005,684
2,pg,S,narrow,both,92,16746,684
2,pg,S,narrow,both,93,14741,684
2,pg,S,narrow,both,94,14409,684
2,pg,S,narrow,both,95,15192,684
2,pg,S,narrow,both,96,15786,684
2,pg,S,narrow,both,97,18633,684
2,pg,S,narrow,both,98,18241,684
2,pg,S,narrow,both,99,16201,684
2,pg,S,narrow,both,100,19040,684
2,pg,S,narrow,both,101,15630,684
2,pg,S,narrow,both,102,15096,684
2,pg,S,narrow,both,103,15088,684
2,pg,S,narrow,both,104,15228,684
2,pg,S,narrow,both,105,15974,684
2,pg,S,narrow,both,106,14900,684
2,pg,S,narrow,both,107,15130,684
2,pg,S,narrow,both,108,15086,684
2,pg,S,narrow,both,109,14513,684
2,pg,S,narrow,both,110,14597,684
2,pg,S,narrow,both,111,14674,684
2,pg,S,narrow,both,112,17897,684
2,pg,S,narrow,both,113,16062,684
2,pg,S,narrow,both,114,15667,684
2,pg,S,narrow,both,115,15171,684
2,pg,S,narrow,both,116,16945,684
2,pg,S,narrow,both,117,16781,684
2,pg,S,narrow,both,118,15343,684
2,pg,S,narrow,both,119,13643,684
2,pg,S,narrow,both,120,13957,684
2,pg,S,narrow,both,121,13867,684
2,pg,S,narrow,both,122,14976,684
2,pg,S,narrow,both,123,14218,684
2,pg,S,narrow,both,124,17680,684
2,pg,S,narrow,both,125,14065,684
2,pg,S,narrow,both,126,15144,684
2,pg,S,narrow,both,127,14388,684
2,pg,S,narrow,both,128,14493,684
2,pg,S,narrow,both,129,14270,684
2,pg,S,narrow,both,130,14262,684
2,pg,S,narrow,both,131,14479,684
2,pg,S,narrow,both,132,14395,684
2,pg,S,narrow,both,133,17118,684
2,pg,S,narrow,both,134,23131,684
2,pg,S,narrow,both,135,25815,684
2,pg,S,narrow,both,136,17720,684
2,pg,S,narrow,both,137,18473,684
2,pg,S,narrow,both,138,16789,684
2,pg,S,narrow,both,139,19177,684
2,pg,S,narrow,both,140,17309,684
2,pg,S,narrow,both,141,19120,684
2,pg,S,narrow,both,142,17834,684
2,pg,S,narrow,both,143,15865,684
2,pg,S,narrow,both,144,25443,684
2,pg,S,narrow,both,145,17881,684
2,pg,S,narrow,both,146,17946,684
2,pg,S,narrow,both,147,19624,684
2,pg,S,narrow,both,148,19539,684
2,pg,S,narrow,both,149,16487,684
2,pg,S,narrow,both,150,18069,684
2,pg,S,narrow,both,151,17156,684
2,pg,S,narrow,both,152,17265,684
2,pg,S,narrow,both,153,22550,684
2,pg,S,narrow,both,154,18432,684
2,pg,S,narrow,both,155,17823,684
2,pg,S,narrow,both,156,21990,684
2,pg,S,narrow,both,157,23592,684
2,pg,S,narrow,both,158,24181,684
2,pg,S,narrow,both,159,24521,684
2,pg,S,narrow,both,160,21517,684
2,pg,S,narrow,both,161,19285,684
2,pg,S,narrow,both,162,16820,684
2,pg,S,narrow,both,163,18678,684
2,pg,S,narrow,both,164,18517,684
2,pg,S,narrow,both,165,18948,684
2,pg,S,narrow,both,166,18854,684
2,pg,S,narrow,both,167,21055,684
2,pg,S,narrow,both,168,21501,684
2,pg,S,narrow,both,169,17564,684
2,pg,S,narrow,both,170,18355,684
2,pg,S,narrow,both,171,15987,684
2,pg,S,narrow,both,172,16144,684
2,pg,S,narrow,both,173,15728,684
2,pg,S,narrow,both,174,15192,684
2,pg,S,narrow,both,175,15315,684
2,pg,S,narrow,both,176,15011,684
2,pg,S,narrow,both,177,14755,684
2,pg,S,narrow,both,178,15213,684
2,pg,S,narrow,both,179,13972,684
2,pg,S,narrow,both,180,14876,684
2,pg,S,narrow,both,181,18022,684
2,pg,S,narrow,both,182,16225,684
2,pg,S,narrow,both,183,14012,684
2,pg,S,narrow,both,184,13951,684
2,pg,S,narrow,both,185,16338,684
2,pg,S,narrow,both,186,17114,684
2,pg,S,narrow,both,187,14007,684
2,pg,S,narrow,both,188,14321,684
2,pg,S,narrow,both,189,14221,684
2,pg,S,narrow,both,190,14898,684
2,pg,S,narrow,both,191,14713,684
2,pg,S,narrow,both,192,18769,684
2,pg,S,narrow,both,193,15743,684
2,pg,S,narrow,both,194,14889,684
2,pg,S,narrow,both,195,14919,684
2,pg,S,narrow,both,196,14377,684
2,pg,S,narrow,both,197,14557,684
2,pg,S,narrow,both,198,14507,684
2,pg,S,narrow,both,199,13994,684
2,pg,U,wide,bus,0,197215,11095
2,pg,U,wide,bus,1,190906,11095
2,pg,U,wide,bus,2,193641,11095
2,pg,U,wide,bus,3,239563,11095
2,pg,U,wide,bus,4,201757,11095
2,pg,U,wide,bus,5,198137,11095
2,pg,U,wide,bus,6,223247,11095
2,pg,U,wide,bus,7,313078,11095
2,pg,U,wide,bus,8,277255,11095
2,pg,U,wide,bus,9,253694,11095
2,pg,U,wide,bus,10,203721,11095
2,pg,U,wide,bus,11,192998,11095
2,pg,U,wide,bus,12,199783,11095
2,pg,U,wide,bus,13,194177,11095
2,pg,U,wide,bus,14,561624,11095
2,pg,U,wide,bus,15,308925,11095
2,pg,U,wide,bus,16,202734,11095
2,pg,U,wide,bus,17,241139,11095
2,pg,U,wide,bus,18,259167,11095
2,pg,U,wide,bus,19,270205,11095
2,pg,U,wide,bus,20,270633,11095
2,pg,U,wide,bus,21,230732,11095
2,pg,U,wide,bus,22,226467,11095
2,pg,U,wide,bus,23,210752,11095
2,pg,U,wide,bus,24,188736,11095
2,pg,U,wide,bus,25,180230,11095
2,pg,U,wide,bus,26,187936,11095
2,pg,U,wide,bus,27,188422,11095
2,pg,U,wide,bus,28,188636,11095
2,pg,U,wide,bus,29,192322,11095
2,pg,U,wide,bus,30,184327,11095
2,pg,U,wide,bus,31,212647,11095
2,pg,U,wide,bus,32,205241,11095
2,pg,U,wide,bus,33,201765,11095
2,pg,U,wide,bus,34,258369,11095
2,pg,U,wide,bus,35,194496,11095
2,pg,U,wide,bus,36,230516,11095
2,pg,U,wide,bus,37,213000,11095
2,pg,U,wide,bus,38,184866,11095
2,pg,U,wide,bus,39,187006,11095
2,pg,U,wide,bus,40,181489,11095
2,pg,U,wide,bus,41,183333,11095
2,pg,U,wide,bus,42,184343,11095
2,pg,U,wide,bus,43,180805,11095
2,pg,U,wide,bus,44,216406,11095
2,pg,U,wide,bus,45,184818,11095
2,pg,U,wide,bus,46,226571,11095
2,pg,U,wide,bus,47,212051,11095
2,pg,U,wide,bus,48,201292,11095
2,pg,U,wide,bus,49,182045,11095
2,pg,U,wide,bus,50,184713,11095
2,pg,U,wide,bus,51,181526,11095
2,pg,U,wide,bus,52,182483,11095
2,pg,U,wide,bus,53,184267,11095
2,pg,U,wide,bus,54,219012,11095
2,pg,U,wide,bus,55,194464,11095
2,pg,U,wide,bus,56,185980,11095
2,pg,U,wide,bus,57,216575,11095
2,pg,U,wide,bus,58,185645,11095
2,pg,U,wide,bus,59,208616,11095
2,pg,U,wide,bus,60,202433,11095
2,pg,U,wide,bus,61,257121,11095
2,pg,U,wide,bus,62,228514,11095
2,pg,U,wide,bus,63,221548,11095
2,pg,U,wide,bus,64,189344,11095
2,pg,U,wide,bus,65,225528,11095
2,pg,U,wide,bus,66,209578,11095
2,pg,U,wide,bus,67,214846,11095
2,pg,U,wide,bus,68,182789,11095
2,pg,U,wide,bus,69,213717,11095
2,pg,U,wide,bus,70,176226,11095
2,pg,U,wide,bus,71,183975,11095
2,pg,U,wide,bus,72,181572,11095
2,pg,U,wide,bus,73,193447,11095
2,pg,U,wide,bus,74,208567,11095
2,pg,U,wide,bus,75,207309,11095
2,pg,U,wide,bus,76,193996,11095
2,pg,U,wide,bus,77,217363,11095
2,pg,U,wide,bus,78,211864,11095
2,pg,U,wide,bus,79,184308,11095
2,pg,U,wide,bus,80,181103,11095
2,pg,U,wide,bus,81,213935,11095
2,pg,U,wide,bus,82,175997,11095
2,pg,U,wide,bus,83,180871,11095
2,pg,U,wide,bus,84,182572,11095
2,pg,U,wide,bus,85,180455,11095
2,pg,U,wide,bus,86,252830,11095
2,pg,U,wide,bus,87,247917,11095
2,pg,U,wide,bus,88,226914,11095
2,pg,U,wide,bus,89,187687,11095
2,pg,U,wide,bus,90,191748,11095
2,pg,U,wide,bus,91,185646,11095
2,pg,U,wide,bus,92,187097,11095
2,pg,U,wide,bus,93,181362,11095
2,pg,U,wide,bus,94,181563,11095
2,pg,U,wide,bus,95,179700,11095
2,pg,U,wide,bus,96,187555,11095
2,pg,U,wide,bus,97,175618,11095
2,pg,U,wide,bus,98,183578,11095
2,pg,U,wide,bus,99,213061,11095
2,pg,U,wide,bus,100,180852,11095
2,pg,U,wide,bus,101,183514,11095
2,pg,U,wide,bus,102,239826,11095
2,pg,U,wide,bus,103,206536,11095
2,pg,U,wide,bus,104,199423,11095
2,pg,U,wide,bus,105,192911,11095
2,pg,U,wide,bus,106,189191,11095
2,pg,U,wide,bus,107,219196,11095
2,pg,U,wide,bus,108,178945,11095
2,pg,U,wide,bus,109,180323,11095
2,pg,U,wide,bus,110,178703,11095
2,pg,U,wide,bus,111,186487,11095
2,pg,U,wide,bus,112,180242,11095
2,pg,U,wide,bus,113,181953,11095
2,pg,U,wide,bus,114,208484,11095
2,pg,U,wide,bus,115,206832,11095
2,pg,U,wide,bus,116,201432,11095
2,pg,U,wide,bus,117,235918,11095
2,pg,U,wide,bus,118,216964,11095
2,pg,U,wide,bus,119,222268,11095
2,pg,U,wide,bus,120,180486,11095
2,pg,U,wide,bus,121,186072,11095
2,pg,U,wide,bus,122,188493,11095
2,pg,U,wide,bus,123,183635,11095
2,pg,U,wide,bus,124,212251,11095
2,pg,U,wide,bus,125,218955,11095
2,pg,U,wide,bus,126,181058,11095
2,pg,U,wide,bus,127,189545,11095
2,pg,U,wide,bus,128,188167,11095
2,pg,U,wide,bus,129,196060,11095
2,pg,U,wide,bus,130,209996,11095
2,pg,U,wide,bus,131,210100,11095
2,pg,U,wide,bus,132,186541,11095
2,pg,U,wide,bus,133,188574,11095
2,pg,U,wide,bus,134,184759,11095
2,pg,U,wide,bus,135,186845,11095
2,pg,U,wide,bus,136,186707,11095
2,pg,U,wide,bus,137,194569,11095
2,pg,U,wide,bus,138,206962,11095
2,pg,U,wide,bus,139,183089,11095
2,pg,U,wide,bus,140,212000,11095
2,pg,U,wide,bus,141,182498,11095
2,pg,U,wide,bus,142,198168,11095
2,pg,U,wide,bus,143,203692,11095
2,pg,U,wide,bus,144,189331,11095
2,pg,U,wide,bus,145,184861,11095
2,pg,U,wide,bus,146,213030,11095
2,pg,U,wide,bus,147,213836,11095
2,pg,U,wide,bus,148,196173,11095
2,pg,U,wide,bus,149,184684,11095
2,pg,U,wide,bus,150,182174,11095
2,pg,U,wide,bus,151,181102,11095
2,pg,U,wide,bus,152,182865,11095
2,pg,U,wide,bus,153,187818,11095
2,pg,U,wide,bus,154,185458,11095
2,pg,U,wide,bus,155,180109,11095
2,pg,U,wide,bus,156,181150,11095
2,pg,U,wide,bus,157,181079,11095
2,pg,U,wide,bus,158,225441,11095
2,pg,U,wide,bus,159,234656,11095
2,pg,U,wide,bus,160,194737,11095
2,pg,U,wide,bus,161,180985,11095
2,pg,U,wide,bus,162,185168,11095
2,pg,U,wide,bus,163,188464,11095
2,pg,U,wide,bus,164,194746,11095
2,pg,U,wide,bus,165,188786,11095
2,pg,U,wide,bus,166,187537,11095
2,pg,U,wide,bus,167,186521,11095
2,pg,U,wide,bus,168,216073,11095
2,pg,U,wide,bus,169,185363,11095
2,pg,U,wide,bus,170,212899,11095
2,pg,U,wide,bus,171,191678,11095
2,pg,U,wide,bus,172,192376,11095
2,pg,U,wide,bus,173,213181,11095
2,pg,U,wide,bus,174,189034,11095
2,pg,U,wide,bus,175,182980,11095
2,pg,U,wide,bus,176,181243,11095
2,pg,U,wide,bus,177,179813,11095
2,pg,U,wide,bus,178,179232,11095
2,pg,U,wide,bus,179,186005,11095
2,pg,U,wide,bus,180,183562,11095
2,pg,U,wide,bus,181,187222,11095
2,pg,U,wide,bus,182,183747,11095
2,pg,U,wide,bus,183,216551,11095
2,pg,U,wide,bus,184,181298,11095
2,pg,U,wide,bus,185,188892,11095
2,pg,U,wide,bus,186,189020,11095
2,pg,U,wide,bus,187,209663,11095
2,pg,U,wide,bus,188,215855,11095
2,pg,U,wide,bus,189,216524,11095
2,pg,U,wide,bus,190,180623,11095
2,pg,U,wide,bus,191,188891,11095
2,pg,U,wide,bus,192,185264,11095
2,pg,U,wide,bus,193,180290,11095
2,pg,U,wide,bus,194,183143,11095
2,pg,U,wide,bus,195,221899,11095
2,pg,U,wide,bus,196,184490,11095
2,pg,U,wide,bus,197,184204,11095
2,pg,U,wide,bus,198,208145,11095
2,pg,U,wide,bus,199,200802,11095
2,mongo,S,wide,bike,0,40313,2748
2,mongo,S,wide,bike,1,33014,2748
2,mongo,S,wide,bike,2,34754,2748
2,mongo,S,wide,bike,3,30237,2748
2,mongo,S,wide,bike,4,32801,2748
2,mongo,S,wide,bike,5,33535,2748
2,mongo,S,wide,bike,6,30596,2748
2,mongo,S,wide,bike,7,42435,2748
2,mongo,S,wide,bike,8,33809,2748
2,mongo,S,wide,bike,9,28085,2748
2,mongo,S,wide,bike,10,27891,2748
2,mongo,S,wide,bike,11,30919,2748
2,mongo,S,wide,bike,12,30159,2748
2,mongo,S,wide,bike,13,28971,2748
2,mongo,S,wide,bike,14,35348,2748
2,mongo,S,wide,bike,15,37338,2748
2,mongo,S,wide,bike,16,30575,2748
2,mongo,S,wide,bike,17,29242,2748
2,mongo,S,wide,bike,18,32024,2748
2,mongo,S,wide,bike,19,28294,2748
2,mongo,S,wide,bike,20,27742,2748
2,mongo,S,wide,bike,21,28383,2748
2,mongo,S,wide,bike,22,28719,2748
2,mongo,S,wide,bike,23,32019,2748
2,mongo,S,wide,bike,24,29994,2748
2,mongo,S,wide,bike,25,30933,2748
2,mongo,S,wide,bike,26,29655,2748
2,mongo,S,wide,bike,27,29591,2748
2,mongo,S,wide,bike,28,31771,2748
2,mongo,S,wide,bike,29,30395,2748
2,mongo,S,wide,bike,30,26864,2748
2,mongo,S,wide,bike,31,28708,2748
2,mongo,S,wide,bike,32,30565,2748
2,mongo,S,wide,bike,33,30043,2748
2,mongo,S,wide,bike,34,30517,2748
2,mongo,S,wide,bike,35,29125,2748
2,mongo,S,wide,bike,36,31852,2748
2,mongo,S,wide,bike,37,30356,2748
2,mongo,S,wide,bike,38,31231,2748
2,mongo,S,wide,bike,39,28345,2748
2,mongo,S,wide,bike,40,28357,2748
2,mongo,S,wide,bike,41,30090,2748
2,mongo,S,wide,bike,42,28630,2748
2,mongo,S,wide,bike,43,29666,2748
2,mongo,S,wide,bike,44,29960,2748
2,mongo,S,wide,bike,45,28537,2748
2,mongo,S,wide,bike,46,28791,2748
2,mongo,S,wide,bike,47,28900,2748
2,mongo,S,wide,bike,48,27368,2748
2,mongo,S,wide,bike,49,26408,2748
2,mongo,S,wide,bike,50,28943,2748
2,mongo,S,wide,bike,51,31919,2748
2,mongo,S,wide,bike,52,29448,2748
2,mongo,S,wide,bike,53,30351,2748
2,mongo,S,wide,bike,54,29709,2748
2,mongo,S,wide,bike,55,28078,2748
2,mongo,S,wide,bike,56,31241,2748
2,mongo,S,wide,bike,57,30510,2748
2,mongo,S,wide,bike,58,28723,2748
2,mongo,S,wide,bike,59,34241,2748
2,mongo,S,wide,bike,60,38675,2748
2,mongo,S,wide,bike,61,30996,2748
2,mongo,S,wide,bike,62,29594,2748
2,mongo,S,wide,bike,63,29069,2748
2,mongo,S,wide,bike,64,29373,2748
2,mongo,S,wide,bike,65,30001,2748
2,mongo,S,wide,bike,66,29053,2748
2,mongo,S,wide,bike,67,32660,2748
2,mongo,S,wide,bike,68,28717,2748
2,mongo,S,wide,bike,69,30924,2748
2,mongo,S,wide,bike,70,31879,2748
2,mongo,S,wide,bike,71,28651,2748
2,mongo,S,wide,bike,72,28281,2748
2,mongo,S,wide,bike,73,28727,2748
2,mongo,S,wide,bike,74,31603,2748
2,mongo,S,wide,bike,75,39776,2748
2,mongo,S,wide,bike,76,32364,2748
2,mongo,S,wide,bike,77,31943,2748
2,mongo,S,wide,bike,78,33785,2748
2,mongo,S,wide,bike,79,27820,2748
2,mongo,S,wide,bike,80,29533,2748
2,mongo,S,wide,bike,81,29093,2748
2,mongo,S,wide,bike,82,37221,2748
2,mongo,S,wide,bike,83,38909,2748
2,mongo,S,wide,bike,84,31003,2748
2,mongo,S,wide,bike,85,30752,2748
2,mongo,S,wide,bike,86,29256,2748
2,mongo,S,wide,bike,87,28911,2748
2,mongo,S,wide,bike,88,30043,2748
2,mongo,S,wide,bike,89,33226,2748
2,mongo,S,wide,bike,90,29261,2748
2,mongo,S,wide,bike,91,36199,2748
2,mongo,S,wide,bike,92,54656,2748
2,mongo,S,wide,bike,93,41702,2748
2,mongo,S,wide,bike,94,39954,2748
2,mongo,S,wide,bike,95,45475,2748
2,mongo,S,wide,bike,96,47441,2748
2,mongo,S,wide,bike,97,39962,2748
2,mongo,S,wide,bike,98,36890,2748
2,mongo,S,wide,bike,99,40954,2748
2,mongo,S,wide,bike,100,34806,2748
2,mongo,S,wide,bike,101,34722,2748
2,mongo,S,wide,bike,102,35199,2748
2,mongo,S,wide,bike,103,37771,2748
2,mongo,S,wide,bike,104,35051,2748
2,mongo,S,wide,bike,105,31268,2748
2,mongo,S,wide,bike,106,38661,2748
2,mongo,S,wide,bike,107,35234,2748
2,mongo,S,wide,bike,108,37503,2748
2,mongo,S,wide,bike,109,34067,2748
2,mongo,S,wide,bike,110,32988,2748
2,mongo,S,wide,bike,111,32252,2748
2,mongo,S,wide,bike,112,31356,2748
2,mongo,S,wide,bike,113,29323,2748
2,mongo,S,wide,bike,114,31829,2748
2,mongo,S,wide,bike,115,27562,2748
2,mongo,S,wide,bike,116,27769,2748
2,mongo,S,wide,bike,117,28687,2748
2,mongo,S,wide,bike,118,30988,2748
2,mongo,S,wide,bike,119,32697,2748
2,mongo,S,wide,bike,120,28991,2748
2,mongo,S,wide,bike,121,29432,2748
2,mongo,S,wide,bike,122,28554,2748
2,mongo,S,wide,bike,123,28432,2748
2,mongo,S,wide,bike,124,30579,2748
2,mongo,S,wide,bike,125,33806,2748
2,mongo,S,wide,bike,126,28537,2748
2,mongo,S,wide,bike,127,33911,2748
2,mongo,S,wide,bike,128,28196,2748
2,mongo,S,wide,bike,129,30880,2748
2,mongo,S,wide,bike,130,29896,2748
2,mongo,S,wide,bike,131,28592,2748
2,mongo,S,wide,bike,132,29003,2748
2,mongo,S,wide,bike,133,29883,2748
2,mongo,S,wide,bike,134,30804,2748
2,mongo,S,wide,bike,135,32853,2748
2,mongo,S,wide,bike,136,31258,2748
2,mongo,S,wide,bike,137,29332,2748
2,mongo,S,wide,bike,138,30058,2748
2,mongo,S,wide,bike,139,29436,2748
2,mongo,S,wide,bike,140,29216,2748
2,mongo,S,wide,bike,141,31380,2748
2,mongo,S,wide,bike,142,30270,2748
2,mongo,S,wide,bike,143,27488,2748
2,mongo,S,wide,bike,144,31687,2748
2,mongo,S,wide,bike,145,33618,2748
2,mongo,S,wide,bike,146,37256,2748
2,mongo,S,wide,bike,147,29582,2748
2,mongo,S,wide,bike,148,28933,2748
2,mongo,S,wide,bike,149,31418,2748
2,mongo,S,wide,bike,150,29136,2748
2,mongo,S,wide,bike,151,30217,2748
2,mongo,S,wide,bike,152,31252,2748
2,mongo,S,wide,bike,153,28545,2748
2,mongo,S,wide,bike,154,29826,2748
2,mongo,S,wide,bike,155,30987,2748
2,mongo,S,wide,bike,156,28285,2748
2,mongo,S,wide,bike,157,30039,2748
2,mongo,S,wide,bike,158,30164,2748
2,mongo,S,wide,bike,159,32957,2748
2,mongo,S,wide,bike,160,35115,2748
2,mongo,S,wide,bike,161,33988,2748
2,mongo,S,wide,bike,162,36290,2748
2,mongo,S,wide,bike,163,30014,2748
2,mongo,S,wide,bike,164,30133,2748
2,mongo,S,wide,bike,165,29955,2748
2,mongo,S,wide,bike,166,39372,2748
2,mongo,S,wide,bike,167,41944,2748
2,mongo,S,wide,bike,168,41290,2748
2,mongo,S,wide,bike,169,35028,2748
2,mongo,S,wide,bike,170,36420,2748
2,mongo,S,wide,bike,171,35279,2748
2,mongo,S,wide,bike,172,33231,2748
2,mongo,S,wide,bike,173,32953,2748
2,mongo,S,wide,bike,174,35716,2748
2,mongo,S,wide,bike,175,35566,2748
2,mongo,S,wide,bike,176,39252,2748
2,mongo,S,wide,bike,177,34991,2748
2,mongo,S,wide,bike,178,33963,2748
2,mongo,S,wide,bike,179,44973,2748
2,mongo,S,wide,bike,180,36555,2748
2,mongo,S,wide,bike,181,31746,2748
2,mongo,S,wide,bike,182,35527,2748
2,mongo,S,wide,bike,183,33060,2748
2,mongo,S,wide,bike,184,29842,2748
2,mongo,S,wide,bike,185,29788,2748
2,mongo,S,wide,bike,186,30173,2748
2,mongo,S,wide,bike,187,29792,2748
2,mongo,S,wide,bike,188,33823,2748
2,mongo,S,wide,bike,189,30534,2748
2,mongo,S,wide,bike,190,30864,2748
2,mongo,S,wide,bike,191,28665,2748
2,mongo,S,wide,bike,192,31414,2748
2,mongo,S,wide,bike,193,35856,2748
2,mongo,S,wide,bike,194,29308,2748
2,mongo,S,wide,bike,195,31124,2748
2,mongo,S,wide,bike,196,30795,2748
2,mongo,S,wide,bike,197,29735,2748
2,mongo,S,wide,bike,198,31872,2748
2,mongo,S,wide,bike,199,28990,2748
2,mongo,U,narrow,bus,0,25745,518
2,mongo,U,narrow,bus,1,25802,518
2,mongo,U,narrow,bus,2,20401,518
2,mongo,U,narrow,bus,3,19675,518
2,mongo,U,narrow,bus,4,18228,518
2,mongo,U,narrow,bus,5,19537,518
2,mongo,U,narrow,bus,6,20335,518
2,mongo,U,narrow,bus,7,19961,518
2,mongo,U,narrow,bus,8,20278,518
2,mongo,U,narrow,bus,9,19583,518
2,mongo,U,narrow,bus,10,18462,518
2,mongo,U,narrow,bus,11,19080,518
2,mongo,U,narrow,bus,12,20571,518
2,mongo,U,narrow,bus,13,21077,518
2,mongo,U,narrow,bus,14,20326,518
2,mongo,U,narrow,bus,15,22953,518
2,mongo,U,narrow,bus,16,18744,518
2,mongo,U,narrow,bus,17,18470,518
2,mongo,U,narrow,bus,18,18713,518
2,mongo,U,narrow,bus,19,19882,518
2,mongo,U,narrow,bus,20,20398,518
2,mongo,U,narrow,bus,21,19621,518
2,mongo,U,narrow,bus,22,19851,518
2,mongo,U,narrow,bus,23,18754,518
2,mongo,U,narrow,bus,24,19273,518
2,mongo,U,narrow,bus,25,18926,518
2,mongo,U,narrow,bus,26,19023,518
2,mongo,U,narrow,bus,27,18075,518
2,mongo,U,narrow,bus,28,18683,518
2,mongo,U,narrow,bus,29,19000,518
2,mongo,U,narrow,bus,30,19387,518
2,mongo,U,narrow,bus,31,18878,518
2,mongo,U,narrow,bus,32,19480,518
2,mongo,U,narrow,bus,33,21670,518
2,mongo,U,narrow,bus,34,18491,518
2,mongo,U,narrow,bus,35,17984,518
2,mongo,U,narrow,bus,36,18686,518
2,mongo,U,narrow,bus,37,19748,518
2,mongo,U,narrow,bus,38,20185,518
2,mongo,U,narrow,bus,39,18220,518
2,mongo,U,narrow,bus,40,18984,518
2,mongo,U,narrow,bus,41,20263,518
2,mongo,U,narrow,bus,42,20091,518
2,mongo,U,narrow,bus,43,20196,518
2,mongo,U,narrow,bus,44,27470,518
2,mongo,U,narrow,bus,45,19824,518
2,mongo,U,narrow,bus,46,20044,518
2,mongo,U,narrow,bus,47,21849,518
2,mongo,U,narrow,bus,48,18520,518
2,mongo,U,narrow,bus,49,18374,518
2,mongo,U,narrow,bus,50,19658,518
2,mongo,U,narrow,bus,51,20541,518
2,mongo,U,narrow,bus,52,17779,518
2,mongo,U,narrow,bus,53,19168,518
2,mongo,U,narrow,bus,54,20828,518
2,mongo,U,narrow,bus,55,19614,518
2,mongo,U,narrow,bus,56,18938,518
2,mongo,U,narrow,bus,57,18484,518
2,mongo,U,narrow,bus,58,18676,518
2,mongo,U,narrow,bus,59,19092,518
2,mongo,U,narrow,bus,60,19666,518
2,mongo,U,narrow,bus,61,18893,518
2,mongo,U,narrow,bus,62,19577,518
2,mongo,U,narrow,bus,63,19420,518
2,mongo,U,narrow,bus,64,19703,518
2,mongo,U,narrow,bus,65,19505,518
2,mongo,U,narrow,bus,66,18400,518
2,mongo,U,narrow,bus,67,18988,518
2,mongo,U,narrow,bus,68,18622,518
2,mongo,U,narrow,bus,69,20049,518
2,mongo,U,narrow,bus,70,19172,518
2,mongo,U,narrow,bus,71,20946,518
2,mongo,U,narrow,bus,72,25951,518
2,mongo,U,narrow,bus,73,22709,518
2,mongo,U,narrow,bus,74,18810,518
2,mongo,U,narrow,bus,75,19821,518
2,mongo,U,narrow,bus,76,19360,518
2,mongo,U,narrow,bus,77,18829,518
2,mongo,U,narrow,bus,78,19136,518
2,mongo,U,narrow,bus,79,19022,518
2,mongo,U,narrow,bus,80,19711,518
2,mongo,U,narrow,bus,81,27746,518
2,mongo,U,narrow,bus,82,20483,518
2,mongo,U,narrow,bus,83,20332,518
2,mongo,U,narrow,bus,84,19355,518
2,mongo,U,narrow,bus,85,19205,518
2,mongo,U,narrow,bus,86,19659,518
2,mongo,U,narrow,bus,87,19110,518
2,mongo,U,narrow,bus,88,18818,518
2,mongo,U,narrow,bus,89,19652,518
2,mongo,U,narrow,bus,90,20946,518
2,mongo,U,narrow,bus,91,20094,518
2,mongo,U,narrow,bus,92,19978,518
2,mongo,U,narrow,bus,93,20779,518
2,mongo,U,narrow,bus,94,19419,518
2,mongo,U,narrow,bus,95,19621,518
2,mongo,U,narrow,bus,96,19328,518
2,mongo,U,narrow,bus,97,20140,518
2,mongo,U,narrow,bus,98,19282,518
2,mongo,U,narrow,bus,99,19851,518
2,mongo,U,narrow,bus,100,19115,518
2,mongo,U,narrow,bus,101,18401,518
2,mongo,U,narrow,bus,102,18982,518
2,mongo,U,narrow,bus,103,19418,518
2,mongo,U,narrow,bus,104,20280,518
2,mongo,U,narrow,bus,105,22539,518
2,mongo,U,narrow,bus,106,30775,518
2,mongo,U,narrow,bus,107,26570,518
2,mongo,U,narrow,bus,108,24361,518
2,mongo,U,narrow,bus,109,32207,518
2,mongo,U,narrow,bus,110,27488,518
2,mongo,U,narrow,bus,111,23581,518
2,mongo,U,narrow,bus,112,22531,518
2,mongo,U,narrow,bus,113,24131,518
2,mongo,U,narrow,bus,114,30102,518
2,mongo,U,narrow,bus,115,34216,518
2,mongo,U,narrow,bus,116,27879,518
2,mongo,U,narrow,bus,117,21275,518
2,mongo,U,narrow,bus,118,21697,518
2,mongo,U,narrow,bus,119,21666,518
2,mongo,U,narrow,bus,120,23819,518
2,mongo,U,narrow,bus,121,22276,518
2,mongo,U,narrow,bus,122,22051,518
2,mongo,U,narrow,bus,123,24671,518
2,mongo,U,narrow,bus,124,23091,518
2,mongo,U,narrow,bus,125,24632,518
2,mongo,U,narrow,bus,126,23987,518
2,mongo,U,narrow,bus,127,25017,518
2,mongo,U,narrow,bus,128,21487,518
2,mongo,U,narrow,bus,129,18557,518
2,mongo,U,narrow,bus,130,18927,518
2,mongo,U,narrow,bus,131,24779,518
2,mongo,U,narrow,bus,132,19758,518
2,mongo,U,narrow,bus,133,21237,518
2,mongo,U,narrow,bus,134,18952,518
2,mongo,U,narrow,bus,135,20282,518
2,mongo,U,narrow,bus,136,20488,518
2,mongo,U,narrow,bus,137,20237,518
2,mongo,U,narrow,bus,138,21002,518
2,mongo,U,narrow,bus,139,20092,518
2,mongo,U,narrow,bus,140,20315,518
2,mongo,U,narrow,bus,141,21151,518
2,mongo,U,narrow,bus,142,20005,518
2,mongo,U,narrow,bus,143,23483,518
2,mongo,U,narrow,bus,144,19758,518
2,mongo,U,narrow,bus,145,21622,518
2,mongo,U,narrow,bus,146,19952,518
2,mongo,U,narrow,bus,147,19427,518
2,mongo,U,narrow,bus,148,19024,518
2,mongo,U,narrow,bus,149,18395,518
2,mongo,U,narrow,bus,150,20740,518
2,mongo,U,narrow,bus,151,20047,518
2,mongo,U,narrow,bus,152,19262,518
2,mongo,U,narrow,bus,153,19162,518
2,mongo,U,narrow,bus,154,18762,518
2,mongo,U,narrow,bus,155,19346,518
2,mongo,U,narrow,bus,156,20832,518
2,mongo,U,narrow,bus,157,19301,518
2,mongo,U,narrow,bus,158,18462,518
2,mongo,U,narrow,bus,159,17756,518
2,mongo,U,narrow,bus,160,18866,518
2,mongo,U,narrow,bus,161,19059,518
2,mongo,U,narrow,bus,162,19208,518
2,mongo,U,narrow,bus,163,19679,518
2,mongo,U,narrow,bus,164,18880,518
2,mongo,U,narrow,bus,165,20050,518
2,mongo,U,narrow,bus,166,20151,518
2,mongo,U,narrow,bus,167,20093,518
2,mongo,U,narrow,bus,168,20948,518
2,mongo,U,narrow,bus,169,18971,518
2,mongo,U,narrow,bus,170,19703,518
2,mongo,U,narrow,bus,171,19002,518
2,mongo,U,narrow,bus,172,20601,518
2,mongo,U,narrow,bus,173,23055,518
2,mongo,U,narrow,bus,174,21081,518
2,mongo,U,narrow,bus,175,24025,518
2,mongo,U,narrow,bus,176,19924,518
2,mongo,U,narrow,bus,177,20913,518
2,mongo,U,narrow,bus,178,18501,518
2,mongo,U,narrow,bus,179,18515,518
2,mongo,U,narrow,bus,180,19479,518
2,mongo,U,narrow,bus,181,19636,518
2,mongo,U,narrow,bus,182,20501,518
2,mongo,U,narrow,bus,183,18009,518
2,mongo,U,narrow,bus,184,18346,518
2,mongo,U,narrow,bus,185,23370,518
2,mongo,U,narrow,bus,186,21007,518
2,mongo,U,narrow,bus,187,21275,518
2,mongo,U,narrow,bus,188,18912,518
2,mongo,U,narrow,bus,189,19255,518
2,mongo,U,narrow,bus,190,19795,518
2,mongo,U,narrow,bus,191,18700,518
2,mongo,U,narrow,bus,192,19503,518
2,mongo,U,narrow,bus,193,18953,518
2,mongo,U,narrow,bus,194,18321,518
2,mongo,U,narrow,bus,195,17861,518
2,mongo,U,narrow,bus,196,19827,518
2,mongo,U,narrow,bus,197,20365,518
2,mongo,U,narrow,bus,198,18775,518
2,mongo,U,narrow,bus,199,19029,518
2,mongo,S,single,,0,7578,1
2,mongo,S,single,,1,4247,1
2,mongo,S,single,,2,1248,1
2,mongo,S,single,,3,1703,1
2,mongo,S,single,,4,877,1
2,mongo,S,single,,5,966,1
2,mongo,S,single,,6,1114,1
2,mongo,S,single,,7,916,1
2,mongo,S,single,,8,938,1
2,mongo,S,single,,9,866,1
2,mongo,S,single,,10,1585,1
2,mongo,S,single,,11,947,1
2,mongo,S,single,,12,861,1
2,mongo,S,single,,13,712,1
2,mongo,S,single,,14,784,1
2,mongo,S,single,,15,950,1
2,mongo,S,single,,16,699,1
2,mongo,S,single,,17,1279,1
2,mongo,S,single,,18,1431,1
2,mongo,S,single,,19,989,1
2,mongo,S,single,,20,895,1
2,mongo,S,single,,21,986,1
2,mongo,S,single,,22,834,1
2,mongo,S,single,,23,1266,1
2,mongo,S,single,,24,1362,1
2,mongo,S,single,,25,1059,1
2,mongo,S,single,,26,770,1
2,mongo,S,single,,27,681,1
2,mongo,S,single,,28,683,1
2,mongo,S,single,,29,698,1
2,mongo,S,single,,30,672,1
2,mongo,S,single,,31,628,1
2,mongo,S,single,,32,1443,1
2,mongo,S,single,,33,1374,1
2,mongo,S,single,,34,874,1
2,mongo,S,single,,35,700,1
2,mongo,S,single,,36,697,1
2,mongo,S,single,,37,766,1
2,mongo,S,single,,38,1704,1
2,mongo,S,single,,39,1088,1
2,mongo,S,single,,40,778,1
2,mongo,S,single,,41,908,1
2,mongo,S,single,,42,868,1
2,mongo,S,single,,43,1132,1
2,mongo,S,single,,44,915,1
2,mongo,S,single,,45,3943,1
2,mongo,S,single,,46,783,1
2,mongo,S,single,,47,746,1
2,mongo,S,single,,48,970,1
2,mongo,S,single,,49,784,1
2,mongo,S,single,,50,1878,1
2,mongo,S,single,,51,880,1
2,mongo,S,single,,52,853,1
2,mongo,S,single,,53,732,1
2,mongo,S,single,,54,863,1
2,mongo,S,single,,55,818,1
2,mongo,S,single,,56,1502,1
2,mongo,S,single,,57,967,1
2,mongo,S,single,,58,873,1
2,mongo,S,single,,59,865,1
2,mongo,S,single,,60,964,1
2,mongo,S,single,,61,779,1
2,mongo,S,single,,62,808,1
2,mongo,S,single,,63,899,1
2,mongo,S,single,,64,858,1
2,mongo,S,single,,65,823,1
2,mongo,S,single,,66,930,1
2,mongo,S,single,,67,798,1
2,mongo,S,single,,68,793,1
2,mongo,S,single,,69,825,1
2,mongo,S,single,,70,766,1
2,mongo,S,single,,71,774,1
2,mongo,S,single,,72,673,1
2,mongo,S,single,,73,1026,1
2,mongo,S,single,,74,1471,1
2,mongo,S,single,,75,798,1
2,mongo,S,single,,76,803,1
2,mongo,S,single,,77,861,1
2,mongo,S,single,,78,832,1
2,mongo,S,single,,79,1007,1
2,mongo,S,single,,80,1047,1
2,mongo,S,single,,81,1116,1
2,mongo,S,single,,82,870,1
2,mongo,S,single,,83,663,1
2,mongo,S,single,,84,671,1
2,mongo,S,single,,85,606,1
2,mongo,S,single,,86,780,1
2,mongo,S,single,,87,575,1
2,mongo,S,single,,88,613,1
2,mongo,S,single,,89,844,1
2,mongo,S,single,,90,1508,1
2,mongo,S,single,,91,1123,1
2,mongo,S,single,,92,831,1
2,mongo,S,single,,93,777,1
2,mongo,S,single,,94,933,1
2,mongo,S,single,,95,1803,1
2,mongo,S,single,,96,772,1
2,mongo,S,single,,97,572,1
2,mongo,S,single,,98,627,1
2,mongo,S,single,,99,703,1
2,mongo,S,single,,100,618,1
2,mongo,S,single,,101,854,1
2,mongo,S,single,,102,734,1
2,mongo,S,single,,103,1589,1
2,mongo,S,single,,104,745,1
2,mongo,S,single,,105,665,1
2,mongo,S,single,,106,612,1
2,mongo,S,single,,107,583,1
2,mongo,S,single,,108,707,1
2,mongo,S,single,,109,742,1
2,mongo,S,single,,110,625,1
2,mongo,S,single,,111,812,1
2,mongo,S,single,,112,1657,1
2,mongo,S,single,,113,1004,1
2,mongo,S,single,,114,965,1
2,mongo,S,single,,115,682,1
2,mongo,S,single,,116,886,1
2,mongo,S,single,,117,845,1
2,mongo,S,single,,118,758,1
2,mongo,S,single,,119,1570,1
2,mongo,S,single,,120,731,1
2,mongo,S,single,,121,675,1
2,mongo,S,single,,122,789,1
2,mongo,S,single,,123,677,1
2,mongo,S,single,,124,843,1
2,mongo,S,single,,125,842,1
2,mongo,S,single,,126,841,1
2,mongo,S,single,,127,1873,1
2,mongo,S,single,,128,814,1
2,mongo,S,single,,129,684,1
2,mongo,S,single,,130,653,1
2,mongo,S,single,,131,683,1
2,mongo,S,single,,132,771,1
2,mongo,S,single,,133,617,1
2,mongo,S,single,,134,691,1
2,mongo,S,single,,135,1234,1
2,mongo,S,single,,136,904,1
2,mongo,S,single,,137,744,1
2,mongo,S,single,,138,720,1
2,mongo,S,single,,139,807,1
2,mongo,S,single,,140,797,1
2,mongo,S,single,,141,693,1
2,mongo,S,single,,142,1179,1
2,mongo,S,single,,143,665,1
2,mongo,S,single,,144,875,1
2,mongo,S,single,,145,923,1
2,mongo,S,single,,146,919,1
2,mongo,S,single,,147,820,1
2,mongo,S,single,,148,889,1
2,mongo,S,single,,149,868,1
2,mongo,S,single,,150,803,1
2,mongo,S,single,,151,696,1
2,mongo,S,single,,152,721,1
2,mongo,S,single,,153,1095,1
2,mongo,S,single,,154,896,1
2,mongo,S,single,,155,1423,1
2,mongo,S,single,,156,1091,1
2,mongo,S,single,,157,790,1
2,mongo,S,single,,158,1644,1
2,mongo,S,single,,159,838,1
2,mongo,S,single,,160,596,1
2,mongo,S,single,,161,632,1
2,mongo,S,single,,162,1016,1
2,mongo,S,single,,163,754,1
2,mongo,S,single,,164,816,1
2,mongo,S,single,,165,652,1
2,mongo,S,single,,166,1460,1
2,mongo,S,single,,167,1213,1
2,mongo,S,single,,168,745,1
2,mongo,S,single,,169,727,1
2,mongo,S,single,,170,796,1
2,mongo,S,single,,171,653,1
2,mongo,S,single,,172,668,1
2,mongo,S,single,,173,612,1
2,mongo,S,single,,174,1694,1
2,mongo,S,single,,175,909,1
2,mongo,S,single,,176,699,1
2,mongo,S,single,,177,821,1
2,mongo,S,single,,178,767,1
2,mongo,S,single,,179,719,1
2,mongo,S,single,,180,736,1
2,mongo,S,single,,181,698,1
2,mongo,S,single,,182,906,1
2,mongo,S,single,,183,785,1
2,mongo,S,single,,184,959,1
2,mongo,S,single,,185,1016,1
2,mongo,S,single,,186,787,1
2,mongo,S,single,,187,785,1
2,mongo,S,single,,188,627,1
2,mongo,S,single,,189,788,1
2,mongo,S,single,,190,624,1
2,mongo,S,single,,191,639,1
2,mongo,S,single,,192,2547,1
2,mongo,S,single,,193,1036,1
2,mongo,S,single,,194,771,1
2,mongo,S,single,,195,827,1
2,mongo,S,single,,196,670,1
2,mongo,S,single,,197,720,1
2,mongo,S,single,,198,686,1
2,mongo,S,single,,199,1182,1
2,mongo,S,narrow,bike,0,4008,166
2,mongo,S,narrow,bike,1,4018,166
2,mongo,S,narrow,bike,2,3972,166
2,mongo,S,narrow,bike,3,3833,166
2,mongo,S,narrow,bike,4,3434,166
2,mongo,S,narrow,bike,5,4466,166
2,mongo,S,narrow,bike,6,4137,166
2,mongo,S,narrow,bike,7,3879,166
2,mongo,S,narrow,bike,8,4618,166
2,mongo,S,narrow,bike,9,4292,166
2,mongo,S,narrow,bike,10,4263,166
2,mongo,S,narrow,bike,11,4294,166
2,mongo,S,narrow,bike,12,4067,166
2,mongo,S,narrow,bike,13,4404,166
2,mongo,S,narrow,bike,14,3807,166
2,mongo,S,narrow,bike,15,4588,166
2,mongo,S,narrow,bike,16,7004,166
2,mongo,S,narrow,bike,17,6540,166
2,mongo,S,narrow,bike,18,5366,166
2,mongo,S,narrow,bike,19,5933,166
2,mongo,S,narrow,bike,20,5678,166
2,mongo,S,narrow,bike,21,4741,166
2,mongo,S,narrow,bike,22,5857,166
2,mongo,S,narrow,bike,23,10730,166
2,mongo,S,narrow,bike,24,8694,166
2,mongo,S,narrow,bike,25,7404,166
2,mongo,S,narrow,bike,26,11169,166
2,mongo,S,narrow,bike,27,5263,166
2,mongo,S,narrow,bike,28,8720,166
2,mongo,S,narrow,bike,29,8229,166
2,mongo,S,narrow,bike,30,4690,166
2,mongo,S,narrow,bike,31,3694,166
2,mongo,S,narrow,bike,32,4541,166
2,mongo,S,narrow,bike,33,4688,166
2,mongo,S,narrow,bike,34,4168,166
2,mongo,S,narrow,bike,35,4799,166
2,mongo,S,narrow,bike,36,3998,166
2,mongo,S,narrow,bike,37,4216,166
2,mongo,S,narrow,bike,38,3693,166
2,mongo,S,narrow,bike,39,5263,166
2,mongo,S,narrow,bike,40,5219,166
2,mongo,S,narrow,bike,41,4690,166
2,mongo,S,narrow,bike,42,4062,166
2,mongo,S,narrow,bike,43,5083,166
2,mongo,S,narrow,bike,44,5658,166
2,mongo,S,narrow,bike,45,4049,166
2,mongo,S,narrow,bike,46,5526,166
2,mongo,S,narrow,bike,47,5006,166
2,mongo,S,narrow,bike,48,5985,166
2,mongo,S,narrow,bike,49,6048,166
2,mongo,S,narrow,bike,50,4703,166
2,mongo,S,narrow,bike,51,4922,166
2,mongo,S,narrow,bike,52,6289,166
2,mongo,S,narrow,bike,53,5612,166
2,mongo,S,narrow,bike,54,5346,166
2,mongo,S,narrow,bike,55,4732,166
2,mongo,S,narrow,bike,56,4680,166
2,mongo,S,narrow,bike,57,5497,166
2,mongo,S,narrow,bike,58,4188,166
2,mongo,S,narrow,bike,59,5321,166
2,mongo,S,narrow,bike,60,6082,166
2,mongo,S,narrow,bike,61,5102,166
2,mongo,S,narrow,bike,62,5433,166
2,mongo,S,narrow,bike,63,4734,166
2,mongo,S,narrow,bike,64,5724,166
2,mongo,S,narrow,bike,65,4806,166
2,mongo,S,narrow,bike,66,6764,166
2,mongo,S,narrow,bike,67,6598,166
2,mongo,S,narrow,bike,68,4496,166
2,mongo,S,narrow,bike,69,5666,166
2,mongo,S,narrow,bike,70,6458,166
2,mongo,S,narrow,bike,71,5208,166
2,mongo,S,narrow,bike,72,5019,166
2,mongo,S,narrow,bike,73,5485,166
2,mongo,S,narrow,bike,74,5453,166
2,mongo,S,narrow,bike,75,5582,166
2,mongo,S,narrow,bike,76,4562,166
2,mongo,S,narrow,bike,77,4518,166
2,mongo,S,narrow,bike,78,4898,166
2,mongo,S,narrow,bike,79,4025,166
2,mongo,S,narrow,bike,80,4876,166
2,mongo,S,narrow,bike,81,5113,166
2,mongo,S,narrow,bike,82,4894,166
2,mongo,S,narrow,bike,83,4472,166
2,mongo,S,narrow,bike,84,5020,166
2,mongo,S,narrow,bike,85,5571,166
2,mongo,S,narrow,bike,86,3833,166
2,mongo,S,narrow,bike,87,5081,166
2,mongo,S,narrow,bike,88,5766,166
2,mongo,S,narrow,bike,89,3735,166
2,mongo,S,narrow,bike,90,5880,166
2,mongo,S,narrow,bike,91,4442,166
2,mongo,S,narrow,bike,92,6700,166
2,mongo,S,narrow,bike,93,8815,166
2,mongo,S,narrow,bike,94,6016,166
2,mongo,S,narrow,bike,95,5439,166
2,mongo,S,narrow,bike,96,4955,166
2,mongo,S,narrow,bike,97,5641,166
2,mongo,S,narrow,bike,98,6465,166
2,mongo,S,narrow,bike,99,5581,166
2,mongo,S,narrow,bike,100,5654,166
2,mongo,S,narrow,bike,101,5236,166
2,mongo,S,narrow,bike,102,4500,166
2,mongo,S,narrow,bike,103,4527,166
2,mongo,S,narrow,bike,104,6939,166
2,mongo,S,narrow,bike,105,7666,166
2,mongo,S,narrow,bike,106,5423,166
2,mongo,S,narrow,bike,107,3860,166
2,mongo,S,narrow,bike,108,4924,166
2,mongo,S,narrow,bike,109,4886,166
2,mongo,S,narrow,bike,110,5818,166
2,mongo,S,narrow,bike,111,8282,166
2,mongo,S,narrow,bike,112,5903,166
2,mongo,S,narrow,bike,113,6320,166
2,mongo,S,narrow,bike,114,5948,166
2,mongo,S,narrow,bike,115,4742,166
2,mongo,S,narrow,bike,116,3945,166
2,mongo,S,narrow,bike,117,4325,166
2,mongo,S,narrow,bike,118,4609,166
2,mongo,S,narrow,bike,119,4832,166
2,mongo,S,narrow,bike,120,3983,166
2,mongo,S,narrow,bike,121,4048,166
2,mongo,S,narrow,bike,122,3713,166
2,mongo,S,narrow,bike,123,4586,166
2,mongo,S,narrow,bike,124,3839,166
2,mongo,S,narrow,bike,125,3843,166
2,mongo,S,narrow,bike,126,4242,166
2,mongo,S,narrow,bike,127,3759,166
2,mongo,S,narrow,bike,128,4322,166
2,mongo,S,narrow,bike,129,4383,166
2,mongo,S,narrow,bike,130,4343,166
2,mongo,S,narrow,bike,131,3987,166
2,mongo,S,narrow,bike,132,5328,166
2,mongo,S,narrow,bike,133,3655,166
2,mongo,S,narrow,bike,134,4328,166
2,mongo,S,narrow,bike,135,4163,166
2,mongo,S,narrow,bike,136,4028,166
2,mongo,S,narrow,bike,137,3537,166
2,mongo,S,narrow,bike,138,4529,166
2,mongo,S,narrow,bike,139,4812,166
2,mongo,S,narrow,bike,140,4410,166
2,mongo,S,narrow,bike,141,4726,166
2,mongo,S,narrow,bike,142,4249,166
2,mongo,S,narrow,bike,143,4228,166
2,mongo,S,narrow,bike,144,4592,166
2,mongo,S,narrow,bike,145,4649,166
2,mongo,S,narrow,bike,146,4877,166
2,mongo,S,narrow,bike,147,3775,166
2,mongo,S,narrow,bike,148,4216,166
2,mongo,S,narrow,bike,149,4489,166
2,mongo,S,narrow,bike,150,4688,166
2,mongo,S,narrow,bike,151,3912,166
2,mongo,S,narrow,bike,152,4342,166
2,mongo,S,narrow,bike,153,6051,166
2,mongo,S,narrow,bike,154,3442,166
2,mongo,S,narrow,bike,155,4194,166
2,mongo,S,narrow,bike,156,4360,166
2,mongo,S,narrow,bike,157,3323,166
2,mongo,S,narrow,bike,158,5290,166
2,mongo,S,narrow,bike,159,4769,166
2,mongo,S,narrow,bike,160,3574,166
2,mongo,S,narrow,bike,161,4998,166
2,mongo,S,narrow,bike,162,4611,166
2,mongo,S,narrow,bike,163,4001,166
2,mongo,S,narrow,bike,164,4220,166
2,mongo,S,narrow,bike,165,3574,166
2,mongo,S,narrow,bike,166,4675,166
2,mongo,S,narrow,bike,167,4343,166
2,mongo,S,narrow,bike,168,3847,166
2,mongo,S,narrow,bike,169,4309,166
2,mongo,S,narrow,bike,170,3493,166
2,mongo,S,narrow,bike,171,4732,166
2,mongo,S,narrow,bike,172,5606,166
2,mongo,S,narrow,bike,173,5729,166
2,mongo,S,narrow,bike,174,5276,166
2,mongo,S,narrow,bike,175,5228,166
2,mongo,S,narrow,bike,176,4034,166
2,mongo,S,narrow,bike,177,3974,166
2,mongo,S,narrow,bike,178,4409,166
2,mongo,S,narrow,bike,179,3990,166
2,mongo,S,narrow,bike,180,3819,166
2,mongo,S,narrow,bike,181,4142,166
2,mongo,S,narrow,bike,182,3622,166
2,mongo,S,narrow,bike,183,4679,166
2,mongo,S,narrow,bike,184,4377,166
2,mongo,S,narrow,bike,185,4386,166
2,mongo,S,narrow,bike,186,4316,166
2,mongo,S,narrow,bike,187,4208,166
2,mongo,S,narrow,bike,188,4547,166
2,mongo,S,narrow,bike,189,4357,166
2,mongo,S,narrow,bike,190,4818,166
2,mongo,S,narrow,bike,191,4832,166
2,mongo,S,narrow,bike,192,3821,166
2,mongo,S,narrow,bike,193,3995,166
2,mongo,S,narrow,bike,194,5548,166
2,mongo,S,narrow,bike,195,4450,166
2,mongo,S,narrow,bike,196,4052,166
2,mongo,S,narrow,bike,197,4020,166
2,mongo,S,narrow,bike,198,3483,166
2,mongo,S,narrow,bike,199,4299,166
2,mongo,S,wide,both,0,129178,13843
2,mongo,S,wide,both,1,139828,13843
2,mongo,S,wide,both,2,136798,13843
2,mongo,S,wide,both,3,125319,13843
2,mongo,S,wide,both,4,131468,13843
2,mongo,S,wide,both,5,123965,13843
2,mongo,S,wide,both,6,121345,13843
2,mongo,S,wide,both,7,118403,13843
2,mongo,S,wide,both,8,117526,13843
2,mongo,S,wide,both,9,131739,13843
2,mongo,S,wide,both,10,112053,13843
2,mongo,S,wide,both,11,114730,13843
2,mongo,S,wide,both,12,119835,13843
2,mongo,S,wide,both,13,122251,13843
2,mongo,S,wide,both,14,116079,13843
2,mongo,S,wide,both,15,113627,13843
2,mongo,S,wide,both,16,210571,13843
2,mongo,S,wide,both,17,123569,13843
2,mongo,S,wide,both,18,136568,13843
2,mongo,S,wide,both,19,175828,13843
2,mongo,S,wide,both,20,160624,13843
2,mongo,S,wide,both,21,134018,13843
2,mongo,S,wide,both,22,133134,13843
2,mongo,S,wide,both,23,123387,13843
2,mongo,S,wide,both,24,127178,13843
2,mongo,S,wide,both,25,130378,13843
2,mongo,S,wide,both,26,120747,13843
2,mongo,S,wide,both,27,142662,13843
2,mongo,S,wide,both,28,125024,13843
2,mongo,S,wide,both,29,118093,13843
2,mongo,S,wide,both,30,113845,13843
2,mongo,S,wide,both,31,119504,13843
2,mongo,S,wide,both,32,121574,13843
2,mongo,S,wide,both,33,119588,13843
2,mongo,S,wide,both,34,124834,13843
2,mongo,S,wide,both,35,131768,13843
2,mongo,S,wide,both,36,137273,13843
2,mongo,S,wide,both,37,141663,13843
2,mongo,S,wide,both,38,128743,13843
2,mongo,S,wide,both,39,115244,13843
2,mongo,S,wide,both,40,117512,13843
2,mongo,S,wide,both,41,153505,13843
2,mongo,S,wide,both,42,116994,13843
2,mongo,S,wide,both,43,115099,13843
2,mongo,S,wide,both,44,126965,13843
2,mongo,S,wide,both,45,116255,13843
2,mongo,S,wide,both,46,116795,13843
2,mongo,S,wide,both,47,125008,13843
2,mongo,S,wide,both,48,135112,13843
2,mongo,S,wide,both,49,117576,13843
2,mongo,S,wide,both,50,117382,13843
2,mongo,S,wide,both,51,120399,13843
2,mongo,S,wide,both,52,117273,13843
2,mongo,S,wide,both,53,116898,13843
2,mongo,S,wide,both,54,128263,13843
2,mongo,S,wide,both,55,111662,13843
2,mongo,S,wide,both,56,121505,13843
2,mongo,S,wide,both,57,114632,13843
2,mongo,S,wide,both,58,122320,13843
2,mongo,S,wide,both,59,121580,13843
2,mongo,S,wide,both,60,128154,13843
2,mongo,S,wide,both,61,116685,13843
2,mongo,S,wide,both,62,123253,13843
2,mongo,S,wide,both,63,116736,13843
2,mongo,S,wide,both,64,144292,13843
2,mongo,S,wide,both,65,144365,13843
2,mongo,S,wide,both,66,134072,13843
2,mongo,S,wide,both,67,124987,13843
2,mongo,S,wide,both,68,126240,13843
2,mongo,S,wide,both,69,122941,13843
2,mongo,S,wide,both,70,120773,13843
2,mongo,S,wide,both,71,114343,13843
2,mongo,S,wide,both,72,128199,13843
2,mongo,S,wide,both,73,120816,13843
2,mongo,S,wide,both,74,123172,13843
2,mongo,S,wide,both,75,130764,13843
2,mongo,S,wide,both,76,119707,13843
2,mongo,S,wide,both,77,117082,13843
2,mongo,S,wide,both,78,121335,13843
2,mongo,S,wide,both,79,127554,13843
2,mongo,S,wide,both,80,131992,13843
2,mongo,S,wide,both,81,120765,13843
2,mongo,S,wide,both,82,118010,13843
2,mongo,S,wide,both,83,117529,13843
2,mongo,S,wide,both,84,148799,13843
2,mongo,S,wide,both,85,114886,13843
2,mongo,S,wide,both,86,125812,13843
2,mongo,S,wide,both,87,123458,13843
2,mongo,S,wide,both,88,132278,13843
2,mongo,S,wide,both,89,121791,13843
2,mongo,S,wide,both,90,124136,13843
2,mongo,S,wide,both,91,123148,13843
2,mongo,S,wide,both,92,117665,13843
2,mongo,S,wide,both,93,123143,13843
2,mongo,S,wide,both,94,113495,13843
2,mongo,S,wide,both,95,115845,13843
2,mongo,S,wide,both,96,128777,13843
2,mongo,S,wide,both,97,116543,13843
2,mongo,S,wide,both,98,116740,13843
2,mongo,S,wide,both,99,120354,13843
2,mongo,S,wide,both,100,124762,13843
2,mongo,S,wide,both,101,114739,13843
2,mongo,S,wide,both,102,115054,13843
2,mongo,S,wide,both,103,128290,13843
2,mongo,S,wide,both,104,121347,13843
2,mongo,S,wide,both,105,108294,13843
2,mongo,S,wide,both,106,124331,13843
2,mongo,S,wide,both,107,117936,13843
2,mongo,S,wide,both,108,131489,13843
2,mongo,S,wide,both,109,144460,13843
2,mongo,S,wide,both,110,144146,13843
2,mongo,S,wide,both,111,135112,13843
2,mongo,S,wide,both,112,138816,13843
2,mongo,S,wide,both,113,137601,13843
2,mongo,S,wide,both,114,130833,13843
2,mongo,S,wide,both,115,121418,13843
2,mongo,S,wide,both,116,134168,13843
2,mongo,S,wide,both,117,124934,13843
2,mongo,S,wide,both,118,123644,13843
2,mongo,S,wide,both,119,115874,13843
2,mongo,S,wide,both,120,127704,13843
2,mongo,S,wide,both,121,117138,13843
2,mongo,S,wide,both,122,122070,13843
2,mongo,S,wide,both,123,117927,13843
2,mongo,S,wide,both,124,126234,13843
2,mongo,S,wide,both,125,136675,13843
2,mongo,S,wide,both,126,116854,13843
2,mongo,S,wide,both,127,115952,13843
2,mongo,S,wide,both,128,160517,13843
2,mongo,S,wide,both,129,123888,13843
2,mongo,S,wide,both,130,121119,13843
2,mongo,S,wide,both,131,122029,13843
2,mongo,S,wide,both,132,130849,13843
2,mongo,S,wide,both,133,123266,13843
2,mongo,S,wide,both,134,128300,13843
2,mongo,S,wide,both,135,117330,13843
2,mongo,S,wide,both,136,113750,13843
2,mongo,S,wide,both,137,112291,13843
2,mongo,S,wide,both,138,120114,13843
2,mongo,S,wide,both,139,114338,13843
2,mongo,S,wide,both,140,126674,13843
2,mongo,S,wide,both,141,120289,13843
2,mongo,S,wide,both,142,123018,13843
2,mongo,S,wide,both,143,123326,13843
2,mongo,S,wide,both,144,124318,13843
2,mongo,S,wide,both,145,117604,13843
2,mongo,S,wide,both,146,115014,13843
2,mongo,S,wide,both,147,118449,13843
2,mongo,S,wide,both,148,119380,13843
2,mongo,S,wide,both,149,117196,13843
2,mongo,S,wide,both,150,118064,13843
2,mongo,S,wide,both,151,117173,13843
2,mongo,S,wide,both,152,116315,13843
2,mongo,S,wide,both,153,116136,13843
2,mongo,S,wide,both,154,113195,13843
2,mongo,S,wide,both,155,138285,13843
2,mongo,S,wide,both,156,127952,13843
2,mongo,S,wide,both,157,131660,13843
2,mongo,S,wide,both,158,151744,13843
2,mongo,S,wide,both,159,124662,13843
2,mongo,S,wide,both,160,137362,13843
2,mongo,S,wide,both,161,124688,13843
2,mongo,S,wide,both,162,114944,13843
2,mongo,S,wide,both,163,115369,13843
2,mongo,S,wide,both,164,126750,13843
2,mongo,S,wide,both,165,113887,13843
2,mongo,S,wide,both,166,110832,13843
2,mongo,S,wide,both,167,123226,13843
2,mongo,S,wide,both,168,122212,13843
2,mongo,S,wide,both,169,113451,13843
2,mongo,S,wide,both,170,150875,13843
2,mongo,S,wide,both,171,133991,13843
2,mongo,S,wide,both,172,126344,13843
2,mongo,S,wide,both,173,124749,13843
2,mongo,S,wide,both,174,109028,13843
2,mongo,S,wide,both,175,125880,13843
2,mongo,S,wide,both,176,128958,13843
2,mongo,S,wide,both,177,119306,13843
2,mongo,S,wide,both,178,129452,13843
2,mongo,S,wide,both,179,122155,13843
2,mongo,S,wide,both,180,126084,13843
2,mongo,S,wide,both,181,125476,13843
2,mongo,S,wide,both,182,121207,13843
2,mongo,S,wide,both,183,120335,13843
2,mongo,S,wide,both,184,118792,13843
2,mongo,S,wide,both,185,118783,13843
2,mongo,S,wide,both,186,115322,13843
2,mongo,S,wide,both,187,114501,13843
2,mongo,S,wide,both,188,122119,13843
2,mongo,S,wide,both,189,119550,13843
2,mongo,S,wide,both,190,115442,13843
2,mongo,S,wide,both,191,122369,13843
2,mongo,S,wide,both,192,132788,13843
2,mongo,S,wide,both,193,118677,13843
2,mongo,S,wide,both,194,120758,13843
2,mongo,S,wide,both,195,124045,13843
2,mongo,S,wide,both,196,120742,13843
2,mongo,S,wide,both,197,118026,13843
2,mongo,S,wide,both,198,119896,13843
2,mongo,S,wide,both,199,116838,13843
2,mongo,U,medium,bike,0,22867,1434
2,mongo,U,medium,bike,1,19280,1434
2,mongo,U,medium,bike,2,20520,1434
2,mongo,U,medium,bike,3,19828,1434
2,mongo,U,medium,bike,4,20530,1434
2,mongo,U,medium,bike,5,19920,1434
2,mongo,U,medium,bike,6,19280,1434
2,mongo,U,medium,bike,7,21913,1434
2,mongo,U,medium,bike,8,26015,1434
2,mongo,U,medium,bike,9,21433,1434
2,mongo,U,medium,bike,10,25502,1434
2,mongo,U,medium,bike,11,20213,1434
2,mongo,U,medium,bike,12,30252,1434
2,mongo,U,medium,bike,13,22869,1434
2,mongo,U,medium,bike,14,21523,1434
2,mongo,U,medium,bike,15,24667,1434
2,mongo,U,medium,bike,16,23110,1434
2,mongo,U,medium,bike,17,24890,1434
2,mongo,U,medium,bike,18,28315,1434
2,mongo,U,medium,bike,19,26797,1434
2,mongo,U,medium,bike,20,21093,1434
2,mongo,U,medium,bike,21,21825,1434
2,mongo,U,medium,bike,22,20951,1434
2,mongo,U,medium,bike,23,21172,1434
2,mongo,U,medium,bike,24,21131,1434
2,mongo,U,medium,bike,25,20034,1434
2,mongo,U,medium,bike,26,23007,1434
2,mongo,U,medium,bike,27,19708,1434
2,mongo,U,medium,bike,28,20560,1434
2,mongo,U,medium,bike,29,19064,1434
2,mongo,U,medium,bike,30,19832,1434
2,mongo,U,medium,bike,31,21455,1434
2,mongo,U,medium,bike,32,22203,1434
2,mongo,U,medium,bike,33,21599,1434
2,mongo,U,medium,bike,34,23299,1434
2,mongo,U,medium,bike,35,23785,1434
2,mongo,U,medium,bike,36,21413,1434
2,mongo,U,medium,bike,37,19554,1434
2,mongo,U,medium,bike,38,18032,1434
2,mongo,U,medium,bike,39,21417,1434
2,mongo,U,medium,bike,40,19236,1434
2,mongo,U,medium,bike,41,19158,1434
2,mongo,U,medium,bike,42,19448,1434
2,mongo,U,medium,bike,43,20208,1434
2,mongo,U,medium,bike,44,17118,1434
2,mongo,U,medium,bike,45,17538,1434
2,mongo,U,medium,bike,46,18268,1434
2,mongo,U,medium,bike,47,21087,1434
2,mongo,U,medium,bike,48,18938,1434
2,mongo,U,medium,bike,49,18096,1434
2,mongo,U,medium,bike,50,20863,1434
2,mongo,U,medium,bike,51,17181,1434
2,mongo,U,medium,bike,52,21940,1434
2,mongo,U,medium,bike,53,24129,1434
2,mongo,U,medium,bike,54,28561,1434
2,mongo,U,medium,bike,55,33965,1434
2,mongo,U,medium,bike,56,26497,1434
2,mongo,U,medium,bike,57,21140,1434
2,mongo,U,medium,bike,58,21324,1434
2,mongo,U,medium,bike,59,17565,1434
2,mongo,U,medium,bike,60,19516,1434
2,mongo,U,medium,bike,61,19533,1434
2,mongo,U,medium,bike,62,19274,1434
2,mongo,U,medium,bike,63,21645,1434
2,mongo,U,medium,bike,64,21327,1434
2,mongo,U,medium,bike,65,20985,1434
2,mongo,U,medium,bike,66,17514,1434
2,mongo,U,medium,bike,67,19660,1434
2,mongo,U,medium,bike,68,17459,1434
2,mongo,U,medium,bike,69,20031,1434
2,mongo,U,medium,bike,70,17837,1434
2,mongo,U,medium,bike,71,19922,1434
2,mongo,U,medium,bike,72,18657,1434
2,mongo,U,medium,bike,73,19660,1434
2,mongo,U,medium,bike,74,21298,1434
2,mongo,U,medium,bike,75,17174,1434
2,mongo,U,medium,bike,76,19025,1434
2,mongo,U,medium,bike,77,16561,1434
2,mongo,U,medium,bike,78,18525,1434
2,mongo,U,medium,bike,79,19401,1434
2,mongo,U,medium,bike,80,18035,1434
2,mongo,U,medium,bike,81,20790,1434
2,mongo,U,medium,bike,82,18039,1434
2,mongo,U,medium,bike,83,17552,1434
2,mongo,U,medium,bike,84,17288,1434
2,mongo,U,medium,bike,85,19088,1434
2,mongo,U,medium,bike,86,17181,1434
2,mongo,U,medium,bike,87,23690,1434
2,mongo,U,medium,bike,88,22625,1434
2,mongo,U,medium,bike,89,21590,1434
2,mongo,U,medium,bike,90,21178,1434
2,mongo,U,medium,bike,91,20847,1434
2,mongo,U,medium,bike,92,25875,1434
2,mongo,U,medium,bike,93,21002,1434
2,mongo,U,medium,bike,94,19543,1434
2,mongo,U,medium,bike,95,18167,1434
2,mongo,U,medium,bike,96,23674,1434
2,mongo,U,medium,bike,97,21734,1434
2,mongo,U,medium,bike,98,21775,1434
2,mongo,U,medium,bike,99,19036,1434
2,mongo,U,medium,bike,100,18859,1434
2,mongo,U,medium,bike,101,23112,1434
2,mongo,U,medium,bike,102,21036,1434
2,mongo,U,medium,bike,103,20252,1434
2,mongo,U,medium,bike,104,19854,1434
2,mongo,U,medium,bike,105,19536,1434
2,mongo,U,medium,bike,106,20148,1434
2,mongo,U,medium,bike,107,27400,1434
2,mongo,U,medium,bike,108,21972,1434
2,mongo,U,medium,bike,109,19317,1434
2,mongo,U,medium,bike,110,22396,1434
2,mongo,U,medium,bike,111,20369,1434
2,mongo,U,medium,bike,112,21614,1434
2,mongo,U,medium,bike,113,20193,1434
2,mongo,U,medium,bike,114,25270,1434
2,mongo,U,medium,bike,115,26830,1434
2,mongo,U,medium,bike,116,26918,1434
2,mongo,U,medium,bike,117,21490,1434
2,mongo,U,medium,bike,118,20081,1434
2,mongo,U,medium,bike,119,18115,1434
2,mongo,U,medium,bike,120,18875,1434
2,mongo,U,medium,bike,121,22187,1434
2,mongo,U,medium,bike,122,18444,1434
2,mongo,U,medium,bike,123,18515,1434
2,mongo,U,medium,bike,124,18883,1434
2,mongo,U,medium,bike,125,20226,1434
2,mongo,U,medium,bike,126,18145,1434
2,mongo,U,medium,bike,127,17327,1434
2,mongo,U,medium,bike,128,19788,1434
2,mongo,U,medium,bike,129,21777,1434
2,mongo,U,medium,bike,130,17689,1434
2,mongo,U,medium,bike,131,17897,1434
2,mongo,U,medium,bike,132,17442,1434
2,mongo,U,medium,bike,133,16508,1434
2,mongo,U,medium,bike,134,20969,1434
2,mongo,U,medium,bike,135,21375,1434
2,mongo,U,medium,bike,136,21818,1434
2,mongo,U,medium,bike,137,20705,1434
2,mongo,U,medium,bike,138,22543,1434
2,mongo,U,medium,bike,139,20257,1434
2,mongo,U,medium,bike,140,20308,1434
2,mongo,U,medium,bike,141,22880,1434
2,mongo,U,medium,bike,142,24372,1434
2,mongo,U,medium,bike,143,18790,1434
2,mongo,U,medium,bike,144,18894,1434
2,mongo,U,medium,bike,145,18954,1434
2,mongo,U,medium,bike,146,17318,1434
2,mongo,U,medium,bike,147,19138,1434
2,mongo,U,medium,bike,148,17982,1434
2,mongo,U,medium,bike,149,18441,1434
2,mongo,U,medium,bike,150,18315,1434
2,mongo,U,medium,bike,151,17275,1434
2,mongo,U,medium,bike,152,22946,1434
2,mongo,U,medium,bike,153,24732,1434
2,mongo,U,medium,bike,154,32989,1434
2,mongo,U,medium,bike,155,23941,1434
2,mongo,U,medium,bike,156,18599,1434
2,mongo,U,medium,bike,157,25709,1434
2,mongo,U,medium,bike,158,19234,1434
2,mongo,U,medium,bike,159,18099,1434
2,mongo,U,medium,bike,160,21344,1434
2,mongo,U,medium,bike,161,19437,1434
2,mongo,U,medium,bike,162,19195,1434
2,mongo,U,medium,bike,163,20730,1434
2,mongo,U,medium,bike,164,20438,1434
2,mongo,U,medium,bike,165,19714,1434
2,mongo,U,medium,bike,166,21530,1434
2,mongo,U,medium,bike,167,21243,1434
2,mongo,U,medium,bike,168,17981,1434
2,mongo,U,medium,bike,169,18697,1434
2,mongo,U,medium,bike,170,18623,1434
2,mongo,U,medium,bike,171,21143,1434
2,mongo,U,medium,bike,172,16885,1434
2,mongo,U,medium,bike,173,20140,1434
2,mongo,U,medium,bike,174,17603,1434
2,mongo,U,medium,bike,175,17718,1434
2,mongo,U,medium,bike,176,19597,1434
2,mongo,U,medium,bike,177,18673,1434
2,mongo,U,medium,bike,178,22309,1434
2,mongo,U,medium,bike,179,18432,1434
2,mongo,U,medium,bike,180,18647,1434
2,mongo,U,medium,bike,181,18687,1434
2,mongo,U,medium,bike,182,16631,1434
2,mongo,U,medium,bike,183,20763,1434
2,mongo,U,medium,bike,184,18841,1434
2,mongo,U,medium,bike,185,16543,1434
2,mongo,U,medium,bike,186,18731,1434
2,mongo,U,medium,bike,187,19564,1434
2,mongo,U,medium,bike,188,18083,1434
2,mongo,U,medium,bike,189,18679,1434
2,mongo,U,medium,bike,190,18866,1434
2,mongo,U,medium,bike,191,19397,1434
2,mongo,U,medium,bike,192,19479,1434
2,mongo,U,medium,bike,193,20536,1434
2,mongo,U,medium,bike,194,16715,1434
2,mongo,U,medium,bike,195,19637,1434
2,mongo,U,medium,bike,196,17728,1434
2,mongo,U,medium,bike,197,18116,1434
2,mongo,U,medium,bike,198,16615,1434
2,mongo,U,medium,bike,199,18161,1434
2,mongo,S,wide,bus,0,84885,11095
2,mongo,S,wide,bus,1,83110,11095
2,mongo,S,wide,bus,2,82753,11095
2,mongo,S,wide,bus,3,87624,11095
2,mongo,S,wide,bus,4,84083,11095
2,mongo,S,wide,bus,5,82563,11095
2,mongo,S,wide,bus,6,85221,11095
2,mongo,S,wide,bus,7,88697,11095
2,mongo,S,wide,bus,8,91091,11095
2,mongo,S,wide,bus,9,79262,11095
2,mongo,S,wide,bus,10,81794,11095
2,mongo,S,wide,bus,11,81621,11095
2,mongo,S,wide,bus,12,82666,11095
2,mongo,S,wide,bus,13,84744,11095
2,mongo,S,wide,bus,14,88923,11095
2,mongo,S,wide,bus,15,83241,11095
2,mongo,S,wide,bus,16,81483,11095
2,mongo,S,wide,bus,17,79069,11095
2,mongo,S,wide,bus,18,81226,11095
2,mongo,S,wide,bus,19,86364,11095
2,mongo,S,wide,bus,20,109939,11095
2,mongo,S,wide,bus,21,102740,11095
2,mongo,S,wide,bus,22,99059,11095
2,mongo,S,wide,bus,23,93109,11095
2,mongo,S,wide,bus,24,106051,11095
2,mongo,S,wide,bus,25,127849,11095
2,mongo,S,wide,bus,26,108661,11095
2,mongo,S,wide,bus,27,93092,11095
2,mongo,S,wide,bus,28,84628,11095
2,mongo,S,wide,bus,29,88697,11095
2,mongo,S,wide,bus,30,89131,11095
2,mongo,S,wide,bus,31,89289,11095
2,mongo,S,wide,bus,32,83925,11095
2,mongo,S,wide,bus,33,85553,11095
2,mongo,S,wide,bus,34,82900,11095
2,mongo,S,wide,bus,35,88221,11095
2,mongo,S,wide,bus,36,103361,11095
2,mongo,S,wide,bus,37,96367,11095
2,mongo,S,wide,bus,38,94819,11095
2,mongo,S,wide,bus,39,94220,11095
2,mongo,S,wide,bus,40,92271,11095
2,mongo,S,wide,bus,41,89300,11095
2,mongo,S,wide,bus,42,104583,11095
2,mongo,S,wide,bus,43,94309,11095
2,mongo,S,wide,bus,44,89326,11095
2,mongo,S,wide,bus,45,89034,11095
2,mongo,S,wide,bus,46,89060,11095
2,mongo,S,wide,bus,47,85354,11095
2,mongo,S,wide,bus,48,79630,11095
2,mongo,S,wide,bus,49,95494,11095
2,mongo,S,wide,bus,50,93223,11095
2,mongo,S,wide,bus,51,87464,11095
2,mongo,S,wide,bus,52,79169,11095
2,mongo,S,wide,bus,53,78268,11095
2,mongo,S,wide,bus,54,78792,11095
2,mongo,S,wide,bus,55,79782,11095
2,mongo,S,wide,bus,56,84232,11095
2,mongo,S,wide,bus,57,86842,11095
2,mongo,S,wide,bus,58,87902,11095
2,mongo,S,wide,bus,59,94030,11095
2,mongo,S,wide,bus,60,88234,11095
2,mongo,S,wide,bus,61,87834,11095
2,mongo,S,wide,bus,62,85422,11095
2,mongo,S,wide,bus,63,79845,11095
2,mongo,S,wide,bus,64,81500,11095
2,mongo,S,wide,bus,65,83309,11095
2,mongo,S,wide,bus,66,77729,11095
2,mongo,S,wide,bus,67,77225,11095
2,mongo,S,wide,bus,68,90070,11095
2,mongo,S,wide,bus,69,81343,11095
2,mongo,S,wide,bus,70,82473,11095
2,mongo,S,wide,bus,71,88739,11095
2,mongo,S,wide,bus,72,80041,11095
2,mongo,S,wide,bus,73,88278,11095
2,mongo,S,wide,bus,74,89485,11095
2,mongo,S,wide,bus,75,82997,11095
2,mongo,S,wide,bus,76,83856,11095
2,mongo,S,wide,bus,77,82150,11095
2,mongo,S,wide,bus,78,84257,11095
2,mongo,S,wide,bus,79,89752,11095
2,mongo,S,wide,bus,80,120620,11095
2,mongo,S,wide,bus,81,83428,11095
2,mongo,S,wide,bus,82,87205,11095
2,mongo,S,wide,bus,83,124189,11095
2,mongo,S,wide,bus,84,104963,11095
2,mongo,S,wide,bus,85,112906,11095
2,mongo,S,wide,bus,86,99917,11095
2,mongo,S,wide,bus,87,96816,11095
2,mongo,S,wide,bus,88,92105,11095
2,mongo,S,wide,bus,89,104512,11095
2,mongo,S,wide,bus,90,92666,11095
2,mongo,S,wide,bus,91,226797,11095
2,mongo,S,wide,bus,92,105076,11095
2,mongo,S,wide,bus,93,112092,11095
2,mongo,S,wide,bus,94,91053,11095
2,mongo,S,wide,bus,95,89407,11095
2,mongo,S,wide,bus,96,82095,11095
2,mongo,S,wide,bus,97,110060,11095
2,mongo,S,wide,bus,98,92991,11095
2,mongo,S,wide,bus,99,88197,11095
2,mongo,S,wide,bus,100,85533,11095
2,mongo,S,wide,bus,101,92257,11095
2,mongo,S,wide,bus,102,92959,11095
2,mongo,S,wide,bus,103,113535,11095
2,mongo,S,wide,bus,104,98935,11095
2,mongo,S,wide,bus,105,94957,11095
2,mongo,S,wide,bus,106,90978,11095
2,mongo,S,wide,bus,107,84028,11095
2,mongo,S,wide,bus,108,84353,11095
2,mongo,S,wide,bus,109,80834,11095
2,mongo,S,wide,bus,110,83744,11095
2,mongo,S,wide,bus,111,82833,11095
2,mongo,S,wide,bus,112,91438,11095
2,mongo,S,wide,bus,113,85073,11095
2,mongo,S,wide,bus,114,88519,11095
2,mongo,S,wide,bus,115,87187,11095
2,mongo,S,wide,bus,116,83886,11095
2,mongo,S,wide,bus,117,89175,11095
2,mongo,S,wide,bus,118,80284,11095
2,mongo,S,wide,bus,119,89732,11095
2,mongo,S,wide,bus,120,87428,11095
2,mongo,S,wide,bus,121,84639,11095
2,mongo,S,wide,bus,122,83824,11095
2,mongo,S,wide,bus,123,86899,11095
2,mongo,S,wide,bus,124,88967,11095
2,mongo,S,wide,bus,125,82040,11095
2,mongo,S,wide,bus,126,86470,11095
2,mongo,S,wide,bus,127,89294,11095
2,mongo,S,wide,bus,128,96792,11095
2,mongo,S,wide,bus,129,81102,11095
2,mongo,S,wide,bus,130,85288,11095
2,mongo,S,wide,bus,131,88503,11095
2,mongo,S,wide,bus,132,93879,11095
2,mongo,S,wide,bus,133,101888,11095
2,mongo,S,wide,bus,134,85837,11095
2,mongo,S,wide,bus,135,88145,11095
2,mongo,S,wide,bus,136,87820,11095
2,mongo,S,wide,bus,137,84998,11095
2,mongo,S,wide,bus,138,89247,11095
2,mongo,S,wide,bus,139,89496,11095
2,mongo,S,wide,bus,140,92112,11095
2,mongo,S,wide,bus,141,86848,11095
2,mongo,S,wide,bus,142,81839,11095
2,mongo,S,wide,bus,143,86769,11095
2,mongo,S,wide,bus,144,98053,11095
2,mongo,S,wide,bus,145,101905,11095
2,mongo,S,wide,bus,146,95979,11095
2,mongo,S,wide,bus,147,95521,11095
2,mongo,S,wide,bus,148,101948,11095
2,mongo,S,wide,bus,149,105186,11095
2,mongo,S,wide,bus,150,106424,11095
2,mongo,S,wide,bus,151,93232,11095
2,mongo,S,wide,bus,152,94824,11095
2,mongo,S,wide,bus,153,89511,11095
2,mongo,S,wide,bus,154,89907,11095
2,mongo,S,wide,bus,155,93768,11095
2,mongo,S,wide,bus,156,85525,11095
2,mongo,S,wide,bus,157,97353,11095
2,mongo,S,wide,bus,158,102978,11095
2,mongo,S,wide,bus,159,94053,11095
2,mongo,S,wide,bus,160,95449,11095
2,mongo,S,wide,bus,161,86318,11095
2,mongo,S,wide,bus,162,93260,11095
2,mongo,S,wide,bus,163,90105,11095
2,mongo,S,wide,bus,164,96569,11095
2,mongo,S,wide,bus,165,89693,11095
2,mongo,S,wide,bus,166,104921,11095
2,mongo,S,wide,bus,167,100247,11095
2,mongo,S,wide,bus,168,88626,11095
2,mongo,S,wide,bus,169,82853,11095
2,mongo,S,wide,bus,170,85871,11095
2,mongo,S,wide,bus,171,87272,11095
2,mongo,S,wide,bus,172,94610,11095
2,mongo,S,wide,bus,173,91276,11095
2,mongo,S,wide,bus,174,84484,11095
2,mongo,S,wide,bus,175,81144,11095
2,mongo,S,wide,bus,176,87844,11095
2,mongo,S,wide,bus,177,82285,11095
2,mongo,S,wide,bus,178,84291,11095
2,mongo,S,wide,bus,179,96558,11095
2,mongo,S,wide,bus,180,88113,11095
2,mongo,S,wide,bus,181,81511,11095
2,mongo,S,wide,bus,182,87613,11095
2,mongo,S,wide,bus,183,83623,11095
2,mongo,S,wide,bus,184,81848,11095
2,mongo,S,wide,bus,185,85477,11095
2,mongo,S,wide,bus,186,82862,11095
2,mongo,S,wide,bus,187,86951,11095
2,mongo,S,wide,bus,188,102216,11095
2,mongo,S,wide,bus,189,84680,11095
2,mongo,S,wide,bus,190,94719,11095
2,mongo,S,wide,bus,191,91504,11095
2,mongo,S,wide,bus,192,84398,11095
2,mongo,S,wide,bus,193,83207,11095
2,mongo,S,wide,bus,194,83421,11095
2,mongo,S,wide,bus,195,87671,11095
2,mongo,S,wide,bus,196,89913,11095
2,mongo,S,wide,bus,197,77054,11095
2,mongo,S,wide,bus,198,81678,11095
2,mongo,S,wide,bus,199,79955,11095
2,mongo,U,narrow,both,0,11762,684
2,mongo,U,narrow,both,1,9765,684
2,mongo,U,narrow,both,2,7427,684
2,mongo,U,narrow,both,3,9143,684
2,mongo,U,narrow,both,4,8060,684
2,mongo,U,narrow,both,5,8667,684
2,mongo,U,narrow,both,6,8442,684
2,mongo,U,narrow,both,7,8252,684
2,mongo,U,narrow,both,8,8840,684
2,mongo,U,narrow,both,9,7872,684
2,mongo,U,narrow,both,10,7541,684
2,mongo,U,narrow,both,11,7598,684
2,mongo,U,narrow,both,12,9125,684
2,mongo,U,narrow,both,13,7940,684
2,mongo,U,narrow,both,14,7809,684
2,mongo,U,narrow,both,15,8963,684
2,mongo,U,narrow,both,16,10512,684
2,mongo,U,narrow,both,17,8139,684
2,mongo,U,narrow,both,18,7622,684
2,mongo,U,narrow,both,19,7655,684
2,mongo,U,narrow,both,20,8715,684
2,mongo,U,narrow,both,21,8939,684
2,mongo,U,narrow,both,22,9793,684
2,mongo,U,narrow,both,23,8055,684
2,mongo,U,narrow,both,24,9216,684
2,mongo,U,narrow,both,25,8724,684
2,mongo,U,narrow,both,26,8443,684
2,mongo,U,narrow,both,27,7466,684
2,mongo,U,narrow,both,28,7970,684
2,mongo,U,narrow,both,29,8873,684
2,mongo,U,narrow,both,30,9251,684
2,mongo,U,narrow,both,31,8783,684
2,mongo,U,narrow,both,32,8035,684
2,mongo,U,narrow,both,33,8645,684
2,mongo,U,narrow,both,34,9664,684
2,mongo,U,narrow,both,35,8775,684
2,mongo,U,narrow,both,36,12652,684
2,mongo,U,narrow,both,37,7719,684
2,mongo,U,narrow,both,38,10931,684
2,mongo,U,narrow,both,39,8390,684
2,mongo,U,narrow,both,40,8174,684
2,mongo,U,narrow,both,41,8292,684
2,mongo,U,narrow,both,42,7757,684
2,mongo,U,narrow,both,43,10039,684
2,mongo,U,narrow,both,44,8958,684
2,mongo,U,narrow,both,45,9627,684
2,mongo,U,narrow,both,46,9110,684
2,mongo,U,narrow,both,47,8202,684
2,mongo,U,narrow,both,48,8970,684
2,mongo,U,narrow,both,49,9737,684
2,mongo,U,narrow,both,50,7969,684
2,mongo,U,narrow,both,51,10554,684
2,mongo,U,narrow,both,52,8873,684
2,mongo,U,narrow,both,53,9257,684
2,mongo,U,narrow,both,54,7516,684
2,mongo,U,narrow,both,55,8963,684
2,mongo,U,narrow,both,56,9102,684
2,mongo,U,narrow,both,57,7969,684
2,mongo,U,narrow,both,58,7835,684
2,mongo,U,narrow,both,59,8164,684
2,mongo,U,narrow,both,60,9130,684
2,mongo,U,narrow,both,61,9369,684
2,mongo,U,narrow,both,62,7894,684
2,mongo,U,narrow,both,63,8124,684
2,mongo,U,narrow,both,64,8722,684
2,mongo,U,narrow,both,65,8504,684
2,mongo,U,narrow,both,66,9323,684
2,mongo,U,narrow,both,67,7480,684
2,mongo,U,narrow,both,68,8270,684
2,mongo,U,narrow,both,69,8850,684
2,mongo,U,narrow,both,70,9446,684
2,mongo,U,narrow,both,71,8017,684
2,mongo,U,narrow,both,72,11992,684
2,mongo,U,narrow,both,73,8499,684
2,mongo,U,narrow,both,74,8160,684
2,mongo,U,narrow,both,75,9007,684
2,mongo,U,narrow,both,76,9253,684
2,mongo,U,narrow,both,77,8443,684
2,mongo,U,narrow,both,78,8628,684
2,mongo,U,narrow,both,79,7865,684
2,mongo,U,narrow,both,80,9102,684
2,mongo,U,narrow,both,81,8402,684
2,mongo,U,narrow,both,82,8785,684
2,mongo,U,narrow,both,83,8716,684
2,mongo,U,narrow,both,84,8483,684
2,mongo,U,narrow,both,85,9271,684
2,mongo,U,narrow,both,86,9121,684
2,mongo,U,narrow,both,87,16181,684
2,mongo,U,narrow,both,88,11641,684
2,mongo,U,narrow,both,89,12368,684
2,mongo,U,narrow,both,90,9263,684
2,mongo,U,narrow,both,91,11401,684
2,mongo,U,narrow,both,92,11709,684
2,mongo,U,narrow,both,93,10462,684
2,mongo,U,narrow,both,94,11443,684
2,mongo,U,narrow,both,95,10199,684
2,mongo,U,narrow,both,96,11162,684
2,mongo,U,narrow,both,97,11275,684
2,mongo,U,narrow,both,98,11934,684
2,mongo,U,narrow,both,99,9865,684
2,mongo,U,narrow,both,100,11455,684
2,mongo,U,narrow,both,101,12224,684
2,mongo,U,narrow,both,102,13806,684
2,mongo,U,narrow,both,103,14611,684
2,mongo,U,narrow,both,104,12110,684
2,mongo,U,narrow,both,105,10943,684
2,mongo,U,narrow,both,106,9948,684
2,mongo,U,narrow,both,107,11620,684
2,mongo,U,narrow,both,108,9888,684
2,mongo,U,narrow,both,109,9918,684
2,mongo,U,narrow,both,110,14601,684
2,mongo,U,narrow,both,111,15543,684
2,mongo,U,narrow,both,112,10620,684
2,mongo,U,narrow,both,113,9947,684
2,mongo,U,narrow,both,114,9029,684
2,mongo,U,narrow,both,115,10427,684
2,mongo,U,narrow,both,116,10593,684
2,mongo,U,narrow,both,117,7517,684
2,mongo,U,narrow,both,118,10950,684
2,mongo,U,narrow,both,119,9151,684
2,mongo,U,narrow,both,120,10420,684
2,mongo,U,narrow,both,121,9524,684
2,mongo,U,narrow,both,122,8602,684
2,mongo,U,narrow,both,123,11825,684
2,mongo,U,narrow,both,124,11062,684
2,mongo,U,narrow,both,125,10329,684
2,mongo,U,narrow,both,126,9368,684
2,mongo,U,narrow,both,127,10121,684
2,mongo,U,narrow,both,128,9348,684
2,mongo,U,narrow,both,129,10024,684
2,mongo,U,narrow,both,130,11459,684
2,mongo,U,narrow,both,131,11543,684
2,mongo,U,narrow,both,132,9133,684
2,mongo,U,narrow,both,133,9444,684
2,mongo,U,narrow,both,134,9311,684
2,mongo,U,narrow,both,135,9833,684
2,mongo,U,narrow,both,136,10853,684
2,mongo,U,narrow,both,137,12228,684
2,mongo,U,narrow,both,138,10407,684
2,mongo,U,narrow,both,139,10244,684
2,mongo,U,narrow,both,140,9659,684
2,mongo,U,narrow,both,141,12342,684
2,mongo,U,narrow,both,142,9425,684
2,mongo,U,narrow,both,143,11299,684
2,mongo,U,narrow,both,144,13086,684
2,mongo,U,narrow,both,145,10416,684
2,mongo,U,narrow,both,146,9393,684
2,mongo,U,narrow,both,147,8577,684
2,mongo,U,narrow,both,148,7141,684
2,mongo,U,narrow,both,149,9379,684
2,mongo,U,narrow,both,150,9068,684
2,mongo,U,narrow,both,151,9198,684
2,mongo,U,narrow,both,152,8193,684
2,mongo,U,narrow,both,153,10680,684
2,mongo,U,narrow,both,154,7785,684
2,mongo,U,narrow,both,155,8790,684
2,mongo,U,narrow,both,156,8418,684
2,mongo,U,narrow,both,157,10821,684
2,mongo,U,narrow,both,158,7538,684
2,mongo,U,narrow,both,159,8201,684
2,mongo,U,narrow,both,160,8179,684
2,mongo,U,narrow,both,161,9471,684
2,mongo,U,narrow,both,162,7645,684
2,mongo,U,narrow,both,163,8215,684
2,mongo,U,narrow,both,164,7513,684
2,mongo,U,narrow,both,165,7593,684
2,mongo,U,narrow,both,166,8706,684
2,mongo,U,narrow,both,167,9431,684
2,mongo,U,narrow,both,168,8050,684
2,mongo,U,narrow,both,169,8164,684
2,mongo,U,narrow,both,170,10481,684
2,mongo,U,narrow,both,171,8524,684
2,mongo,U,narrow,both,172,8731,684
2,mongo,U,narrow,both,173,8903,684
2,mongo,U,narrow,both,174,9159,684
2,mongo,U,narrow,both,175,7857,684
2,mongo,U,narrow,both,176,8349,684
2,mongo,U,narrow,both,177,7825,684
2,mongo,U,narrow,both,178,10168,684
2,mongo,U,narrow,both,179,11741,684
2,mongo,U,narrow,both,180,13253,684
2,mongo,U,narrow,both,181,12764,684
2,mongo,U,narrow,both,182,13905,684
2,mongo,U,narrow,both,183,9382,684
2,mongo,U,narrow,both,184,8412,684
2,mongo,U,narrow,both,185,8864,684
2,mongo,U,narrow,both,186,8460,684
2,mongo,U,narrow,both,187,10057,684
2,mongo,U,narrow,both,188,9117,684
2,mongo,U,narrow,both,189,9188,684
2,mongo,U,narrow,both,190,10057,684
2,mongo,U,narrow,both,191,8921,684
2,mongo,U,narrow,both,192,8530,684
2,mongo,U,narrow,both,193,9931,684
2,mongo,U,narrow,both,194,9101,684
2,mongo,U,narrow,both,195,9467,684
2,mongo,U,narrow,both,196,9211,684
2,mongo,U,narrow,both,197,8244,684
2,mongo,U,narrow,both,198,8708,684
2,mongo,U,narrow,both,199,8208,684
2,pg,S,wide,bus,0,190850,11095
2,pg,S,wide,bus,1,194269,11095
2,pg,S,wide,bus,2,184565,11095
2,pg,S,wide,bus,3,196443,11095
2,pg,S,wide,bus,4,177972,11095
2,pg,S,wide,bus,5,241209,11095
2,pg,S,wide,bus,6,180366,11095
2,pg,S,wide,bus,7,180898,11095
2,pg,S,wide,bus,8,184998,11095
2,pg,S,wide,bus,9,185116,11095
2,pg,S,wide,bus,10,181719,11095
2,pg,S,wide,bus,11,188901,11095
2,pg,S,wide,bus,12,210820,11095
2,pg,S,wide,bus,13,184920,11095
2,pg,S,wide,bus,14,209650,11095
2,pg,S,wide,bus,15,182296,11095
2,pg,S,wide,bus,16,180226,11095
2,pg,S,wide,bus,17,179577,11095
2,pg,S,wide,bus,18,179652,11095
2,pg,S,wide,bus,19,181068,11095
2,pg,S,wide,bus,20,218195,11095
2,pg,S,wide,bus,21,180319,11095
2,pg,S,wide,bus,22,178211,11095
2,pg,S,wide,bus,23,258510,11095
2,pg,S,wide,bus,24,276928,11095
2,pg,S,wide,bus,25,208018,11095
2,pg,S,wide,bus,26,182585,11095
2,pg,S,wide,bus,27,188449,11095
2,pg,S,wide,bus,28,235567,11095
2,pg,S,wide,bus,29,253173,11095
2,pg,S,wide,bus,30,261044,11095
2,pg,S,wide,bus,31,214809,11095
2,pg,S,wide,bus,32,213999,11095
2,pg,S,wide,bus,33,179533,11095
2,pg,S,wide,bus,34,181051,11095
2,pg,S,wide,bus,35,192348,11095
2,pg,S,wide,bus,36,185754,11095
2,pg,S,wide,bus,37,186192,11095
2,pg,S,wide,bus,38,182728,11095
2,pg,S,wide,bus,39,190168,11095
2,pg,S,wide,bus,40,190584,11095
2,pg,S,wide,bus,41,189446,11095
2,pg,S,wide,bus,42,189308,11095
2,pg,S,wide,bus,43,216854,11095
2,pg,S,wide,bus,44,222046,11095
2,pg,S,wide,bus,45,176520,11095
2,pg,S,wide,bus,46,174095,11095
2,pg,S,wide,bus,47,215313,11095
2,pg,S,wide,bus,48,209009,11095
2,pg,S,wide,bus,49,173314,11095
2,pg,S,wide,bus,50,193420,11095
2,pg,S,wide,bus,51,245612,11095
2,pg,S,wide,bus,52,209177,11095
2,pg,S,wide,bus,53,213017,11095
2,pg,S,wide,bus,54,179202,11095
2,pg,S,wide,bus,55,184659,11095
2,pg,S,wide,bus,56,209270,11095
2,pg,S,wide,bus,57,262895,11095
2,pg,S,wide,bus,58,181850,11095
2,pg,S,wide,bus,59,175771,11095
2,pg,S,wide,bus,60,191642,11095
2,pg,S,wide,bus,61,183683,11095
2,pg,S,wide,bus,62,178824,11095
2,pg,S,wide,bus,63,214052,11095
2,pg,S,wide,bus,64,183051,11095
2,pg,S,wide,bus,65,182457,11095
2,pg,S,wide,bus,66,189270,11095
2,pg,S,wide,bus,67,183264,11095
2,pg,S,wide,bus,68,222203,11095
2,pg,S,wide,bus,69,183073,11095
2,pg,S,wide,bus,70,181716,11095
2,pg,S,wide,bus,71,178098,11095
2,pg,S,wide,bus,72,212643,11095
2,pg,S,wide,bus,73,204147,11095
2,pg,S,wide,bus,74,179593,11095
2,pg,S,wide,bus,75,179525,11095
2,pg,S,wide,bus,76,216478,11095
2,pg,S,wide,bus,77,218186,11095
2,pg,S,wide,bus,78,213508,11095
2,pg,S,wide,bus,79,263375,11095
2,pg,S,wide,bus,80,262478,11095
2,pg,S,wide,bus,81,256411,11095
2,pg,S,wide,bus,82,205105,11095
2,pg,S,wide,bus,83,201399,11095
2,pg,S,wide,bus,84,201224,11095
2,pg,S,wide,bus,85,187609,11095
2,pg,S,wide,bus,86,180541,11095
2,pg,S,wide,bus,87,185345,11095
2,pg,S,wide,bus,88,178565,11095
2,pg,S,wide,bus,89,182568,11095
2,pg,S,wide,bus,90,182132,11095
2,pg,S,wide,bus,91,179002,11095
2,pg,S,wide,bus,92,185780,11095
2,pg,S,wide,bus,93,176624,11095
2,pg,S,wide,bus,94,180003,11095
2,pg,S,wide,bus,95,175790,11095
2,pg,S,wide,bus,96,230927,11095
2,pg,S,wide,bus,97,181476,11095
2,pg,S,wide,bus,98,182757,11095
2,pg,S,wide,bus,99,181215,11095
2,pg,S,wide,bus,100,174238,11095
2,pg,S,wide,bus,101,188696,11095
2,pg,S,wide,bus,102,196232,11095
2,pg,S,wide,bus,103,191566,11095
2,pg,S,wide,bus,104,175380,11095
2,pg,S,wide,bus,105,182382,11095
2,pg,S,wide,bus,106,173298,11095
2,pg,S,wide,bus,107,170455,11095
2,pg,S,wide,bus,108,227826,11095
2,pg,S,wide,bus,109,197471,11095
2,pg,S,wide,bus,110,197164,11095
2,pg,S,wide,bus,111,240295,11095
2,pg,S,wide,bus,112,253343,11095
2,pg,S,wide,bus,113,237881,11095
2,pg,S,wide,bus,114,213620,11095
2,pg,S,wide,bus,115,179871,11095
2,pg,S,wide,bus,116,179238,11095
2,pg,S,wide,bus,117,186103,11095
2,pg,S,wide,bus,118,177576,11095
2,pg,S,wide,bus,119,214773,11095
2,pg,S,wide,bus,120,210806,11095
2,pg,S,wide,bus,121,181754,11095
2,pg,S,wide,bus,122,178594,11095
2,pg,S,wide,bus,123,212785,11095
2,pg,S,wide,bus,124,192514,11095
2,pg,S,wide,bus,125,193832,11095
2,pg,S,wide,bus,126,180547,11095
2,pg,S,wide,bus,127,182859,11095
2,pg,S,wide,bus,128,190709,11095
2,pg,S,wide,bus,129,180385,11095
2,pg,S,wide,bus,130,178451,11095
2,pg,S,wide,bus,131,182456,11095
2,pg,S,wide,bus,132,236120,11095
2,pg,S,wide,bus,133,195496,11095
2,pg,S,wide,bus,134,177743,11095
2,pg,S,wide,bus,135,196749,11095
2,pg,S,wide,bus,136,217983,11095
2,pg,S,wide,bus,137,212024,11095
2,pg,S,wide,bus,138,252153,11095
2,pg,S,wide,bus,139,213999,11095
2,pg,S,wide,bus,140,242411,11095
2,pg,S,wide,bus,141,230637,11095
2,pg,S,wide,bus,142,241868,11095
2,pg,S,wide,bus,143,176586,11095
2,pg,S,wide,bus,144,197320,11095
2,pg,S,wide,bus,145,183250,11095
2,pg,S,wide,bus,146,177961,11095
2,pg,S,wide,bus,147,186920,11095
2,pg,S,wide,bus,148,181673,11095
2,pg,S,wide,bus,149,187494,11095
2,pg,S,wide,bus,150,191410,11095
2,pg,S,wide,bus,151,184450,11095
2,pg,S,wide,bus,152,180639,11095
2,pg,S,wide,bus,153,217981,11095
2,pg,S,wide,bus,154,224780,11095
2,pg,S,wide,bus,155,189285,11095
2,pg,S,wide,bus,156,187533,11095
2,pg,S,wide,bus,157,187179,11095
2,pg,S,wide,bus,158,188278,11095
2,pg,S,wide,bus,159,289829,11095
2,pg,S,wide,bus,160,189005,11095
2,pg,S,wide,bus,161,194515,11095
2,pg,S,wide,bus,162,202965,11095
2,pg,S,wide,bus,163,241995,11095
2,pg,S,wide,bus,164,259888,11095
2,pg,S,wide,bus,165,220076,11095
2,pg,S,wide,bus,166,193787,11095
2,pg,S,wide,bus,167,183645,11095
2,pg,S,wide,bus,168,180359,11095
2,pg,S,wide,bus,169,176770,11095
2,pg,S,wide,bus,170,210124,11095
2,pg,S,wide,bus,171,187920,11095
2,pg,S,wide,bus,172,188838,11095
2,pg,S,wide,bus,173,182150,11095
2,pg,S,wide,bus,174,180694,11095
2,pg,S,wide,bus,175,181036,11095
2,pg,S,wide,bus,176,188831,11095
2,pg,S,wide,bus,177,221274,11095
2,pg,S,wide,bus,178,181511,11095
2,pg,S,wide,bus,179,211997,11095
2,pg,S,wide,bus,180,177144,11095
2,pg,S,wide,bus,181,177593,11095
2,pg,S,wide,bus,182,174819,11095
2,pg,S,wide,bus,183,176640,11095
2,pg,S,wide,bus,184,175461,11095
2,pg,S,wide,bus,185,177211,11095
2,pg,S,wide,bus,186,178293,11095
2,pg,S,wide,bus,187,195813,11095
2,pg,S,wide,bus,188,220699,11095
2,pg,S,wide,bus,189,216435,11095
2,pg,S,wide,bus,190,214634,11095
2,pg,S,wide,bus,191,229837,11095
2,pg,S,wide,bus,192,209596,11095
2,pg,S,wide,bus,193,256102,11095
2,pg,S,wide,bus,194,212011,11095
2,pg,S,wide,bus,195,203851,11095
2,pg,S,wide,bus,196,190177,11095
2,pg,S,wide,bus,197,178229,11095
2,pg,S,wide,bus,198,220317,11095
2,pg,S,wide,bus,199,215417,11095
2,mongo,S,medium,bus,0,62268,6214
2,mongo,S,medium,bus,1,51505,6214
2,mongo,S,medium,bus,2,48509,6214
2,mongo,S,medium,bus,3,50159,6214
2,mongo,S,medium,bus,4,47145,6214
2,mongo,S,medium,bus,5,49881,6214
2,mongo,S,medium,bus,6,48112,6214
2,mongo,S,medium,bus,7,50396,6214
2,mongo,S,medium,bus,8,49084,6214
2,mongo,S,medium,bus,9,48729,6214
2,mongo,S,medium,bus,10,54792,6214
2,mongo,S,medium,bus,11,50131,6214
2,mongo,S,medium,bus,12,50084,6214
2,mongo,S,medium,bus,13,50888,6214
2,mongo,S,medium,bus,14,49105,6214
2,mongo,S,medium,bus,15,52437,6214
2,mongo,S,medium,bus,16,52772,6214
2,mongo,S,medium,bus,17,48605,6214
2,mongo,S,medium,bus,18,47331,6214
2,mongo,S,medium,bus,19,50648,6214
2,mongo,S,medium,bus,20,55322,6214
2,mongo,S,medium,bus,21,48361,6214
2,mongo,S,medium,bus,22,48264,6214
2,mongo,S,medium,bus,23,49506,6214
2,mongo,S,medium,bus,24,49367,6214
2,mongo,S,medium,bus,25,56067,6214
2,mongo,S,medium,bus,26,49711,6214
2,mongo,S,medium,bus,27,48734,6214
2,mongo,S,medium,bus,28,63412,6214
2,mongo,S,medium,bus,29,53005,6214
2,mongo,S,medium,bus,30,57140,6214
2,mongo,S,medium,bus,31,51748,6214
2,mongo,S,medium,bus,32,51429,6214
2,mongo,S,medium,bus,33,48206,6214
2,mongo,S,medium,bus,34,51421,6214
2,mongo,S,medium,bus,35,51060,6214
2,mongo,S,medium,bus,36,51447,6214
2,mongo,S,medium,bus,37,51324,6214
2,mongo,S,medium,bus,38,47374,6214
2,mongo,S,medium,bus,39,46631,6214
2,mongo,S,medium,bus,40,52348,6214
2,mongo,S,medium,bus,41,47184,6214
2,mongo,S,medium,bus,42,45833,6214
2,mongo,S,medium,bus,43,49551,6214
2,mongo,S,medium,bus,44,52230,6214
2,mongo,S,medium,bus,45,57801,6214
2,mongo,S,medium,bus,46,46804,6214
2,mongo,S,medium,bus,47,47810,6214
2,mongo,S,medium,bus,48,46761,6214
2,mongo,S,medium,bus,49,50690,6214
2,mongo,S,medium,bus,50,53195,6214
2,mongo,S,medium,bus,51,47338,6214
2,mongo,S,medium,bus,52,51398,6214
2,mongo,S,medium,bus,53,45972,6214
2,mongo,S,medium,bus,54,45179,6214
2,mongo,S,medium,bus,55,48619,6214
2,mongo,S,medium,bus,56,48253,6214
2,mongo,S,medium,bus,57,49981,6214
2,mongo,S,medium,bus,58,50115,6214
2,mongo,S,medium,bus,59,49870,6214
2,mongo,S,medium,bus,60,54694,6214
2,mongo,S,medium,bus,61,49750,6214
2,mongo,S,medium,bus,62,49710,6214
2,mongo,S,medium,bus,63,47042,6214
2,mongo,S,medium,bus,64,47389,6214
2,mongo,S,medium,bus,65,48908,6214
2,mongo,S,medium,bus,66,47862,6214
2,mongo,S,medium,bus,67,49828,6214
2,mongo,S,medium,bus,68,48305,6214
2,mongo,S,medium,bus,69,61971,6214
2,mongo,S,medium,bus,70,50466,6214
2,mongo,S,medium,bus,71,47557,6214
2,mongo,S,medium,bus,72,47784,6214
2,mongo,S,medium,bus,73,47961,6214
2,mongo,S,medium,bus,74,53100,6214
2,mongo,S,medium,bus,75,70649,6214
2,mongo,S,medium,bus,76,59662,6214
2,mongo,S,medium,bus,77,63983,6214
2,mongo,S,medium,bus,78,62192,6214
2,mongo,S,medium,bus,79,56784,6214
2,mongo,S,medium,bus,80,64544,6214
2,mongo,S,medium,bus,81,67402,6214
2,mongo,S,medium,bus,82,63478,6214
2,mongo,S,medium,bus,83,60826,6214
2,mongo,S,medium,bus,84,64068,6214
2,mongo,S,medium,bus,85,62192,6214
2,mongo,S,medium,bus,86,65675,6214
2,mongo,S,medium,bus,87,57538,6214
2,mongo,S,medium,bus,88,52251,6214
2,mongo,S,medium,bus,89,55578,6214
2,mongo,S,medium,bus,90,52452,6214
2,mongo,S,medium,bus,91,49562,6214
2,mongo,S,medium,bus,92,49328,6214
2,mongo,S,medium,bus,93,50101,6214
2,mongo,S,medium,bus,94,49732,6214
2,mongo,S,medium,bus,95,50452,6214
2,mongo,S,medium,bus,96,51164,6214
2,mongo,S,medium,bus,97,48088,6214
2,mongo,S,medium,bus,98,49016,6214
2,mongo,S,medium,bus,99,49478,6214
2,mongo,S,medium,bus,100,51093,6214
2,mongo,S,medium,bus,101,49523,6214
2,mongo,S,medium,bus,102,49190,6214
2,mongo,S,medium,bus,103,49276,6214
2,mongo,S,medium,bus,104,46668,6214
2,mongo,S,medium,bus,105,46553,6214
2,mongo,S,medium,bus,106,49269,6214
2,mongo,S,medium,bus,107,62575,6214
2,mongo,S,medium,bus,108,48651,6214
2,mongo,S,medium,bus,109,48577,6214
2,mongo,S,medium,bus,110,50633,6214
2,mongo,S,medium,bus,111,45759,6214
2,mongo,S,medium,bus,112,51426,6214
2,mongo,S,medium,bus,113,50750,6214
2,mongo,S,medium,bus,114,48767,6214
2,mongo,S,medium,bus,115,48514,6214
2,mongo,S,medium,bus,116,47493,6214
2,mongo,S,medium,bus,117,45459,6214
2,mongo,S,medium,bus,118,50087,6214
2,mongo,S,medium,bus,119,49411,6214
2,mongo,S,medium,bus,120,48977,6214
2,mongo,S,medium,bus,121,53236,6214
2,mongo,S,medium,bus,122,50278,6214
2,mongo,S,medium,bus,123,58988,6214
2,mongo,S,medium,bus,124,53377,6214
2,mongo,S,medium,bus,125,51667,6214
2,mongo,S,medium,bus,126,53456,6214
2,mongo,S,medium,bus,127,50335,6214
2,mongo,S,medium,bus,128,48626,6214
2,mongo,S,medium,bus,129,51688,6214
2,mongo,S,medium,bus,130,51913,6214
2,mongo,S,medium,bus,131,49870,6214
2,mongo,S,medium,bus,132,48252,6214
2,mongo,S,medium,bus,133,52073,6214
2,mongo,S,medium,bus,134,49033,6214
2,mongo,S,medium,bus,135,48179,6214
2,mongo,S,medium,bus,136,49090,6214
2,mongo,S,medium,bus,137,51397,6214
2,mongo,S,medium,bus,138,51768,6214
2,mongo,S,medium,bus,139,54710,6214
2,mongo,S,medium,bus,140,51657,6214
2,mongo,S,medium,bus,141,57843,6214
2,mongo,S,medium,bus,142,49841,6214
2,mongo,S,medium,bus,143,48684,6214
2,mongo,S,medium,bus,144,48635,6214
2,mongo,S,medium,bus,145,55375,6214
2,mongo,S,medium,bus,146,52197,6214
2,mongo,S,medium,bus,147,60268,6214
2,mongo,S,medium,bus,148,54668,6214
2,mongo,S,medium,bus,149,49453,6214
2,mongo,S,medium,bus,150,52869,6214
2,mongo,S,medium,bus,151,51531,6214
2,mongo,S,medium,bus,152,47214,6214
2,mongo,S,medium,bus,153,47882,6214
2,mongo,S,medium,bus,154,45628,6214
2,mongo,S,medium,bus,155,47299,6214
2,mongo,S,medium,bus,156,48685,6214
2,mongo,S,medium,bus,157,53586,6214
2,mongo,S,medium,bus,158,49511,6214
2,mongo,S,medium,bus,159,50386,6214
2,mongo,S,medium,bus,160,54977,6214
2,mongo,S,medium,bus,161,53553,6214
2,mongo,S,medium,bus,162,52532,6214
2,mongo,S,medium,bus,163,50764,6214
2,mongo,S,medium,bus,164,48724,6214
2,mongo,S,medium,bus,165,50197,6214
2,mongo,S,medium,bus,166,48072,6214
2,mongo,S,medium,bus,167,48431,6214
2,mongo,S,medium,bus,168,48703,6214
2,mongo,S,medium,bus,169,51547,6214
2,mongo,S,medium,bus,170,51341,6214
2,mongo,S,medium,bus,171,53238,6214
2,mongo,S,medium,bus,172,53211,6214
2,mongo,S,medium,bus,173,47175,6214
2,mongo,S,medium,bus,174,47782,6214
2,mongo,S,medium,bus,175,48712,6214
2,mongo,S,medium,bus,176,46638,6214
2,mongo,S,medium,bus,177,54317,6214
2,mongo,S,medium,bus,178,49209,6214
2,mongo,S,medium,bus,179,51415,6214
2,mongo,S,medium,bus,180,56010,6214
2,mongo,S,medium,bus,181,49196,6214
2,mongo,S,medium,bus,182,48204,6214
2,mongo,S,medium,bus,183,48411,6214
2,mongo,S,medium,bus,184,59337,6214
2,mongo,S,medium,bus,185,65928,6214
2,mongo,S,medium,bus,186,56439,6214
2,mongo,S,medium,bus,187,92805,6214
2,mongo,S,medium,bus,188,68190,6214
2,mongo,S,medium,bus,189,58533,6214
2,mongo,S,medium,bus,190,60830,6214
2,mongo,S,medium,bus,191,61146,6214
2,mongo,S,medium,bus,192,62404,6214
2,mongo,S,medium,bus,193,61925,6214
2,mongo,S,medium,bus,194,66381,6214
2,mongo,S,medium,bus,195,75896,6214
2,mongo,S,medium,bus,196,52654,6214
2,mongo,S,medium,bus,197,48287,6214
2,mongo,S,medium,bus,198,50264,6214
2,mongo,S,medium,bus,199,46353,6214
2,mongo,S,medium,bike,0,19483,1434
2,mongo,S,medium,bike,1,18351,1434
2,mongo,S,medium,bike,2,16680,1434
2,mongo,S,medium,bike,3,22757,1434
2,mongo,S,medium,bike,4,19309,1434
2,mongo,S,medium,bike,5,20380,1434
2,mongo,S,medium,bike,6,16300,1434
2,mongo,S,medium,bike,7,18929,1434
2,mongo,S,medium,bike,8,15699,1434
2,mongo,S,medium,bike,9,18752,1434
2,mongo,S,medium,bike,10,15185,1434
2,mongo,S,medium,bike,11,18191,1434
2,mongo,S,medium,bike,12,16440,1434
2,mongo,S,medium,bike,13,18689,1434
2,mongo,S,medium,bike,14,20583,1434
2,mongo,S,medium,bike,15,16030,1434
2,mongo,S,medium,bike,16,19942,1434
2,mongo,S,medium,bike,17,15475,1434
2,mongo,S,medium,bike,18,18282,1434
2,mongo,S,medium,bike,19,16857,1434
2,mongo,S,medium,bike,20,18152,1434
2,mongo,S,medium,bike,21,16970,1434
2,mongo,S,medium,bike,22,16573,1434
2,mongo,S,medium,bike,23,17244,1434
2,mongo,S,medium,bike,24,17850,1434
2,mongo,S,medium,bike,25,20556,1434
2,mongo,S,medium,bike,26,16100,1434
2,mongo,S,medium,bike,27,18032,1434
2,mongo,S,medium,bike,28,17053,1434
2,mongo,S,medium,bike,29,16942,1434
2,mongo,S,medium,bike,30,17723,1434
2,mongo,S,medium,bike,31,19479,1434
2,mongo,S,medium,bike,32,18996,1434
2,mongo,S,medium,bike,33,19798,1434
2,mongo,S,medium,bike,34,18451,1434
2,mongo,S,medium,bike,35,18219,1434
2,mongo,S,medium,bike,36,15705,1434
2,mongo,S,medium,bike,37,20159,1434
2,mongo,S,medium,bike,38,16596,1434
2,mongo,S,medium,bike,39,16773,1434
2,mongo,S,medium,bike,40,15813,1434
2,mongo,S,medium,bike,41,15476,1434
2,mongo,S,medium,bike,42,17275,1434
2,mongo,S,medium,bike,43,17752,1434
2,mongo,S,medium,bike,44,16037,1434
2,mongo,S,medium,bike,45,23351,1434
2,mongo,S,medium,bike,46,19510,1434
2,mongo,S,medium,bike,47,21332,1434
2,mongo,S,medium,bike,48,18356,1434
2,mongo,S,medium,bike,49,17409,1434
2,mongo,S,medium,bike,50,19749,1434
2,mongo,S,medium,bike,51,17002,1434
2,mongo,S,medium,bike,52,17386,1434
2,mongo,S,medium,bike,53,15814,1434
2,mongo,S,medium,bike,54,18103,1434
2,mongo,S,medium,bike,55,15835,1434
2,mongo,S,medium,bike,56,19331,1434
2,mongo,S,medium,bike,57,15649,1434
2,mongo,S,medium,bike,58,20261,1434
2,mongo,S,medium,bike,59,18925,1434
2,mongo,S,medium,bike,60,15905,1434
2,mongo,S,medium,bike,61,20141,1434
2,mongo,S,medium,bike,62,15883,1434
2,mongo,S,medium,bike,63,16808,1434
2,mongo,S,medium,bike,64,19887,1434
2,mongo,S,medium,bike,65,18325,1434
2,mongo,S,medium,bike,66,17658,1434
2,mongo,S,medium,bike,67,18014,1434
2,mongo,S,medium,bike,68,18134,1434
2,mongo,S,medium,bike,69,18723,1434
2,mongo,S,medium,bike,70,15509,1434
2,mongo,S,medium,bike,71,20711,1434
2,mongo,S,medium,bike,72,20877,1434
2,mongo,S,medium,bike,73,22655,1434
2,mongo,S,medium,bike,74,22289,1434
2,mongo,S,medium,bike,75,18737,1434
2,mongo,S,medium,bike,76,17038,1434
2,mongo,S,medium,bike,77,18166,1434
2,mongo,S,medium,bike,78,19079,1434
2,mongo,S,medium,bike,79,18616,1434
2,mongo,S,medium,bike,80,18493,1434
2,mongo,S,medium,bike,81,16078,1434
2,mongo,S,medium,bike,82,18777,1434
2,mongo,S,medium,bike,83,18040,1434
2,mongo,S,medium,bike,84,17052,1434
2,mongo,S,medium,bike,85,16670,1434
2,mongo,S,medium,bike,86,19565,1434
2,mongo,S,medium,bike,87,17603,1434
2,mongo,S,medium,bike,88,18669,1434
2,mongo,S,medium,bike,89,16075,1434
2,mongo,S,medium,bike,90,17457,1434
2,mongo,S,medium,bike,91,16018,1434
2,mongo,S,medium,bike,92,15583,1434
2,mongo,S,medium,bike,93,17346,1434
2,mongo,S,medium,bike,94,15868,1434
2,mongo,S,medium,bike,95,15423,1434
2,mongo,S,medium,bike,96,18326,1434
2,mongo,S,medium,bike,97,16093,1434
2,mongo,S,medium,bike,98,16678,1434
2,mongo,S,medium,bike,99,17018,1434
2,mongo,S,medium,bike,100,18714,1434
2,mongo,S,medium,bike,101,21087,1434
2,mongo,S,medium,bike,102,21375,1434
2,mongo,S,medium,bike,103,26807,1434
2,mongo,S,medium,bike,104,18161,1434
2,mongo,S,medium,bike,105,22268,1434
2,mongo,S,medium,bike,106,22661,1434
2,mongo,S,medium,bike,107,19240,1434
2,mongo,S,medium,bike,108,18069,1434
2,mongo,S,medium,bike,109,16340,1434
2,mongo,S,medium,bike,110,15593,1434
2,mongo,S,medium,bike,111,16817,1434
2,mongo,S,medium,bike,112,19999,1434
2,mongo,S,medium,bike,113,20168,1434
2,mongo,S,medium,bike,114,19566,1434
2,mongo,S,medium,bike,115,21006,1434
2,mongo,S,medium,bike,116,16221,1434
2,mongo,S,medium,bike,117,19009,1434
2,mongo,S,medium,bike,118,16257,1434
2,mongo,S,medium,bike,119,19298,1434
2,mongo,S,medium,bike,120,16569,1434
2,mongo,S,medium,bike,121,16736,1434
2,mongo,S,medium,bike,122,17187,1434
2,mongo,S,medium,bike,123,18265,1434
2,mongo,S,medium,bike,124,17561,1434
2,mongo,S,medium,bike,125,18478,1434
2,mongo,S,medium,bike,126,17537,1434
2,mongo,S,medium,bike,127,16086,1434
2,mongo,S,medium,bike,128,16705,1434
2,mongo,S,medium,bike,129,15159,1434
2,mongo,S,medium,bike,130,17372,1434
2,mongo,S,medium,bike,131,17771,1434
2,mongo,S,medium,bike,132,15370,1434
2,mongo,S,medium,bike,133,16959,1434
2,mongo,S,medium,bike,134,16724,1434
2,mongo,S,medium,bike,135,17973,1434
2,mongo,S,medium,bike,136,17448,1434
2,mongo,S,medium,bike,137,17041,1434
2,mongo,S,medium,bike,138,17514,1434
2,mongo,S,medium,bike,139,17756,1434
2,mongo,S,medium,bike,140,16564,1434
2,mongo,S,medium,bike,141,16651,1434
2,mongo,S,medium,bike,142,18906,1434
2,mongo,S,medium,bike,143,17110,1434
2,mongo,S,medium,bike,144,18594,1434
2,mongo,S,medium,bike,145,15864,1434
2,mongo,S,medium,bike,146,18260,1434
2,mongo,S,medium,bike,147,16328,1434
2,mongo,S,medium,bike,148,17470,1434
2,mongo,S,medium,bike,149,16145,1434
2,mongo,S,medium,bike,150,16004,1434
2,mongo,S,medium,bike,151,18320,1434
2,mongo,S,medium,bike,152,15521,1434
2,mongo,S,medium,bike,153,17761,1434
2,mongo,S,medium,bike,154,16889,1434
2,mongo,S,medium,bike,155,18381,1434
2,mongo,S,medium,bike,156,15605,1434
2,mongo,S,medium,bike,157,19632,1434
2,mongo,S,medium,bike,158,19128,1434
2,mongo,S,medium,bike,159,20932,1434
2,mongo,S,medium,bike,160,16039,1434
2,mongo,S,medium,bike,161,19261,1434
2,mongo,S,medium,bike,162,16522,1434
2,mongo,S,medium,bike,163,15754,1434
2,mongo,S,medium,bike,164,18222,1434
2,mongo,S,medium,bike,165,17513,1434
2,mongo,S,medium,bike,166,17519,1434
2,mongo,S,medium,bike,167,15548,1434
2,mongo,S,medium,bike,168,18226,1434
2,mongo,S,medium,bike,169,16850,1434
2,mongo,S,medium,bike,170,19625,1434
2,mongo,S,medium,bike,171,16704,1434
2,mongo,S,medium,bike,172,22640,1434
2,mongo,S,medium,bike,173,19852,1434
2,mongo,S,medium,bike,174,17344,1434
2,mongo,S,medium,bike,175,15481,1434
2,mongo,S,medium,bike,176,16309,1434
2,mongo,S,medium,bike,177,17623,1434
2,mongo,S,medium,bike,178,18519,1434
2,mongo,S,medium,bike,179,19722,1434
2,mongo,S,medium,bike,180,19940,1434
2,mongo,S,medium,bike,181,15694,1434
2,mongo,S,medium,bike,182,17958,1434
2,mongo,S,medium,bike,183,15996,1434
2,mongo,S,medium,bike,184,16525,1434
2,mongo,S,medium,bike,185,17971,1434
2,mongo,S,medium,bike,186,16953,1434
2,mongo,S,medium,bike,187,19179,1434
2,mongo,S,medium,bike,188,19969,1434
2,mongo,S,medium,bike,189,20897,1434
2,mongo,S,medium,bike,190,20311,1434
2,mongo,S,medium,bike,191,16263,1434
2,mongo,S,medium,bike,192,17800,1434
2,mongo,S,medium,bike,193,15223,1434
2,mongo,S,medium,bike,194,15492,1434
2,mongo,S,medium,bike,195,18585,1434
2,mongo,S,medium,bike,196,18960,1434
2,mongo,S,medium,bike,197,17161,1434
2,mongo,S,medium,bike,198,18637,1434
2,mongo,S,medium,bike,199,17029,1434
2,pg,U,single,,0,4869,1
2,pg,U,single,,1,1074,1
2,pg,U,single,,2,838,1
2,pg,U,single,,3,1915,1
2,pg,U,single,,4,964,1
2,pg,U,single,,5,835,1
2,pg,U,single,,6,906,1
2,pg,U,single,,7,800,1
2,pg,U,single,,8,942,1
2,pg,U,single,,9,2118,1
2,pg,U,single,,10,1028,1
2,pg,U,single,,11,843,1
2,pg,U,single,,12,846,1
2,pg,U,single,,13,886,1
2,pg,U,single,,14,810,1
2,pg,U,single,,15,811,1
2,pg,U,single,,16,1627,1
2,pg,U,single,,17,1084,1
2,pg,U,single,,18,844,1
2,pg,U,single,,19,1113,1
2,pg,U,single,,20,869,1
2,pg,U,single,,21,820,1
2,pg,U,single,,22,1672,1
2,pg,U,single,,23,1297,1
2,pg,U,single,,24,852,1
2,pg,U,single,,25,742,1
2,pg,U,single,,26,729,1
2,pg,U,single,,27,804,1
2,pg,U,single,,28,848,1
2,pg,U,single,,29,1186,1
2,pg,U,single,,30,1085,1
2,pg,U,single,,31,886,1
2,pg,U,single,,32,772,1
2,pg,U,single,,33,829,1
2,pg,U,single,,34,828,1
2,pg,U,single,,35,869,1
2,pg,U,single,,36,860,1
2,pg,U,single,,37,868,1
2,pg,U,single,,38,995,1
2,pg,U,single,,39,997,1
2,pg,U,single,,40,811,1
2,pg,U,single,,41,1016,1
2,pg,U,single,,42,1005,1
2,pg,U,single,,43,722,1
2,pg,U,single,,44,712,1
2,pg,U,single,,45,868,1
2,pg,U,single,,46,1805,1
2,pg,U,single,,47,1002,1
2,pg,U,single,,48,800,1
2,pg,U,single,,49,809,1
2,pg,U,single,,50,679,1
2,pg,U,single,,51,710,1
2,pg,U,single,,52,1459,1
2,pg,U,single,,53,933,1
2,pg,U,single,,54,770,1
2,pg,U,single,,55,814,1
2,pg,U,single,,56,777,1
2,pg,U,single,,57,748,1
2,pg,U,single,,58,798,1
2,pg,U,single,,59,816,1
2,pg,U,single,,60,1881,1
2,pg,U,single,,61,855,1
2,pg,U,single,,62,864,1
2,pg,U,single,,63,862,1
2,pg,U,single,,64,863,1
2,pg,U,single,,65,1014,1
2,pg,U,single,,66,904,1
2,pg,U,single,,67,839,1
2,pg,U,single,,68,870,1
2,pg,U,single,,69,927,1
2,pg,U,single,,70,800,1
2,pg,U,single,,71,706,1
2,pg,U,single,,72,714,1
2,pg,U,single,,73,680,1
2,pg,U,single,,74,752,1
2,pg,U,single,,75,798,1
2,pg,U,single,,76,748,1
2,pg,U,single,,77,1807,1
2,pg,U,single,,78,856,1
2,pg,U,single,,79,766,1
2,pg,U,single,,80,802,1
2,pg,U,single,,81,803,1
2,pg,U,single,,82,739,1
2,pg,U,single,,83,935,1
2,pg,U,single,,84,1357,1
2,pg,U,single,,85,706,1
2,pg,U,single,,86,708,1
2,pg,U,single,,87,902,1
2,pg,U,single,,88,800,1
2,pg,U,single,,89,899,1
2,pg,U,single,,90,1320,1
2,pg,U,single,,91,1034,1
2,pg,U,single,,92,735,1
2,pg,U,single,,93,774,1
2,pg,U,single,,94,847,1
2,pg,U,single,,95,750,1
2,pg,U,single,,96,839,1
2,pg,U,single,,97,845,1
2,pg,U,single,,98,1742,1
2,pg,U,single,,99,886,1
2,pg,U,single,,100,739,1
2,pg,U,single,,101,659,1
2,pg,U,single,,102,719,1
2,pg,U,single,,103,676,1
2,pg,U,single,,104,613,1
2,pg,U,single,,105,739,1
2,pg,U,single,,106,1432,1
2,pg,U,single,,107,1029,1
2,pg,U,single,,108,784,1
2,pg,U,single,,109,796,1
2,pg,U,single,,110,763,1
2,pg,U,single,,111,726,1
2,pg,U,single,,112,734,1
2,pg,U,single,,113,757,1
2,pg,U,single,,114,1497,1
2,pg,U,single,,115,897,1
2,pg,U,single,,116,786,1
2,pg,U,single,,117,772,1
2,pg,U,single,,118,674,1
2,pg,U,single,,119,825,1
2,pg,U,single,,120,795,1
2,pg,U,single,,121,731,1
2,pg,U,single,,122,1473,1
2,pg,U,single,,123,1077,1
2,pg,U,single,,124,750,1
2,pg,U,single,,125,850,1
2,pg,U,single,,126,724,1
2,pg,U,single,,127,732,1
2,pg,U,single,,128,772,1
2,pg,U,single,,129,711,1
2,pg,U,single,,130,1644,1
2,pg,U,single,,131,1021,1
2,pg,U,single,,132,837,1
2,pg,U,single,,133,730,1
2,pg,U,single,,134,847,1
2,pg,U,single,,135,877,1
2,pg,U,single,,136,954,1
2,pg,U,single,,137,1038,1
2,pg,U,single,,138,1299,1
2,pg,U,single,,139,958,1
2,pg,U,single,,140,879,1
2,pg,U,single,,141,695,1
2,pg,U,single,,142,910,1
2,pg,U,single,,143,854,1
2,pg,U,single,,144,1879,1
2,pg,U,single,,145,1042,1
2,pg,U,single,,146,854,1
2,pg,U,single,,147,905,1
2,pg,U,single,,148,910,1
2,pg,U,single,,149,942,1
2,pg,U,single,,150,2093,1
2,pg,U,single,,151,995,1
2,pg,U,single,,152,865,1
2,pg,U,single,,153,828,1
2,pg,U,single,,154,1040,1
2,pg,U,single,,155,908,1
2,pg,U,single,,156,806,1
2,pg,U,single,,157,780,1
2,pg,U,single,,158,957,1
2,pg,U,single,,159,936,1
2,pg,U,single,,160,1056,1
2,pg,U,single,,161,775,1
2,pg,U,single,,162,666,1
2,pg,U,single,,163,962,1
2,pg,U,single,,164,814,1
2,pg,U,single,,165,1196,1
2,pg,U,single,,166,1464,1
2,pg,U,single,,167,848,1
2,pg,U,single,,168,921,1
2,pg,U,single,,169,1192,1
2,pg,U,single,,170,891,1
2,pg,U,single,,171,955,1
2,pg,U,single,,172,839,1
2,pg,U,single,,173,767,1
2,pg,U,single,,174,937,1
2,pg,U,single,,175,1092,1
2,pg,U,single,,176,1034,1
2,pg,U,single,,177,751,1
2,pg,U,single,,178,945,1
2,pg,U,single,,179,782,1
2,pg,U,single,,180,2215,1
2,pg,U,single,,181,985,1
2,pg,U,single,,182,857,1
2,pg,U,single,,183,735,1
2,pg,U,single,,184,742,1
2,pg,U,single,,185,1902,1
2,pg,U,single,,186,905,1
2,pg,U,single,,187,830,1
2,pg,U,single,,188,782,1
2,pg,U,single,,189,785,1
2,pg,U,single,,190,751,1
2,pg,U,single,,191,799,1
2,pg,U,single,,192,1804,1
2,pg,U,single,,193,897,1
2,pg,U,single,,194,795,1
2,pg,U,single,,195,867,1
2,pg,U,single,,196,814,1
2,pg,U,single,,197,678,1
2,pg,U,single,,198,647,1
2,pg,U,single,,199,791,1
2,pg,S,single,,0,1435,1
2,pg,S,single,,1,1167,1
2,pg,S,single,,2,961,1
2,pg,S,single,,3,767,1
2,pg,S,single,,4,753,1
2,pg,S,single,,5,882,1
2,pg,S,single,,6,702,1
2,pg,S,single,,7,857,1
2,pg,S,single,,8,867,1
2,pg,S,single,,9,1222,1
2,pg,S,single,,10,788,1
2,pg,S,single,,11,688,1
2,pg,S,single,,12,727,1
2,pg,S,single,,13,1607,1
2,pg,S,single,,14,872,1
2,pg,S,single,,15,907,1
2,pg,S,single,,16,1386,1
2,pg,S,single,,17,896,1
2,pg,S,single,,18,829,1
2,pg,S,single,,19,799,1
2,pg,S,single,,20,977,1
2,pg,S,single,,21,891,1
2,pg,S,single,,22,895,1
2,pg,S,single,,23,849,1
2,pg,S,single,,24,817,1
2,pg,S,single,,25,704,1
2,pg,S,single,,26,871,1
2,pg,S,single,,27,797,1
2,pg,S,single,,28,946,1
2,pg,S,single,,29,701,1
2,pg,S,single,,30,740,1
2,pg,S,single,,31,1102,1
2,pg,S,single,,32,1382,1
2,pg,S,single,,33,802,1
2,pg,S,single,,34,677,1
2,pg,S,single,,35,762,1
2,pg,S,single,,36,641,1
2,pg,S,single,,37,798,1
2,pg,S,single,,38,816,1
2,pg,S,single,,39,716,1
2,pg,S,single,,40,711,1
2,pg,S,single,,41,900,1
2,pg,S,single,,42,808,1
2,pg,S,single,,43,549,1
2,pg,S,single,,44,846,1
2,pg,S,single,,45,798,1
2,pg,S,single,,46,938,1
2,pg,S,single,,47,1780,1
2,pg,S,single,,48,1114,1
2,pg,S,single,,49,864,1
2,pg,S,single,,50,775,1
2,pg,S,single,,51,715,1
2,pg,S,single,,52,773,1
2,pg,S,single,,53,1526,1
2,pg,S,single,,54,1067,1
2,pg,S,single,,55,872,1
2,pg,S,single,,56,846,1
2,pg,S,single,,57,1023,1
2,pg,S,single,,58,987,1
2,pg,S,single,,59,894,1
2,pg,S,single,,60,713,1
2,pg,S,single,,61,891,1
2,pg,S,single,,62,869,1
2,pg,S,single,,63,759,1
2,pg,S,single,,64,624,1
2,pg,S,single,,65,755,1
2,pg,S,single,,66,770,1
2,pg,S,single,,67,578,1
2,pg,S,single,,68,662,1
2,pg,S,single,,69,775,1
2,pg,S,single,,70,1706,1
2,pg,S,single,,71,767,1
2,pg,S,single,,72,653,1
2,pg,S,single,,73,786,1
2,pg,S,single,,74,801,1
2,pg,S,single,,75,788,1
2,pg,S,single,,76,668,1
2,pg,S,single,,77,690,1
2,pg,S,single,,78,1013,1
2,pg,S,single,,79,890,1
2,pg,S,single,,80,1012,1
2,pg,S,single,,81,962,1
2,pg,S,single,,82,1049,1
2,pg,S,single,,83,764,1
2,pg,S,single,,84,859,1
2,pg,S,single,,85,789,1
2,pg,S,single,,86,1302,1
2,pg,S,single,,87,1364,1
2,pg,S,single,,88,878,1
2,pg,S,single,,89,713,1
2,pg,S,single,,90,805,1
2,pg,S,single,,91,794,1
2,pg,S,single,,92,1690,1
2,pg,S,single,,93,999,1
2,pg,S,single,,94,828,1
2,pg,S,single,,95,769,1
2,pg,S,single,,96,859,1
2,pg,S,single,,97,880,1
2,pg,S,single,,98,1009,1
2,pg,S,single,,99,870,1
2,pg,S,single,,100,916,1
2,pg,S,single,,101,1011,1
2,pg,S,single,,102,871,1
2,pg,S,single,,103,842,1
2,pg,S,single,,104,797,1
2,pg,S,single,,105,746,1
2,pg,S,single,,106,790,1
2,pg,S,single,,107,767,1
2,pg,S,single,,108,1584,1
2,pg,S,single,,109,1093,1
2,pg,S,single,,110,1205,1
2,pg,S,single,,111,1022,1
2,pg,S,single,,112,984,1
2,pg,S,single,,113,852,1
2,pg,S,single,,114,734,1
2,pg,S,single,,115,924,1
2,pg,S,single,,116,958,1
2,pg,S,single,,117,732,1
2,pg,S,single,,118,895,1
2,pg,S,single,,119,911,1
2,pg,S,single,,120,907,1
2,pg,S,single,,121,800,1
2,pg,S,single,,122,797,1
2,pg,S,single,,123,1960,1
2,pg,S,single,,124,1577,1
2,pg,S,single,,125,1148,1
2,pg,S,single,,126,978,1
2,pg,S,single,,127,1490,1
2,pg,S,single,,128,1178,1
2,pg,S,single,,129,875,1
2,pg,S,single,,130,791,1
2,pg,S,single,,131,1383,1
2,pg,S,single,,132,826,1
2,pg,S,single,,133,936,1
2,pg,S,single,,134,1002,1
2,pg,S,single,,135,1938,1
2,pg,S,single,,136,843,1
2,pg,S,single,,137,720,1
2,pg,S,single,,138,868,1
2,pg,S,single,,139,1011,1
2,pg,S,single,,140,2122,1
2,pg,S,single,,141,1098,1
2,pg,S,single,,142,808,1
2,pg,S,single,,143,725,1
2,pg,S,single,,144,677,1
2,pg,S,single,,145,831,1
2,pg,S,single,,146,967,1
2,pg,S,single,,147,1812,1
2,pg,S,single,,148,1076,1
2,pg,S,single,,149,952,1
2,pg,S,single,,150,765,1
2,pg,S,single,,151,768,1
2,pg,S,single,,152,693,1
2,pg,S,single,,153,750,1
2,pg,S,single,,154,1539,1
2,pg,S,single,,155,963,1
2,pg,S,single,,156,901,1
2,pg,S,single,,157,936,1
2,pg,S,single,,158,728,1
2,pg,S,single,,159,681,1
2,pg,S,single,,160,796,1
2,pg,S,single,,161,1440,1
2,pg,S,single,,162,1073,1
2,pg,S,single,,163,920,1
2,pg,S,single,,164,782,1
2,pg,S,single,,165,721,1
2,pg,S,single,,166,743,1
2,pg,S,single,,167,700,1
2,pg,S,single,,168,938,1
2,pg,S,single,,169,1411,1
2,pg,S,single,,170,793,1
2,pg,S,single,,171,840,1
2,pg,S,single,,172,877,1
2,pg,S,single,,173,839,1
2,pg,S,single,,174,781,1
2,pg,S,single,,175,933,1
2,pg,S,single,,176,1807,1
2,pg,S,single,,177,954,1
2,pg,S,single,,178,757,1
2,pg,S,single,,179,749,1
2,pg,S,single,,180,779,1
2,pg,S,single,,181,741,1
2,pg,S,single,,182,883,1
2,pg,S,single,,183,1599,1
2,pg,S,single,,184,841,1
2,pg,S,single,,185,809,1
2,pg,S,single,,186,866,1
2,pg,S,single,,187,848,1
2,pg,S,single,,188,902,1
2,pg,S,single,,189,919,1
2,pg,S,single,,190,1244,1
2,pg,S,single,,191,993,1
2,pg,S,single,,192,773,1
2,pg,S,single,,193,1007,1
2,pg,S,single,,194,813,1
2,pg,S,single,,195,1035,1
2,pg,S,single,,196,684,1
2,pg,S,single,,197,812,1
2,pg,S,single,,198,1424,1
2,pg,S,single,,199,867,1
2,pg,S,narrow,bus,0,12440,518
2,pg,S,narrow,bus,1,12037,518
2,pg,S,narrow,bus,2,9802,518
2,pg,S,narrow,bus,3,8941,518
2,pg,S,narrow,bus,4,9530,518
2,pg,S,narrow,bus,5,10849,518
2,pg,S,narrow,bus,6,9673,518
2,pg,S,narrow,bus,7,13797,518
2,pg,S,narrow,bus,8,10471,518
2,pg,S,narrow,bus,9,11174,518
2,pg,S,narrow,bus,10,12199,518
2,pg,S,narrow,bus,11,12191,518
2,pg,S,narrow,bus,12,10072,518
2,pg,S,narrow,bus,13,12583,518
2,pg,S,narrow,bus,14,12756,518
2,pg,S,narrow,bus,15,12486,518
2,pg,S,narrow,bus,16,9080,518
2,pg,S,narrow,bus,17,10245,518
2,pg,S,narrow,bus,18,8975,518
2,pg,S,narrow,bus,19,11825,518
2,pg,S,narrow,bus,20,11198,518
2,pg,S,narrow,bus,21,10659,518
2,pg,S,narrow,bus,22,9457,518
2,pg,S,narrow,bus,23,9532,518
2,pg,S,narrow,bus,24,9824,518
2,pg,S,narrow,bus,25,11542,518
2,pg,S,narrow,bus,26,9246,518
2,pg,S,narrow,bus,27,9247,518
2,pg,S,narrow,bus,28,8844,518
2,pg,S,narrow,bus,29,10327,518
2,pg,S,narrow,bus,30,9194,518
2,pg,S,narrow,bus,31,9757,518
2,pg,S,narrow,bus,32,8825,518
2,pg,S,narrow,bus,33,9253,518
2,pg,S,narrow,bus,34,11449,518
2,pg,S,narrow,bus,35,9137,518
2,pg,S,narrow,bus,36,10588,518
2,pg,S,narrow,bus,37,9998,518
2,pg,S,narrow,bus,38,9660,518
2,pg,S,narrow,bus,39,11834,518
2,pg,S,narrow,bus,40,11679,518
2,pg,S,narrow,bus,41,11546,518
2,pg,S,narrow,bus,42,10305,518
2,pg,S,narrow,bus,43,11551,518
2,pg,S,narrow,bus,44,11022,518
2,pg,S,narrow,bus,45,10213,518
2,pg,S,narrow,bus,46,9426,518
2,pg,S,narrow,bus,47,10334,518
2,pg,S,narrow,bus,48,10696,518
2,pg,S,narrow,bus,49,10039,518
2,pg,S,narrow,bus,50,11696,518
2,pg,S,narrow,bus,51,10861,518
2,pg,S,narrow,bus,52,9667,518
2,pg,S,narrow,bus,53,10198,518
2,pg,S,narrow,bus,54,9380,518
2,pg,S,narrow,bus,55,9241,518
2,pg,S,narrow,bus,56,10454,518
2,pg,S,narrow,bus,57,10862,518
2,pg,S,narrow,bus,58,10455,518
2,pg,S,narrow,bus,59,10136,518
2,pg,S,narrow,bus,60,9460,518
2,pg,S,narrow,bus,61,9406,518
2,pg,S,narrow,bus,62,9778,518
2,pg,S,narrow,bus,63,11130,518
2,pg,S,narrow,bus,64,11086,518
2,pg,S,narrow,bus,65,9250,518
2,pg,S,narrow,bus,66,12246,518
2,pg,S,narrow,bus,67,10220,518
2,pg,S,narrow,bus,68,11229,518
2,pg,S,narrow,bus,69,9856,518
2,pg,S,narrow,bus,70,9903,518
2,pg,S,narrow,bus,71,9964,518
2,pg,S,narrow,bus,72,10230,518
2,pg,S,narrow,bus,73,9186,518
2,pg,S,narrow,bus,74,10136,518
2,pg,S,narrow,bus,75,10985,518
2,pg,S,narrow,bus,76,12876,518
2,pg,S,narrow,bus,77,12515,518
2,pg,S,narrow,bus,78,12358,518
2,pg,S,narrow,bus,79,14001,518
2,pg,S,narrow,bus,80,20812,518
2,pg,S,narrow,bus,81,20298,518
2,pg,S,narrow,bus,82,15798,518
2,pg,S,narrow,bus,83,15899,518
2,pg,S,narrow,bus,84,17791,518
2,pg,S,narrow,bus,85,20725,518
2,pg,S,narrow,bus,86,16460,518
2,pg,S,narrow,bus,87,15694,518
2,pg,S,narrow,bus,88,18071,518
2,pg,S,narrow,bus,89,20248,518
2,pg,S,narrow,bus,90,17870,518
2,pg,S,narrow,bus,91,22150,518
2,pg,S,narrow,bus,92,17017,518
2,pg,S,narrow,bus,93,13835,518
2,pg,S,narrow,bus,94,12442,518
2,pg,S,narrow,bus,95,12151,518
2,pg,S,narrow,bus,96,10496,518
2,pg,S,narrow,bus,97,11669,518
2,pg,S,narrow,bus,98,15339,518
2,pg,S,narrow,bus,99,11690,518
2,pg,S,narrow,bus,100,11079,518
2,pg,S,narrow,bus,101,24458,518
2,pg,S,narrow,bus,102,18221,518
2,pg,S,narrow,bus,103,16739,518
2,pg,S,narrow,bus,104,14952,518
2,pg,S,narrow,bus,105,18930,518
2,pg,S,narrow,bus,106,16143,518
2,pg,S,narrow,bus,107,17824,518
2,pg,S,narrow,bus,108,21977,518
2,pg,S,narrow,bus,109,16638,518
2,pg,S,narrow,bus,110,16890,518
2,pg,S,narrow,bus,111,15095,518
2,pg,S,narrow,bus,112,15011,518
2,pg,S,narrow,bus,113,12943,518
2,pg,S,narrow,bus,114,13012,518
2,pg,S,narrow,bus,115,9440,518
2,pg,S,narrow,bus,116,10710,518
2,pg,S,narrow,bus,117,9331,518
2,pg,S,narrow,bus,118,10272,518
2,pg,S,narrow,bus,119,11631,518
2,pg,S,narrow,bus,120,14629,518
2,pg,S,narrow,bus,121,17097,518
2,pg,S,narrow,bus,122,12043,518
2,pg,S,narrow,bus,123,10049,518
2,pg,S,narrow,bus,124,9028,518
2,pg,S,narrow,bus,125,9823,518
2,pg,S,narrow,bus,126,9345,518
2,pg,S,narrow,bus,127,9947,518
2,pg,S,narrow,bus,128,9372,518
2,pg,S,narrow,bus,129,9634,518
2,pg,S,narrow,bus,130,10479,518
2,pg,S,narrow,bus,131,9895,518
2,pg,S,narrow,bus,132,9723,518
2,pg,S,narrow,bus,133,9964,518
2,pg,S,narrow,bus,134,9757,518
2,pg,S,narrow,bus,135,11905,518
2,pg,S,narrow,bus,136,9542,518
2,pg,S,narrow,bus,137,11310,518
2,pg,S,narrow,bus,138,10898,518
2,pg,S,narrow,bus,139,9242,518
2,pg,S,narrow,bus,140,10516,518
2,pg,S,narrow,bus,141,11736,518
2,pg,S,narrow,bus,142,10433,518
2,pg,S,narrow,bus,143,9788,518
2,pg,S,narrow,bus,144,9057,518
2,pg,S,narrow,bus,145,10968,518
2,pg,S,narrow,bus,146,9787,518
2,pg,S,narrow,bus,147,10692,518
2,pg,S,narrow,bus,148,10115,518
2,pg,S,narrow,bus,149,9764,518
2,pg,S,narrow,bus,150,9969,518
2,pg,S,narrow,bus,151,10649,518
2,pg,S,narrow,bus,152,10191,518
2,pg,S,narrow,bus,153,10075,518
2,pg,S,narrow,bus,154,10186,518
2,pg,S,narrow,bus,155,10792,518
2,pg,S,narrow,bus,156,9514,518
2,pg,S,narrow,bus,157,9844,518
2,pg,S,narrow,bus,158,9711,518
2,pg,S,narrow,bus,159,11450,518
2,pg,S,narrow,bus,160,9629,518
2,pg,S,narrow,bus,161,11563,518
2,pg,S,narrow,bus,162,10181,518
2,pg,S,narrow,bus,163,9438,518
2,pg,S,narrow,bus,164,10285,518
2,pg,S,narrow,bus,165,9415,518
2,pg,S,narrow,bus,166,10009,518
2,pg,S,narrow,bus,167,9795,518
2,pg,S,narrow,bus,168,10405,518
2,pg,S,narrow,bus,169,9485,518
2,pg,S,narrow,bus,170,8880,518
2,pg,S,narrow,bus,171,10064,518
2,pg,S,narrow,bus,172,9125,518
2,pg,S,narrow,bus,173,9893,518
2,pg,S,narrow,bus,174,8885,518
2,pg,S,narrow,bus,175,11466,518
2,pg,S,narrow,bus,176,11296,518
2,pg,S,narrow,bus,177,12511,518
2,pg,S,narrow,bus,178,11310,518
2,pg,S,narrow,bus,179,11462,518
2,pg,S,narrow,bus,180,13025,518
2,pg,S,narrow,bus,181,10163,518
2,pg,S,narrow,bus,182,10225,518
2,pg,S,narrow,bus,183,9107,518
2,pg,S,narrow,bus,184,10378,518
2,pg,S,narrow,bus,185,13667,518
2,pg,S,narrow,bus,186,9336,518
2,pg,S,narrow,bus,187,9868,518
2,pg,S,narrow,bus,188,9999,518
2,pg,S,narrow,bus,189,9224,518
2,pg,S,narrow,bus,190,9881,518
2,pg,S,narrow,bus,191,8673,518
2,pg,S,narrow,bus,192,10241,518
2,pg,S,narrow,bus,193,11607,518
2,pg,S,narrow,bus,194,10994,518
2,pg,S,narrow,bus,195,11283,518
2,pg,S,narrow,bus,196,11728,518
2,pg,S,narrow,bus,197,11138,518
2,pg,S,narrow,bus,198,11127,518
2,pg,S,narrow,bus,199,11179,518
2,pg,U,narrow,both,0,17360,684
2,pg,U,narrow,both,1,16479,684
2,pg,U,narrow,both,2,14287,684
2,pg,U,narrow,both,3,13391,684
2,pg,U,narrow,both,4,14853,684
2,pg,U,narrow,both,5,14145,684
2,pg,U,narrow,both,6,13781,684
2,pg,U,narrow,both,7,13783,684
2,pg,U,narrow,both,8,13438,684
2,pg,U,narrow,both,9,13950,684
2,pg,U,narrow,both,10,14289,684
2,pg,U,narrow,both,11,16529,684
2,pg,U,narrow,both,12,14347,684
2,pg,U,narrow,both,13,53619,684
2,pg,U,narrow,both,14,84895,684
2,pg,U,narrow,both,15,77916,684
2,pg,U,narrow,both,16,81401,684
2,pg,U,narrow,both,17,102982,684
2,pg,U,narrow,both,18,88409,684
2,pg,U,narrow,both,19,79776,684
2,pg,U,narrow,both,20,102161,684
2,pg,U,narrow,both,21,79291,684
2,pg,U,narrow,both,22,82066,684
2,pg,U,narrow,both,23,83759,684
2,pg,U,narrow,both,24,80457,684
2,pg,U,narrow,both,25,23376,684
2,pg,U,narrow,both,26,15853,684
2,pg,U,narrow,both,27,15303,684
2,pg,U,narrow,both,28,21603,684
2,pg,U,narrow,both,29,17821,684
2,pg,U,narrow,both,30,17500,684
2,pg,U,narrow,both,31,15332,684
2,pg,U,narrow,both,32,15707,684
2,pg,U,narrow,both,33,14273,684
2,pg,U,narrow,both,34,14653,684
2,pg,U,narrow,both,35,14105,684
2,pg,U,narrow,both,36,14069,684
2,pg,U,narrow,both,37,13670,684
2,pg,U,narrow,both,38,16805,684
2,pg,U,narrow,both,39,14884,684
2,pg,U,narrow,both,40,14383,684
2,pg,U,narrow,both,41,14363,684
2,pg,U,narrow,both,42,16348,684
2,pg,U,narrow,both,43,13995,684
2,pg,U,narrow,both,44,14055,684
2,pg,U,narrow,both,45,13876,684
2,pg,U,narrow,both,46,14268,684
2,pg,U,narrow,both,47,14787,684
2,pg,U,narrow,both,48,14727,684
2,pg,U,narrow,both,49,17150,684
2,pg,U,narrow,both,50,15352,684
2,pg,U,narrow,both,51,14238,684
2,pg,U,narrow,both,52,17454,684
2,pg,U,narrow,both,53,14927,684
2,pg,U,narrow,both,54,13805,684
2,pg,U,narrow,both,55,14241,684
2,pg,U,narrow,both,56,14430,684
2,pg,U,narrow,both,57,14729,684
2,pg,U,narrow,both,58,15632,684
2,pg,U,narrow,both,59,14141,684
2,pg,U,narrow,both,60,14569,684
2,pg,U,narrow,both,61,16673,684
2,pg,U,narrow,both,62,16686,684
2,pg,U,narrow,both,63,14259,684
2,pg,U,narrow,both,64,17416,684
2,pg,U,narrow,both,65,15261,684
2,pg,U,narrow,both,66,14567,684
2,pg,U,narrow,both,67,17398,684
2,pg,U,narrow,both,68,14328,684
2,pg,U,narrow,both,69,15944,684
2,pg,U,narrow,both,70,16156,684
2,pg,U,narrow,both,71,15968,684
2,pg,U,narrow,both,72,14436,684
2,pg,U,narrow,both,73,15208,684
2,pg,U,narrow,both,74,14199,684
2,pg,U,narrow,both,75,16716,684
2,pg,U,narrow,both,76,15239,684
2,pg,U,narrow,both,77,14803,684
2,pg,U,narrow,both,78,14137,684
2,pg,U,narrow,both,79,14729,684
2,pg,U,narrow,both,80,15943,684
2,pg,U,narrow,both,81,15112,684
2,pg,U,narrow,both,82,16403,684
2,pg,U,narrow,both,83,14552,684
2,pg,U,narrow,both,84,15028,684
2,pg,U,narrow,both,85,17582,684
2,pg,U,narrow,both,86,15553,684
2,pg,U,narrow,both,87,14420,684
2,pg,U,narrow,both,88,13512,684
2,pg,U,narrow,both,89,13959,684
2,pg,U,narrow,both,90,73667,684
2,pg,U,narrow,both,91,85303,684
2,pg,U,narrow,both,92,90097,684
2,pg,U,narrow,both,93,93468,684
2,pg,U,narrow,both,94,98558,684
2,pg,U,narrow,both,95,95672,684
2,pg,U,narrow,both,96,94924,684
2,pg,U,narrow,both,97,86564,684
2,pg,U,narrow,both,98,84879,684
2,pg,U,narrow,both,99,105102,684
2,pg,U,narrow,both,100,100739,684
2,pg,U,narrow,both,101,14023,684
2,pg,U,narrow,both,102,14570,684
2,pg,U,narrow,both,103,14593,684
2,pg,U,narrow,both,104,14848,684
2,pg,U,narrow,both,105,16074,684
2,pg,U,narrow,both,106,15666,684
2,pg,U,narrow,both,107,17533,684
2,pg,U,narrow,both,108,22128,684
2,pg,U,narrow,both,109,16895,684
2,pg,U,narrow,both,110,17686,684
2,pg,U,narrow,both,111,14007,684
2,pg,U,narrow,both,112,14447,684
2,pg,U,narrow,both,113,14667,684
2,pg,U,narrow,both,114,13995,684
2,pg,U,narrow,both,115,14834,684
2,pg,U,narrow,both,116,14682,684
2,pg,U,narrow,both,117,14373,684
2,pg,U,narrow,both,118,14662,684
2,pg,U,narrow,both,119,15173,684
2,pg,U,narrow,both,120,13796,684
2,pg,U,narrow,both,121,14517,684
2,pg,U,narrow,both,122,14355,684
2,pg,U,narrow,both,123,14845,684
2,pg,U,narrow,both,124,16843,684
2,pg,U,narrow,both,125,17421,684
2,pg,U,narrow,both,126,14038,684
2,pg,U,narrow,both,127,13629,684
2,pg,U,narrow,both,128,13408,684
2,pg,U,narrow,both,129,16235,684
2,pg,U,narrow,both,130,13263,684
2,pg,U,narrow,both,131,13239,684
2,pg,U,narrow,both,132,13114,684
2,pg,U,narrow,both,133,13582,684
2,pg,U,narrow,both,134,13753,684
2,pg,U,narrow,both,135,13433,684
2,pg,U,narrow,both,136,13583,684
2,pg,U,narrow,both,137,14386,684
2,pg,U,narrow,both,138,16048,684
2,pg,U,narrow,both,139,14923,684
2,pg,U,narrow,both,140,13742,684
2,pg,U,narrow,both,141,13609,684
2,pg,U,narrow,both,142,14328,684
2,pg,U,narrow,both,143,16577,684
2,pg,U,narrow,both,144,14406,684
2,pg,U,narrow,both,145,17472,684
2,pg,U,narrow,both,146,13923,684
2,pg,U,narrow,both,147,13336,684
2,pg,U,narrow,both,148,13754,684
2,pg,U,narrow,both,149,13540,684
2,pg,U,narrow,both,150,14344,684
2,pg,U,narrow,both,151,13453,684
2,pg,U,narrow,both,152,14158,684
2,pg,U,narrow,both,153,14373,684
2,pg,U,narrow,both,154,13947,684
2,pg,U,narrow,both,155,14962,684
2,pg,U,narrow,both,156,20636,684
2,pg,U,narrow,both,157,16613,684
2,pg,U,narrow,both,158,20198,684
2,pg,U,narrow,both,159,22934,684
2,pg,U,narrow,both,160,21890,684
2,pg,U,narrow,both,161,25820,684
2,pg,U,narrow,both,162,19078,684
2,pg,U,narrow,both,163,20459,684
2,pg,U,narrow,both,164,19610,684
2,pg,U,narrow,both,165,18428,684
2,pg,U,narrow,both,166,20128,684
2,pg,U,narrow,both,167,21438,684
2,pg,U,narrow,both,168,23503,684
2,pg,U,narrow,both,169,22636,684
2,pg,U,narrow,both,170,17043,684
2,pg,U,narrow,both,171,15339,684
2,pg,U,narrow,both,172,15514,684
2,pg,U,narrow,both,173,16615,684
2,pg,U,narrow,both,174,16039,684
2,pg,U,narrow,both,175,18094,684
2,pg,U,narrow,both,176,19991,684
2,pg,U,narrow,both,177,18755,684
2,pg,U,narrow,both,178,24130,684
2,pg,U,narrow,both,179,18587,684
2,pg,U,narrow,both,180,20562,684
2,pg,U,narrow,both,181,22981,684
2,pg,U,narrow,both,182,22382,684
2,pg,U,narrow,both,183,21870,684
2,pg,U,narrow,both,184,20248,684
2,pg,U,narrow,both,185,18486,684
2,pg,U,narrow,both,186,16244,684
2,pg,U,narrow,both,187,14445,684
2,pg,U,narrow,both,188,14479,684
2,pg,U,narrow,both,189,17110,684
2,pg,U,narrow,both,190,14965,684
2,pg,U,narrow,both,191,14256,684
2,pg,U,narrow,both,192,15307,684
2,pg,U,narrow,both,193,14244,684
2,pg,U,narrow,both,194,17095,684
2,pg,U,narrow,both,195,14910,684
2,pg,U,narrow,both,196,15202,684
2,pg,U,narrow,both,197,14822,684
2,pg,U,narrow,both,198,13745,684
2,pg,U,narrow,both,199,14664,684
2,mongo,U,medium,both,0,75569,7648
2,mongo,U,medium,both,1,73864,7648
2,mongo,U,medium,both,2,65537,7648
2,mongo,U,medium,both,3,67600,7648
2,mongo,U,medium,both,4,63563,7648
2,mongo,U,medium,both,5,63218,7648
2,mongo,U,medium,both,6,63030,7648
2,mongo,U,medium,both,7,73833,7648
2,mongo,U,medium,both,8,73595,7648
2,mongo,U,medium,both,9,61986,7648
2,mongo,U,medium,both,10,81697,7648
2,mongo,U,medium,both,11,67700,7648
2,mongo,U,medium,both,12,68674,7648
2,mongo,U,medium,both,13,72538,7648
2,mongo,U,medium,both,14,69668,7648
2,mongo,U,medium,both,15,64909,7648
2,mongo,U,medium,both,16,67871,7648
2,mongo,U,medium,both,17,60316,7648
2,mongo,U,medium,both,18,68991,7648
2,mongo,U,medium,both,19,67264,7648
2,mongo,U,medium,both,20,68095,7648
2,mongo,U,medium,both,21,67790,7648
2,mongo,U,medium,both,22,65897,7648
2,mongo,U,medium,both,23,63331,7648
2,mongo,U,medium,both,24,65056,7648
2,mongo,U,medium,both,25,61587,7648
2,mongo,U,medium,both,26,61926,7648
2,mongo,U,medium,both,27,61331,7648
2,mongo,U,medium,both,28,67251,7648
2,mongo,U,medium,both,29,64536,7648
2,mongo,U,medium,both,30,64124,7648
2,mongo,U,medium,both,31,68987,7648
2,mongo,U,medium,both,32,74613,7648
2,mongo,U,medium,both,33,68720,7648
2,mongo,U,medium,both,34,71518,7648
2,mongo,U,medium,both,35,63225,7648
2,mongo,U,medium,both,36,65905,7648
2,mongo,U,medium,both,37,67639,7648
2,mongo,U,medium,both,38,72819,7648
2,mongo,U,medium,both,39,70735,7648
2,mongo,U,medium,both,40,69940,7648
2,mongo,U,medium,both,41,67722,7648
2,mongo,U,medium,both,42,65761,7648
2,mongo,U,medium,both,43,66732,7648
2,mongo,U,medium,both,44,67747,7648
2,mongo,U,medium,both,45,62269,7648
2,mongo,U,medium,both,46,66030,7648
2,mongo,U,medium,both,47,65667,7648
2,mongo,U,medium,both,48,64428,7648
2,mongo,U,medium,both,49,62257,7648
2,mongo,U,medium,both,50,66376,7648
2,mongo,U,medium,both,51,65149,7648
2,mongo,U,medium,both,52,63070,7648
2,mongo,U,medium,both,53,65694,7648
2,mongo,U,medium,both,54,66378,7648
2,mongo,U,medium,both,55,68309,7648
2,mongo,U,medium,both,56,71472,7648
2,mongo,U,medium,both,57,68112,7648
2,mongo,U,medium,both,58,67937,7648
2,mongo,U,medium,both,59,62869,7648
2,mongo,U,medium,both,60,61597,7648
2,mongo,U,medium,both,61,62265,7648
2,mongo,U,medium,both,62,61941,7648
2,mongo,U,medium,both,63,63135,7648
2,mongo,U,medium,both,64,62899,7648
2,mongo,U,medium,both,65,62833,7648
2,mongo,U,medium,both,66,68393,7648
2,mongo,U,medium,both,67,68844,7648
2,mongo,U,medium,both,68,67048,7648
2,mongo,U,medium,both,69,89084,7648
2,mongo,U,medium,both,70,82558,7648
2,mongo,U,medium,both,71,80338,7648
2,mongo,U,medium,both,72,93082,7648
2,mongo,U,medium,both,73,90055,7648
2,mongo,U,medium,both,74,83124,7648
2,mongo,U,medium,both,75,76115,7648
2,mongo,U,medium,both,76,75734,7648
2,mongo,U,medium,both,77,79415,7648
2,mongo,U,medium,both,78,74936,7648
2,mongo,U,medium,both,79,68104,7648
2,mongo,U,medium,both,80,68739,7648
2,mongo,U,medium,both,81,66559,7648
2,mongo,U,medium,both,82,66956,7648
2,mongo,U,medium,both,83,82497,7648
2,mongo,U,medium,both,84,72624,7648
2,mongo,U,medium,both,85,67480,7648
2,mongo,U,medium,both,86,66977,7648
2,mongo,U,medium,both,87,64337,7648
2,mongo,U,medium,both,88,74642,7648
2,mongo,U,medium,both,89,72566,7648
2,mongo,U,medium,both,90,73854,7648
2,mongo,U,medium,both,91,66938,7648
2,mongo,U,medium,both,92,63535,7648
2,mongo,U,medium,both,93,69744,7648
2,mongo,U,medium,both,94,69793,7648
2,mongo,U,medium,both,95,66250,7648
2,mongo,U,medium,both,96,66812,7648
2,mongo,U,medium,both,97,79761,7648
2,mongo,U,medium,both,98,69982,7648
2,mongo,U,medium,both,99,64046,7648
2,mongo,U,medium,both,100,69498,7648
2,mongo,U,medium,both,101,66338,7648
2,mongo,U,medium,both,102,66303,7648
2,mongo,U,medium,both,103,68159,7648
2,mongo,U,medium,both,104,67588,7648
2,mongo,U,medium,both,105,64730,7648
2,mongo,U,medium,both,106,63279,7648
2,mongo,U,medium,both,107,63853,7648
2,mongo,U,medium,both,108,64119,7648
2,mongo,U,medium,both,109,61906,7648
2,mongo,U,medium,both,110,61625,7648
2,mongo,U,medium,both,111,63400,7648
2,mongo,U,medium,both,112,65846,7648
2,mongo,U,medium,both,113,65177,7648
2,mongo,U,medium,both,114,63305,7648
2,mongo,U,medium,both,115,61278,7648
2,mongo,U,medium,both,116,66256,7648
2,mongo,U,medium,both,117,61289,7648
2,mongo,U,medium,both,118,62765,7648
2,mongo,U,medium,both,119,65856,7648
2,mongo,U,medium,both,120,67659,7648
2,mongo,U,medium,both,121,64248,7648
2,mongo,U,medium,both,122,63773,7648
2,mongo,U,medium,both,123,66068,7648
2,mongo,U,medium,both,124,62588,7648
2,mongo,U,medium,both,125,64056,7648
2,mongo,U,medium,both,126,63699,7648
2,mongo,U,medium,both,127,64853,7648
2,mongo,U,medium,both,128,69842,7648
2,mongo,U,medium,both,129,74631,7648
2,mongo,U,medium,both,130,66565,7648
2,mongo,U,medium,both,131,71668,7648
2,mongo,U,medium,both,132,67466,7648
2,mongo,U,medium,both,133,64539,7648
2,mongo,U,medium,both,134,62971,7648
2,mongo,U,medium,both,135,62756,7648
2,mongo,U,medium,both,136,68089,7648
2,mongo,U,medium,both,137,105319,7648
2,mongo,U,medium,both,138,292039,7648
2,mongo,U,medium,both,139,326269,7648
2,mongo,U,medium,both,140,343807,7648
2,mongo,U,medium,both,141,480253,7648
2,mongo,U,medium,both,142,515873,7648
2,mongo,U,medium,both,143,1080662,7648
2,mongo,U,medium,both,144,662210,7648
2,mongo,U,medium,both,145,628173,7648
2,mongo,U,medium,both,146,168097,7648
2,mongo,U,medium,both,147,153755,7648
2,mongo,U,medium,both,148,112950,7648
2,mongo,U,medium,both,149,106862,7648
2,mongo,U,medium,both,150,78705,7648
2,mongo,U,medium,both,151,62724,7648
2,mongo,U,medium,both,152,80606,7648
2,mongo,U,medium,both,153,70298,7648
2,mongo,U,medium,both,154,64592,7648
2,mongo,U,medium,both,155,67695,7648
2,mongo,U,medium,both,156,68482,7648
2,mongo,U,medium,both,157,63833,7648
2,mongo,U,medium,both,158,63885,7648
2,mongo,U,medium,both,159,77487,7648
2,mongo,U,medium,both,160,68723,7648
2,mongo,U,medium,both,161,65606,7648
2,mongo,U,medium,both,162,71748,7648
2,mongo,U,medium,both,163,66448,7648
2,mongo,U,medium,both,164,104016,7648
2,mongo,U,medium,both,165,97680,7648
2,mongo,U,medium,both,166,86232,7648
2,mongo,U,medium,both,167,72517,7648
2,mongo,U,medium,both,168,73977,7648
2,mongo,U,medium,both,169,90928,7648
2,mongo,U,medium,both,170,87585,7648
2,mongo,U,medium,both,171,64999,7648
2,mongo,U,medium,both,172,67238,7648
2,mongo,U,medium,both,173,64613,7648
2,mongo,U,medium,both,174,65136,7648
2,mongo,U,medium,both,175,62395,7648
2,mongo,U,medium,both,176,64706,7648
2,mongo,U,medium,both,177,63427,7648
2,mongo,U,medium,both,178,61591,7648
2,mongo,U,medium,both,179,62391,7648
2,mongo,U,medium,both,180,67214,7648
2,mongo,U,medium,both,181,64776,7648
2,mongo,U,medium,both,182,63822,7648
2,mongo,U,medium,both,183,64186,7648
2,mongo,U,medium,both,184,66305,7648
2,mongo,U,medium,both,185,62460,7648
2,mongo,U,medium,both,186,65510,7648
2,mongo,U,medium,both,187,69939,7648
2,mongo,U,medium,both,188,66035,7648
2,mongo,U,medium,both,189,64225,7648
2,mongo,U,medium,both,190,62801,7648
2,mongo,U,medium,both,191,65232,7648
2,mongo,U,medium,both,192,71187,7648
2,mongo,U,medium,both,193,63743,7648
2,mongo,U,medium,both,194,63557,7648
2,mongo,U,medium,both,195,61193,7648
2,mongo,U,medium,both,196,62702,7648
2,mongo,U,medium,both,197,63156,7648
2,mongo,U,medium,both,198,69190,7648
2,mongo,U,medium,both,199,66413,7648
2,pg,U,wide,both,0,276840,13842
2,pg,U,wide,both,1,249929,13842
2,pg,U,wide,both,2,250162,13842
2,pg,U,wide,both,3,312833,13842
2,pg,U,wide,both,4,284450,13842
2,pg,U,wide,both,5,308361,13842
2,pg,U,wide,both,6,319723,13842
2,pg,U,wide,both,7,262693,13842
2,pg,U,wide,both,8,295990,13842
2,pg,U,wide,both,9,293118,13842
2,pg,U,wide,both,10,310695,13842
2,pg,U,wide,both,11,252361,13842
2,pg,U,wide,both,12,247479,13842
2,pg,U,wide,both,13,246682,13842
2,pg,U,wide,both,14,250096,13842
2,pg,U,wide,both,15,257320,13842
2,pg,U,wide,both,16,237229,13842
2,pg,U,wide,both,17,242021,13842
2,pg,U,wide,both,18,241491,13842
2,pg,U,wide,both,19,291352,13842
2,pg,U,wide,both,20,291043,13842
2,pg,U,wide,both,21,243886,13842
2,pg,U,wide,both,22,245518,13842
2,pg,U,wide,both,23,255206,13842
2,pg,U,wide,both,24,246005,13842
2,pg,U,wide,both,25,255425,13842
2,pg,U,wide,both,26,356190,13842
2,pg,U,wide,both,27,335706,13842
2,pg,U,wide,both,28,243044,13842
2,pg,U,wide,both,29,302303,13842
2,pg,U,wide,both,30,247322,13842
2,pg,U,wide,both,31,241603,13842
2,pg,U,wide,both,32,244440,13842
2,pg,U,wide,both,33,247593,13842
2,pg,U,wide,both,34,249203,13842
2,pg,U,wide,both,35,243925,13842
2,pg,U,wide,both,36,244704,13842
2,pg,U,wide,both,37,244663,13842
2,pg,U,wide,both,38,243927,13842
2,pg,U,wide,both,39,246589,13842
2,pg,U,wide,both,40,242539,13842
2,pg,U,wide,both,41,239680,13842
2,pg,U,wide,both,42,246222,13842
2,pg,U,wide,both,43,242907,13842
2,pg,U,wide,both,44,239876,13842
2,pg,U,wide,both,45,246909,13842
2,pg,U,wide,both,46,256311,13842
2,pg,U,wide,both,47,277785,13842
2,pg,U,wide,both,48,298634,13842
2,pg,U,wide,both,49,264833,13842
2,pg,U,wide,both,50,303608,13842
2,pg,U,wide,both,51,292003,13842
2,pg,U,wide,both,52,238933,13842
2,pg,U,wide,both,53,294912,13842
2,pg,U,wide,both,54,252087,13842
2,pg,U,wide,both,55,249759,13842
2,pg,U,wide,both,56,243178,13842
2,pg,U,wide,both,57,311523,13842
2,pg,U,wide,both,58,244223,13842
2,pg,U,wide,both,59,243534,13842
2,pg,U,wide,both,60,248841,13842
2,pg,U,wide,both,61,259166,13842
2,pg,U,wide,both,62,246579,13842
2,pg,U,wide,both,63,245918,13842
2,pg,U,wide,both,64,251967,13842
2,pg,U,wide,both,65,242084,13842
2,pg,U,wide,both,66,242287,13842
2,pg,U,wide,both,67,297976,13842
2,pg,U,wide,both,68,386068,13842
2,pg,U,wide,both,69,336572,13842
2,pg,U,wide,both,70,260602,13842
2,pg,U,wide,both,71,251973,13842
2,pg,U,wide,both,72,255542,13842
2,pg,U,wide,both,73,243030,13842
2,pg,U,wide,both,74,292113,13842
2,pg,U,wide,both,75,243947,13842
2,pg,U,wide,both,76,264712,13842
2,pg,U,wide,both,77,244999,13842
2,pg,U,wide,both,78,259616,13842
2,pg,U,wide,both,79,243851,13842
2,pg,U,wide,both,80,249873,13842
2,pg,U,wide,both,81,247553,13842
2,pg,U,wide,both,82,299587,13842
2,pg,U,wide,both,83,248753,13842
2,pg,U,wide,both,84,248101,13842
2,pg,U,wide,both,85,240871,13842
2,pg,U,wide,both,86,251294,13842
2,pg,U,wide,both,87,240036,13842
2,pg,U,wide,both,88,277181,13842
2,pg,U,wide,both,89,327792,13842
2,pg,U,wide,both,90,281069,13842
2,pg,U,wide,both,91,246354,13842
2,pg,U,wide,both,92,247910,13842
2,pg,U,wide,both,93,252442,13842
2,pg,U,wide,both,94,302857,13842
2,pg,U,wide,both,95,294271,13842
2,pg,U,wide,both,96,290171,13842
2,pg,U,wide,both,97,303920,13842
2,pg,U,wide,both,98,243961,13842
2,pg,U,wide,both,99,244844,13842
2,pg,U,wide,both,100,293536,13842
2,pg,U,wide,both,101,261316,13842
2,pg,U,wide,both,102,247121,13842
2,pg,U,wide,both,103,308236,13842
2,pg,U,wide,both,104,304299,13842
2,pg,U,wide,both,105,311260,13842
2,pg,U,wide,both,106,242510,13842
2,pg,U,wide,both,107,239508,13842
2,pg,U,wide,both,108,264585,13842
2,pg,U,wide,both,109,287697,13842
2,pg,U,wide,both,110,294111,13842
2,pg,U,wide,both,111,258162,13842
2,pg,U,wide,both,112,248729,13842
2,pg,U,wide,both,113,247553,13842
2,pg,U,wide,both,114,248186,13842
2,pg,U,wide,both,115,248480,13842
2,pg,U,wide,both,116,393796,13842
2,pg,U,wide,both,117,250398,13842
2,pg,U,wide,both,118,243499,13842
2,pg,U,wide,both,119,252948,13842
2,pg,U,wide,both,120,245950,13842
2,pg,U,wide,both,121,244687,13842
2,pg,U,wide,both,122,241077,13842
2,pg,U,wide,both,123,250825,13842
2,pg,U,wide,both,124,253723,13842
2,pg,U,wide,both,125,251172,13842
2,pg,U,wide,both,126,247642,13842
2,pg,U,wide,both,127,252069,13842
2,pg,U,wide,both,128,246006,13842
2,pg,U,wide,both,129,255896,13842
2,pg,U,wide,both,130,271950,13842
2,pg,U,wide,both,131,274642,13842
2,pg,U,wide,both,132,259687,13842
2,pg,U,wide,both,133,293067,13842
2,pg,U,wide,both,134,244269,13842
2,pg,U,wide,both,135,246641,13842
2,pg,U,wide,both,136,244894,13842
2,pg,U,wide,both,137,243903,13842
2,pg,U,wide,both,138,248452,13842
2,pg,U,wide,both,139,249192,13842
2,pg,U,wide,both,140,250330,13842
2,pg,U,wide,both,141,244011,13842
2,pg,U,wide,both,142,243003,13842
2,pg,U,wide,both,143,248657,13842
2,pg,U,wide,both,144,242401,13842
2,pg,U,wide,both,145,257614,13842
2,pg,U,wide,both,146,244777,13842
2,pg,U,wide,both,147,302151,13842
2,pg,U,wide,both,148,249280,13842
2,pg,U,wide,both,149,255101,13842
2,pg,U,wide,both,150,266852,13842
2,pg,U,wide,both,151,271888,13842
2,pg,U,wide,both,152,309623,13842
2,pg,U,wide,both,153,263169,13842
2,pg,U,wide,both,154,243847,13842
2,pg,U,wide,both,155,245081,13842
2,pg,U,wide,both,156,262238,13842
2,pg,U,wide,both,157,244513,13842
2,pg,U,wide,both,158,244586,13842
2,pg,U,wide,both,159,253193,13842
2,pg,U,wide,both,160,246230,13842
2,pg,U,wide,both,161,246599,13842
2,pg,U,wide,both,162,724814,13842
2,pg,U,wide,both,163,281964,13842
2,pg,U,wide,both,164,295040,13842
2,pg,U,wide,both,165,259330,13842
2,pg,U,wide,both,166,258264,13842
2,pg,U,wide,both,167,254785,13842
2,pg,U,wide,both,168,300152,13842
2,pg,U,wide,both,169,278574,13842
2,pg,U,wide,both,170,431475,13842
2,pg,U,wide,both,171,341862,13842
2,pg,U,wide,both,172,285252,13842
2,pg,U,wide,both,173,247796,13842
2,pg,U,wide,both,174,248103,13842
2,pg,U,wide,both,175,241720,13842
2,pg,U,wide,both,176,250923,13842
2,pg,U,wide,both,177,259417,13842
2,pg,U,wide,both,178,246396,13842
2,pg,U,wide,both,179,263342,13842
2,pg,U,wide,both,180,253760,13842
2,pg,U,wide,both,181,249723,13842
2,pg,U,wide,both,182,252830,13842
2,pg,U,wide,both,183,270785,13842
2,pg,U,wide,both,184,277284,13842
2,pg,U,wide,both,185,249171,13842
2,pg,U,wide,both,186,246081,13842
2,pg,U,wide,both,187,240351,13842
2,pg,U,wide,both,188,334944,13842
2,pg,U,wide,both,189,314578,13842
2,pg,U,wide,both,190,336458,13842
2,pg,U,wide,both,191,434596,13842
2,pg,U,wide,both,192,364016,13842
2,pg,U,wide,both,193,351717,13842
2,pg,U,wide,both,194,308545,13842
2,pg,U,wide,both,195,308497,13842
2,pg,U,wide,both,196,259787,13842
2,pg,U,wide,both,197,292343,13842
2,pg,U,wide,both,198,289494,13842
2,pg,U,wide,both,199,248902,13842
2,pg,U,medium,both,0,138706,7650
2,pg,U,medium,both,1,141143,7650
2,pg,U,medium,both,2,141511,7650
2,pg,U,medium,both,3,138558,7650
2,pg,U,medium,both,4,140724,7650
2,pg,U,medium,both,5,140099,7650
2,pg,U,medium,both,6,143352,7650
2,pg,U,medium,both,7,140327,7650
2,pg,U,medium,both,8,148366,7650
2,pg,U,medium,both,9,191482,7650
2,pg,U,medium,both,10,157798,7650
2,pg,U,medium,both,11,144557,7650
2,pg,U,medium,both,12,142580,7650
2,pg,U,medium,both,13,137475,7650
2,pg,U,medium,both,14,141408,7650
2,pg,U,medium,both,15,138522,7650
2,pg,U,medium,both,16,140398,7650
2,pg,U,medium,both,17,188946,7650
2,pg,U,medium,both,18,158632,7650
2,pg,U,medium,both,19,231478,7650
2,pg,U,medium,both,20,210663,7650
2,pg,U,medium,both,21,264310,7650
2,pg,U,medium,both,22,192928,7650
2,pg,U,medium,both,23,272783,7650
2,pg,U,medium,both,24,167553,7650
2,pg,U,medium,both,25,196483,7650
2,pg,U,medium,both,26,181473,7650
2,pg,U,medium,both,27,174605,7650
2,pg,U,medium,both,28,148936,7650
2,pg,U,medium,both,29,149118,7650
2,pg,U,medium,both,30,156227,7650
2,pg,U,medium,both,31,257728,7650
2,pg,U,medium,both,32,214599,7650
2,pg,U,medium,both,33,169893,7650
2,pg,U,medium,both,34,192590,7650
2,pg,U,medium,both,35,197328,7650
2,pg,U,medium,both,36,172157,7650
2,pg,U,medium,both,37,175345,7650
2,pg,U,medium,both,38,165642,7650
2,pg,U,medium,both,39,188728,7650
2,pg,U,medium,both,40,186449,7650
2,pg,U,medium,both,41,211029,7650
2,pg,U,medium,both,42,158861,7650
2,pg,U,medium,both,43,138480,7650
2,pg,U,medium,both,44,164749,7650
2,pg,U,medium,both,45,140665,7650
2,pg,U,medium,both,46,186513,7650
2,pg,U,medium,both,47,207753,7650
2,pg,U,medium,both,48,201661,7650
2,pg,U,medium,both,49,177004,7650
2,pg,U,medium,both,50,140167,7650
2,pg,U,medium,both,51,161361,7650
2,pg,U,medium,both,52,202582,7650
2,pg,U,medium,both,53,199071,7650
2,pg,U,medium,both,54,195544,7650
2,pg,U,medium,both,55,220409,7650
2,pg,U,medium,both,56,236537,7650
2,pg,U,medium,both,57,299419,7650
2,pg,U,medium,both,58,171912,7650
2,pg,U,medium,both,59,187509,7650
2,pg,U,medium,both,60,155180,7650
2,pg,U,medium,both,61,145453,7650
2,pg,U,medium,both,62,141135,7650
2,pg,U,medium,both,63,145092,7650
2,pg,U,medium,both,64,146385,7650
2,pg,U,medium,both,65,143499,7650
2,pg,U,medium,both,66,138378,7650
2,pg,U,medium,both,67,141946,7650
2,pg,U,medium,both,68,149806,7650
2,pg,U,medium,both,69,143867,7650
2,pg,U,medium,both,70,148572,7650
2,pg,U,medium,both,71,159719,7650
2,pg,U,medium,both,72,143992,7650
2,pg,U,medium,both,73,169160,7650
2,pg,U,medium,both,74,160629,7650
2,pg,U,medium,both,75,151574,7650
2,pg,U,medium,both,76,144784,7650
2,pg,U,medium,both,77,143259,7650
2,pg,U,medium,both,78,140478,7650
2,pg,U,medium,both,79,180557,7650
2,pg,U,medium,both,80,152904,7650
2,pg,U,medium,both,81,180936,7650
2,pg,U,medium,both,82,152386,7650
2,pg,U,medium,both,83,171297,7650
2,pg,U,medium,both,84,154675,7650
2,pg,U,medium,both,85,140079,7650
2,pg,U,medium,both,86,194778,7650
2,pg,U,medium,both,87,182701,7650
2,pg,U,medium,both,88,179746,7650
2,pg,U,medium,both,89,171421,7650
2,pg,U,medium,both,90,181956,7650
2,pg,U,medium,both,91,181018,7650
2,pg,U,medium,both,92,181416,7650
2,pg,U,medium,both,93,140774,7650
2,pg,U,medium,both,94,146184,7650
2,pg,U,medium,both,95,140747,7650
2,pg,U,medium,both,96,163638,7650
2,pg,U,medium,both,97,153615,7650
2,pg,U,medium,both,98,162965,7650
2,pg,U,medium,both,99,145448,7650
2,pg,U,medium,both,100,145063,7650
2,pg,U,medium,both,101,194764,7650
2,pg,U,medium,both,102,144892,7650
2,pg,U,medium,both,103,152783,7650
2,pg,U,medium,both,104,137441,7650
2,pg,U,medium,both,105,169067,7650
2,pg,U,medium,both,106,172670,7650
2,pg,U,medium,both,107,175044,7650
2,pg,U,medium,both,108,139158,7650
2,pg,U,medium,both,109,144806,7650
2,pg,U,medium,both,110,156143,7650
2,pg,U,medium,both,111,138062,7650
2,pg,U,medium,both,112,174290,7650
2,pg,U,medium,both,113,191728,7650
2,pg,U,medium,both,114,207964,7650
2,pg,U,medium,both,115,200532,7650
2,pg,U,medium,both,116,146182,7650
2,pg,U,medium,both,117,143972,7650
2,pg,U,medium,both,118,137680,7650
2,pg,U,medium,both,119,148175,7650
2,pg,U,medium,both,120,176772,7650
2,pg,U,medium,both,121,179527,7650
2,pg,U,medium,both,122,211712,7650
2,pg,U,medium,both,123,169920,7650
2,pg,U,medium,both,124,171251,7650
2,pg,U,medium,both,125,154147,7650
2,pg,U,medium,both,126,176365,7650
2,pg,U,medium,both,127,152270,7650
2,pg,U,medium,both,128,145497,7650
2,pg,U,medium,both,129,146022,7650
2,pg,U,medium,both,130,143303,7650
2,pg,U,medium,both,131,149178,7650
2,pg,U,medium,both,132,141960,7650
2,pg,U,medium,both,133,138123,7650
2,pg,U,medium,both,134,174918,7650
2,pg,U,medium,both,135,143219,7650
2,pg,U,medium,both,136,147694,7650
2,pg,U,medium,both,137,137405,7650
2,pg,U,medium,both,138,149271,7650
2,pg,U,medium,both,139,138495,7650
2,pg,U,medium,both,140,137986,7650
2,pg,U,medium,both,141,140457,7650
2,pg,U,medium,both,142,170006,7650
2,pg,U,medium,both,143,138723,7650
2,pg,U,medium,both,144,149899,7650
2,pg,U,medium,both,145,140834,7650
2,pg,U,medium,both,146,146651,7650
2,pg,U,medium,both,147,167271,7650
2,pg,U,medium,both,148,208692,7650
2,pg,U,medium,both,149,233977,7650
2,pg,U,medium,both,150,195856,7650
2,pg,U,medium,both,151,171096,7650
2,pg,U,medium,both,152,140833,7650
2,pg,U,medium,both,153,138231,7650
2,pg,U,medium,both,154,138913,7650
2,pg,U,medium,both,155,137780,7650
2,pg,U,medium,both,156,135555,7650
2,pg,U,medium,both,157,227419,7650
2,pg,U,medium,both,158,207507,7650
2,pg,U,medium,both,159,192055,7650
2,pg,U,medium,both,160,136977,7650
2,pg,U,medium,both,161,146964,7650
2,pg,U,medium,both,162,165830,7650
2,pg,U,medium,both,163,179011,7650
2,pg,U,medium,both,164,200083,7650
2,pg,U,medium,both,165,140887,7650
2,pg,U,medium,both,166,144008,7650
2,pg,U,medium,both,167,144252,7650
2,pg,U,medium,both,168,142097,7650
2,pg,U,medium,both,169,145539,7650
2,pg,U,medium,both,170,138343,7650
2,pg,U,medium,both,171,138504,7650
2,pg,U,medium,both,172,137981,7650
2,pg,U,medium,both,173,166739,7650
2,pg,U,medium,both,174,143085,7650
2,pg,U,medium,both,175,176296,7650
2,pg,U,medium,both,176,140998,7650
2,pg,U,medium,both,177,137216,7650
2,pg,U,medium,both,178,141351,7650
2,pg,U,medium,both,179,136405,7650
2,pg,U,medium,both,180,167642,7650
2,pg,U,medium,both,181,168184,7650
2,pg,U,medium,both,182,215356,7650
2,pg,U,medium,both,183,172450,7650
2,pg,U,medium,both,184,178755,7650
2,pg,U,medium,both,185,200079,7650
2,pg,U,medium,both,186,146815,7650
2,pg,U,medium,both,187,152461,7650
2,pg,U,medium,both,188,156909,7650
2,pg,U,medium,both,189,139419,7650
2,pg,U,medium,both,190,140711,7650
2,pg,U,medium,both,191,196622,7650
2,pg,U,medium,both,192,212810,7650
2,pg,U,medium,both,193,206302,7650
2,pg,U,medium,both,194,163892,7650
2,pg,U,medium,both,195,143845,7650
2,pg,U,medium,both,196,147949,7650
2,pg,U,medium,both,197,139350,7650
2,pg,U,medium,both,198,137832,7650
2,pg,U,medium,both,199,144337,7650
2,mongo,S,medium,both,0,102278,7648
2,mongo,S,medium,both,1,91441,7648
2,mongo,S,medium,both,2,81820,7648
2,mongo,S,medium,both,3,70330,7648
2,mongo,S,medium,both,4,81756,7648
2,mongo,S,medium,both,5,73314,7648
2,mongo,S,medium,both,6,70656,7648
2,mongo,S,medium,both,7,75724,7648
2,mongo,S,medium,both,8,70231,7648
2,mongo,S,medium,both,9,67090,7648
2,mongo,S,medium,both,10,66822,7648
2,mongo,S,medium,both,11,76119,7648
2,mongo,S,medium,both,12,86998,7648
2,mongo,S,medium,both,13,73299,7648
2,mongo,S,medium,both,14,72993,7648
2,mongo,S,medium,both,15,75140,7648
2,mongo,S,medium,both,16,72511,7648
2,mongo,S,medium,both,17,71461,7648
2,mongo,S,medium,both,18,76061,7648
2,mongo,S,medium,both,19,70982,7648
2,mongo,S,medium,both,20,71097,7648
2,mongo,S,medium,both,21,67620,7648
2,mongo,S,medium,both,22,69427,7648
2,mongo,S,medium,both,23,65507,7648
2,mongo,S,medium,both,24,70314,7648
2,mongo,S,medium,both,25,70400,7648
2,mongo,S,medium,both,26,69600,7648
2,mongo,S,medium,both,27,70424,7648
2,mongo,S,medium,both,28,74172,7648
2,mongo,S,medium,both,29,72101,7648
2,mongo,S,medium,both,30,80898,7648
2,mongo,S,medium,both,31,75833,7648
2,mongo,S,medium,both,32,68181,7648
2,mongo,S,medium,both,33,72967,7648
2,mongo,S,medium,both,34,72073,7648
2,mongo,S,medium,both,35,86430,7648
2,mongo,S,medium,both,36,82620,7648
2,mongo,S,medium,both,37,74711,7648
2,mongo,S,medium,both,38,84684,7648
2,mongo,S,medium,both,39,76987,7648
2,mongo,S,medium,both,40,82011,7648
2,mongo,S,medium,both,41,88151,7648
2,mongo,S,medium,both,42,70517,7648
2,mongo,S,medium,both,43,70223,7648
2,mongo,S,medium,both,44,73850,7648
2,mongo,S,medium,both,45,71275,7648
2,mongo,S,medium,both,46,69182,7648
2,mongo,S,medium,both,47,70547,7648
2,mongo,S,medium,both,48,70542,7648
2,mongo,S,medium,both,49,70545,7648
2,mongo,S,medium,both,50,71710,7648
2,mongo,S,medium,both,51,69752,7648
2,mongo,S,medium,both,52,69086,7648
2,mongo,S,medium,both,53,68487,7648
2,mongo,S,medium,both,54,69990,7648
2,mongo,S,medium,both,55,71953,7648
2,mongo,S,medium,both,56,102126,7648
2,mongo,S,medium,both,57,128295,7648
2,mongo,S,medium,both,58,92394,7648
2,mongo,S,medium,both,59,84111,7648
2,mongo,S,medium,both,60,80029,7648
2,mongo,S,medium,both,61,78428,7648
2,mongo,S,medium,both,62,74262,7648
2,mongo,S,medium,both,63,77206,7648
2,mongo,S,medium,both,64,93334,7648
2,mongo,S,medium,both,65,78741,7648
2,mongo,S,medium,both,66,74695,7648
2,mongo,S,medium,both,67,71524,7648
2,mongo,S,medium,both,68,72752,7648
2,mongo,S,medium,both,69,69085,7648
2,mongo,S,medium,both,70,80560,7648
2,mongo,S,medium,both,71,73011,7648
2,mongo,S,medium,both,72,73866,7648
2,mongo,S,medium,both,73,67601,7648
2,mongo,S,medium,both,74,66494,7648
2,mongo,S,medium,both,75,68547,7648
2,mongo,S,medium,both,76,67752,7648
2,mongo,S,medium,both,77,65072,7648
2,mongo,S,medium,both,78,104581,7648
2,mongo,S,medium,both,79,75721,7648
2,mongo,S,medium,both,80,72660,7648
2,mongo,S,medium,both,81,79833,7648
2,mongo,S,medium,both,82,69295,7648
2,mongo,S,medium,both,83,67163,7648
2,mongo,S,medium,both,84,68409,7648
2,mongo,S,medium,both,85,80585,7648
2,mongo,S,medium,both,86,69125,7648
2,mongo,S,medium,both,87,71489,7648
2,mongo,S,medium,both,88,71825,7648
2,mongo,S,medium,both,89,71327,7648
2,mongo,S,medium,both,90,74579,7648
2,mongo,S,medium,both,91,67971,7648
2,mongo,S,medium,both,92,69355,7648
2,mongo,S,medium,both,93,67594,7648
2,mongo,S,medium,both,94,66176,7648
2,mongo,S,medium,both,95,69668,7648
2,mongo,S,medium,both,96,77166,7648
2,mongo,S,medium,both,97,68737,7648
2,mongo,S,medium,both,98,76129,7648
2,mongo,S,medium,both,99,68241,7648
2,mongo,S,medium,both,100,65116,7648
2,mongo,S,medium,both,101,64930,7648
2,mongo,S,medium,both,102,77045,7648
2,mongo,S,medium,both,103,66112,7648
2,mongo,S,medium,both,104,69351,7648
2,mongo,S,medium,both,105,68119,7648
2,mongo,S,medium,both,106,67576,7648
2,mongo,S,medium,both,107,64938,7648
2,mongo,S,medium,both,108,72645,7648
2,mongo,S,medium,both,109,81817,7648
2,mongo,S,medium,both,110,80984,7648
2,mongo,S,medium,both,111,72824,7648
2,mongo,S,medium,both,112,79169,7648
2,mongo,S,medium,both,113,75386,7648
2,mongo,S,medium,both,114,93468,7648
2,mongo,S,medium,both,115,82681,7648
2,mongo,S,medium,both,116,68505,7648
2,mongo,S,medium,both,117,65618,7648
2,mongo,S,medium,both,118,73488,7648
2,mongo,S,medium,both,119,71294,7648
2,mongo,S,medium,both,120,71396,7648
2,mongo,S,medium,both,121,71554,7648
2,mongo,S,medium,both,122,69336,7648
2,mongo,S,medium,both,123,68488,7648
2,mongo,S,medium,both,124,76675,7648
2,mongo,S,medium,both,125,66220,7648
2,mongo,S,medium,both,126,67253,7648
2,mongo,S,medium,both,127,69366,7648
2,mongo,S,medium,both,128,70929,7648
2,mongo,S,medium,both,129,66515,7648
2,mongo,S,medium,both,130,65191,7648
2,mongo,S,medium,both,131,73514,7648
2,mongo,S,medium,both,132,68690,7648
2,mongo,S,medium,both,133,82177,7648
2,mongo,S,medium,both,134,87065,7648
2,mongo,S,medium,both,135,95456,7648
2,mongo,S,medium,both,136,88798,7648
2,mongo,S,medium,both,137,81976,7648
2,mongo,S,medium,both,138,76311,7648
2,mongo,S,medium,both,139,80129,7648
2,mongo,S,medium,both,140,84724,7648
2,mongo,S,medium,both,141,89302,7648
2,mongo,S,medium,both,142,78596,7648
2,mongo,S,medium,both,143,72088,7648
2,mongo,S,medium,both,144,73265,7648
2,mongo,S,medium,both,145,72494,7648
2,mongo,S,medium,both,146,79359,7648
2,mongo,S,medium,both,147,76841,7648
2,mongo,S,medium,both,148,70724,7648
2,mongo,S,medium,both,149,69475,7648
2,mongo,S,medium,both,150,73069,7648
2,mongo,S,medium,both,151,79062,7648
2,mongo,S,medium,both,152,69398,7648
2,mongo,S,medium,both,153,69103,7648
2,mongo,S,medium,both,154,70138,7648
2,mongo,S,medium,both,155,68669,7648
2,mongo,S,medium,both,156,69006,7648
2,mongo,S,medium,both,157,70111,7648
2,mongo,S,medium,both,158,66974,7648
2,mongo,S,medium,both,159,66919,7648
2,mongo,S,medium,both,160,74611,7648
2,mongo,S,medium,both,161,70965,7648
2,mongo,S,medium,both,162,72875,7648
2,mongo,S,medium,both,163,72532,7648
2,mongo,S,medium,both,164,71172,7648
2,mongo,S,medium,both,165,79943,7648
2,mongo,S,medium,both,166,76340,7648
2,mongo,S,medium,both,167,68370,7648
2,mongo,S,medium,both,168,68843,7648
2,mongo,S,medium,both,169,70806,7648
2,mongo,S,medium,both,170,80966,7648
2,mongo,S,medium,both,171,65951,7648
2,mongo,S,medium,both,172,67546,7648
2,mongo,S,medium,both,173,63698,7648
2,mongo,S,medium,both,174,67667,7648
2,mongo,S,medium,both,175,73004,7648
2,mongo,S,medium,both,176,70305,7648
2,mongo,S,medium,both,177,68605,7648
2,mongo,S,medium,both,178,72206,7648
2,mongo,S,medium,both,179,72210,7648
2,mongo,S,medium,both,180,67226,7648
2,mongo,S,medium,both,181,66565,7648
2,mongo,S,medium,both,182,69696,7648
2,mongo,S,medium,both,183,64599,7648
2,mongo,S,medium,both,184,84806,7648
2,mongo,S,medium,both,185,76870,7648
2,mongo,S,medium,both,186,70179,7648
2,mongo,S,medium,both,187,69292,7648
2,mongo,S,medium,both,188,71069,7648
2,mongo,S,medium,both,189,71559,7648
2,mongo,S,medium,both,190,74039,7648
2,mongo,S,medium,both,191,71065,7648
2,mongo,S,medium,both,192,83166,7648
2,mongo,S,medium,both,193,84480,7648
2,mongo,S,medium,both,194,66046,7648
2,mongo,S,medium,both,195,71955,7648
2,mongo,S,medium,both,196,71651,7648
2,mongo,S,medium,both,197,75744,7648
2,mongo,S,medium,both,198,70356,7648
2,mongo,S,medium,both,199,76409,7648
2,pg,U,narrow,bus,0,16961,518
2,pg,U,narrow,bus,1,11095,518
2,pg,U,narrow,bus,2,10455,518
2,pg,U,narrow,bus,3,13081,518
2,pg,U,narrow,bus,4,10876,518
2,pg,U,narrow,bus,5,10900,518
2,pg,U,narrow,bus,6,11489,518
2,pg,U,narrow,bus,7,11140,518
2,pg,U,narrow,bus,8,11312,518
2,pg,U,narrow,bus,9,10901,518
2,pg,U,narrow,bus,10,10711,518
2,pg,U,narrow,bus,11,11387,518
2,pg,U,narrow,bus,12,10469,518
2,pg,U,narrow,bus,13,11173,518
2,pg,U,narrow,bus,14,11229,518
2,pg,U,narrow,bus,15,10143,518
2,pg,U,narrow,bus,16,10864,518
2,pg,U,narrow,bus,17,10250,518
2,pg,U,narrow,bus,18,10840,518
2,pg,U,narrow,bus,19,11997,518
2,pg,U,narrow,bus,20,15314,518
2,pg,U,narrow,bus,21,10288,518
2,pg,U,narrow,bus,22,10460,518
2,pg,U,narrow,bus,23,10215,518
2,pg,U,narrow,bus,24,10431,518
2,pg,U,narrow,bus,25,10474,518
2,pg,U,narrow,bus,26,10596,518
2,pg,U,narrow,bus,27,12133,518
2,pg,U,narrow,bus,28,11145,518
2,pg,U,narrow,bus,29,9816,518
2,pg,U,narrow,bus,30,10985,518
2,pg,U,narrow,bus,31,10656,518
2,pg,U,narrow,bus,32,11042,518
2,pg,U,narrow,bus,33,11281,518
2,pg,U,narrow,bus,34,10327,518
2,pg,U,narrow,bus,35,10871,518
2,pg,U,narrow,bus,36,9714,518
2,pg,U,narrow,bus,37,12464,518
2,pg,U,narrow,bus,38,11851,518
2,pg,U,narrow,bus,39,10014,518
2,pg,U,narrow,bus,40,10907,518
2,pg,U,narrow,bus,41,12311,518
2,pg,U,narrow,bus,42,12913,518
2,pg,U,narrow,bus,43,10801,518
2,pg,U,narrow,bus,44,10579,518
2,pg,U,narrow,bus,45,10870,518
2,pg,U,narrow,bus,46,10437,518
2,pg,U,narrow,bus,47,10792,518
2,pg,U,narrow,bus,48,10409,518
2,pg,U,narrow,bus,49,12940,518
2,pg,U,narrow,bus,50,10509,518
2,pg,U,narrow,bus,51,12698,518
2,pg,U,narrow,bus,52,9988,518
2,pg,U,narrow,bus,53,10778,518
2,pg,U,narrow,bus,54,10220,518
2,pg,U,narrow,bus,55,11857,518
2,pg,U,narrow,bus,56,12326,518
2,pg,U,narrow,bus,57,10455,518
2,pg,U,narrow,bus,58,10404,518
2,pg,U,narrow,bus,59,12509,518
2,pg,U,narrow,bus,60,10926,518
2,pg,U,narrow,bus,61,12491,518
2,pg,U,narrow,bus,62,11682,518
2,pg,U,narrow,bus,63,10023,518
2,pg,U,narrow,bus,64,10608,518
2,pg,U,narrow,bus,65,10598,518
2,pg,U,narrow,bus,66,10273,518
2,pg,U,narrow,bus,67,11150,518
2,pg,U,narrow,bus,68,16895,518
2,pg,U,narrow,bus,69,12128,518
2,pg,U,narrow,bus,70,13339,518
2,pg,U,narrow,bus,71,14513,518
2,pg,U,narrow,bus,72,13686,518
2,pg,U,narrow,bus,73,13301,518
2,pg,U,narrow,bus,74,15564,518
2,pg,U,narrow,bus,75,14388,518
2,pg,U,narrow,bus,76,14602,518
2,pg,U,narrow,bus,77,15628,518
2,pg,U,narrow,bus,78,15189,518
2,pg,U,narrow,bus,79,12323,518
2,pg,U,narrow,bus,80,15065,518
2,pg,U,narrow,bus,81,13578,518
2,pg,U,narrow,bus,82,12835,518
2,pg,U,narrow,bus,83,12413,518
2,pg,U,narrow,bus,84,12075,518
2,pg,U,narrow,bus,85,12979,518
2,pg,U,narrow,bus,86,14835,518
2,pg,U,narrow,bus,87,13046,518
2,pg,U,narrow,bus,88,11701,518
2,pg,U,narrow,bus,89,13661,518
2,pg,U,narrow,bus,90,11499,518
2,pg,U,narrow,bus,91,13146,518
2,pg,U,narrow,bus,92,12936,518
2,pg,U,narrow,bus,93,15175,518
2,pg,U,narrow,bus,94,12456,518
2,pg,U,narrow,bus,95,12727,518
2,pg,U,narrow,bus,96,11477,518
2,pg,U,narrow,bus,97,12420,518
2,pg,U,narrow,bus,98,12017,518
2,pg,U,narrow,bus,99,13092,518
2,pg,U,narrow,bus,100,13292,518
2,pg,U,narrow,bus,101,13179,518
2,pg,U,narrow,bus,102,12555,518
2,pg,U,narrow,bus,103,14125,518
2,pg,U,narrow,bus,104,11698,518
2,pg,U,narrow,bus,105,11923,518
2,pg,U,narrow,bus,106,12244,518
2,pg,U,narrow,bus,107,12830,518
2,pg,U,narrow,bus,108,13676,518
2,pg,U,narrow,bus,109,13023,518
2,pg,U,narrow,bus,110,11874,518
2,pg,U,narrow,bus,111,11686,518
2,pg,U,narrow,bus,112,13054,518
2,pg,U,narrow,bus,113,13857,518
2,pg,U,narrow,bus,114,12898,518
2,pg,U,narrow,bus,115,11938,518
2,pg,U,narrow,bus,116,10688,518
2,pg,U,narrow,bus,117,10750,518
2,pg,U,narrow,bus,118,10412,518
2,pg,U,narrow,bus,119,10560,518
2,pg,U,narrow,bus,120,12080,518
2,pg,U,narrow,bus,121,10443,518
2,pg,U,narrow,bus,122,9956,518
2,pg,U,narrow,bus,123,12872,518
2,pg,U,narrow,bus,124,11911,518
2,pg,U,narrow,bus,125,10092,518
2,pg,U,narrow,bus,126,10203,518
2,pg,U,narrow,bus,127,12142,518
2,pg,U,narrow,bus,128,13052,518
2,pg,U,narrow,bus,129,10839,518
2,pg,U,narrow,bus,130,10451,518
2,pg,U,narrow,bus,131,10510,518
2,pg,U,narrow,bus,132,11471,518
2,pg,U,narrow,bus,133,10315,518
2,pg,U,narrow,bus,134,10941,518
2,pg,U,narrow,bus,135,9926,518
2,pg,U,narrow,bus,136,11055,518
2,pg,U,narrow,bus,137,10662,518
2,pg,U,narrow,bus,138,10143,518
2,pg,U,narrow,bus,139,10424,518
2,pg,U,narrow,bus,140,10711,518
2,pg,U,narrow,bus,141,9947,518
2,pg,U,narrow,bus,142,10572,518
2,pg,U,narrow,bus,143,9575,518
2,pg,U,narrow,bus,144,9969,518
2,pg,U,narrow,bus,145,10436,518
2,pg,U,narrow,bus,146,12175,518
2,pg,U,narrow,bus,147,10492,518
2,pg,U,narrow,bus,148,10679,518
2,pg,U,narrow,bus,149,11848,518
2,pg,U,narrow,bus,150,10072,518
2,pg,U,narrow,bus,151,10727,518
2,pg,U,narrow,bus,152,9803,518
2,pg,U,narrow,bus,153,13042,518
2,pg,U,narrow,bus,154,13211,518
2,pg,U,narrow,bus,155,11368,518
2,pg,U,narrow,bus,156,11189,518
2,pg,U,narrow,bus,157,11627,518
2,pg,U,narrow,bus,158,11140,518
2,pg,U,narrow,bus,159,12611,518
2,pg,U,narrow,bus,160,10889,518
2,pg,U,narrow,bus,161,10373,518
2,pg,U,narrow,bus,162,10877,518
2,pg,U,narrow,bus,163,10363,518
2,pg,U,narrow,bus,164,10506,518
2,pg,U,narrow,bus,165,12045,518
2,pg,U,narrow,bus,166,11341,518
2,pg,U,narrow,bus,167,13120,518
2,pg,U,narrow,bus,168,11525,518
2,pg,U,narrow,bus,169,10316,518
2,pg,U,narrow,bus,170,13585,518
2,pg,U,narrow,bus,171,13484,518
2,pg,U,narrow,bus,172,11968,518
2,pg,U,narrow,bus,173,10758,518
2,pg,U,narrow,bus,174,11071,518
2,pg,U,narrow,bus,175,10640,518
2,pg,U,narrow,bus,176,10508,518
2,pg,U,narrow,bus,177,11270,518
2,pg,U,narrow,bus,178,9645,518
2,pg,U,narrow,bus,179,10429,518
2,pg,U,narrow,bus,180,12574,518
2,pg,U,narrow,bus,181,12426,518
2,pg,U,narrow,bus,182,11656,518
2,pg,U,narrow,bus,183,10906,518
2,pg,U,narrow,bus,184,10024,518
2,pg,U,narrow,bus,185,10510,518
2,pg,U,narrow,bus,186,10924,518
2,pg,U,narrow,bus,187,9944,518
2,pg,U,narrow,bus,188,9888,518
2,pg,U,narrow,bus,189,10331,518
2,pg,U,narrow,bus,190,11566,518
2,pg,U,narrow,bus,191,11875,518
2,pg,U,narrow,bus,192,9925,518
2,pg,U,narrow,bus,193,9684,518
2,pg,U,narrow,bus,194,9668,518
2,pg,U,narrow,bus,195,9984,518
2,pg,U,narrow,bus,196,10477,518
2,pg,U,narrow,bus,197,9709,518
2,pg,U,narrow,bus,198,9671,518
2,pg,U,narrow,bus,199,11507,518
2,pg,U,narrow,bike,0,6935,166
2,pg,U,narrow,bike,1,6335,166
2,pg,U,narrow,bike,2,6785,166
2,pg,U,narrow,bike,3,6050,166
2,pg,U,narrow,bike,4,6690,166
2,pg,U,narrow,bike,5,7002,166
2,pg,U,narrow,bike,6,6464,166
2,pg,U,narrow,bike,7,7142,166
2,pg,U,narrow,bike,8,6673,166
2,pg,U,narrow,bike,9,6527,166
2,pg,U,narrow,bike,10,6091,166
2,pg,U,narrow,bike,11,6536,166
2,pg,U,narrow,bike,12,7113,166
2,pg,U,narrow,bike,13,6576,166
2,pg,U,narrow,bike,14,6548,166
2,pg,U,narrow,bike,15,6482,166
2,pg,U,narrow,bike,16,6922,166
2,pg,U,narrow,bike,17,7838,166
2,pg,U,narrow,bike,18,8020,166
2,pg,U,narrow,bike,19,6483,166
2,pg,U,narrow,bike,20,6948,166
2,pg,U,narrow,bike,21,6980,166
2,pg,U,narrow,bike,22,6361,166
2,pg,U,narrow,bike,23,7226,166
2,pg,U,narrow,bike,24,6291,166
2,pg,U,narrow,bike,25,7721,166
2,pg,U,narrow,bike,26,7359,166
2,pg,U,narrow,bike,27,7529,166
2,pg,U,narrow,bike,28,7251,166
2,pg,U,narrow,bike,29,6857,166
2,pg,U,narrow,bike,30,8020,166
2,pg,U,narrow,bike,31,6204,166
2,pg,U,narrow,bike,32,7003,166
2,pg,U,narrow,bike,33,6346,166
2,pg,U,narrow,bike,34,6292,166
2,pg,U,narrow,bike,35,7137,166
2,pg,U,narrow,bike,36,5999,166
2,pg,U,narrow,bike,37,7014,166
2,pg,U,narrow,bike,38,6921,166
2,pg,U,narrow,bike,39,7134,166
2,pg,U,narrow,bike,40,6676,166
2,pg,U,narrow,bike,41,6044,166
2,pg,U,narrow,bike,42,7529,166
2,pg,U,narrow,bike,43,7517,166
2,pg,U,narrow,bike,44,7550,166
2,pg,U,narrow,bike,45,6790,166
2,pg,U,narrow,bike,46,6278,166
2,pg,U,narrow,bike,47,6992,166
2,pg,U,narrow,bike,48,6449,166
2,pg,U,narrow,bike,49,7168,166
2,pg,U,narrow,bike,50,8126,166
2,pg,U,narrow,bike,51,7115,166
2,pg,U,narrow,bike,52,8193,166
2,pg,U,narrow,bike,53,7154,166
2,pg,U,narrow,bike,54,7831,166
2,pg,U,narrow,bike,55,6075,166
2,pg,U,narrow,bike,56,8358,166
2,pg,U,narrow,bike,57,6720,166
2,pg,U,narrow,bike,58,7077,166
2,pg,U,narrow,bike,59,7345,166
2,pg,U,narrow,bike,60,7191,166
2,pg,U,narrow,bike,61,7476,166
2,pg,U,narrow,bike,62,6946,166
2,pg,U,narrow,bike,63,6955,166
2,pg,U,narrow,bike,64,6528,166
2,pg,U,narrow,bike,65,6928,166
2,pg,U,narrow,bike,66,6501,166
2,pg,U,narrow,bike,67,7152,166
2,pg,U,narrow,bike,68,6806,166
2,pg,U,narrow,bike,69,6705,166
2,pg,U,narrow,bike,70,7235,166
2,pg,U,narrow,bike,71,7017,166
2,pg,U,narrow,bike,72,6745,166
2,pg,U,narrow,bike,73,6724,166
2,pg,U,narrow,bike,74,6579,166
2,pg,U,narrow,bike,75,7189,166
2,pg,U,narrow,bike,76,6651,166
2,pg,U,narrow,bike,77,7735,166
2,pg,U,narrow,bike,78,7794,166
2,pg,U,narrow,bike,79,6182,166
2,pg,U,narrow,bike,80,6792,166
2,pg,U,narrow,bike,81,7154,166
2,pg,U,narrow,bike,82,7359,166
2,pg,U,narrow,bike,83,7414,166
2,pg,U,narrow,bike,84,6871,166
2,pg,U,narrow,bike,85,7271,166
2,pg,U,narrow,bike,86,7351,166
2,pg,U,narrow,bike,87,6860,166
2,pg,U,narrow,bike,88,6998,166
2,pg,U,narrow,bike,89,7996,166
2,pg,U,narrow,bike,90,6842,166
2,pg,U,narrow,bike,91,7045,166
2,pg,U,narrow,bike,92,7256,166
2,pg,U,narrow,bike,93,6520,166
2,pg,U,narrow,bike,94,6068,166
2,pg,U,narrow,bike,95,6480,166
2,pg,U,narrow,bike,96,6755,166
2,pg,U,narrow,bike,97,7413,166
2,pg,U,narrow,bike,98,7154,166
2,pg,U,narrow,bike,99,6120,166
2,pg,U,narrow,bike,100,6758,166
2,pg,U,narrow,bike,101,7517,166
2,pg,U,narrow,bike,102,7257,166
2,pg,U,narrow,bike,103,6618,166
2,pg,U,narrow,bike,104,6165,166
2,pg,U,narrow,bike,105,6761,166
2,pg,U,narrow,bike,106,6041,166
2,pg,U,narrow,bike,107,7460,166
2,pg,U,narrow,bike,108,7852,166
2,pg,U,narrow,bike,109,6428,166
2,pg,U,narrow,bike,110,7140,166
2,pg,U,narrow,bike,111,7496,166
2,pg,U,narrow,bike,112,8146,166
2,pg,U,narrow,bike,113,8246,166
2,pg,U,narrow,bike,114,7107,166
2,pg,U,narrow,bike,115,9072,166
2,pg,U,narrow,bike,116,7559,166
2,pg,U,narrow,bike,117,6747,166
2,pg,U,narrow,bike,118,6595,166
2,pg,U,narrow,bike,119,6815,166
2,pg,U,narrow,bike,120,6754,166
2,pg,U,narrow,bike,121,6993,166
2,pg,U,narrow,bike,122,7141,166
2,pg,U,narrow,bike,123,6481,166
2,pg,U,narrow,bike,124,6921,166
2,pg,U,narrow,bike,125,6797,166
2,pg,U,narrow,bike,126,6817,166
2,pg,U,narrow,bike,127,7378,166
2,pg,U,narrow,bike,128,6614,166
2,pg,U,narrow,bike,129,7136,166
2,pg,U,narrow,bike,130,7666,166
2,pg,U,narrow,bike,131,7134,166
2,pg,U,narrow,bike,132,7195,166
2,pg,U,narrow,bike,133,6513,166
2,pg,U,narrow,bike,134,6566,166
2,pg,U,narrow,bike,135,6877,166
2,pg,U,narrow,bike,136,6552,166
2,pg,U,narrow,bike,137,6886,166
2,pg,U,narrow,bike,138,6759,166
2,pg,U,narrow,bike,139,7617,166
2,pg,U,narrow,bike,140,7073,166
2,pg,U,narrow,bike,141,8110,166
2,pg,U,narrow,bike,142,8120,166
2,pg,U,narrow,bike,143,7367,166
2,pg,U,narrow,bike,144,7633,166
2,pg,U,narrow,bike,145,6525,166
2,pg,U,narrow,bike,146,6158,166
2,pg,U,narrow,bike,147,6873,166
2,pg,U,narrow,bike,148,7024,166
2,pg,U,narrow,bike,149,6705,166
2,pg,U,narrow,bike,150,7930,166
2,pg,U,narrow,bike,151,7342,166
2,pg,U,narrow,bike,152,6809,166
2,pg,U,narrow,bike,153,6970,166
2,pg,U,narrow,bike,154,8076,166
2,pg,U,narrow,bike,155,9159,166
2,pg,U,narrow,bike,156,7097,166
2,pg,U,narrow,bike,157,7068,166
2,pg,U,narrow,bike,158,7044,166
2,pg,U,narrow,bike,159,7508,166
2,pg,U,narrow,bike,160,7652,166
2,pg,U,narrow,bike,161,6147,166
2,pg,U,narrow,bike,162,6752,166
2,pg,U,narrow,bike,163,7025,166
2,pg,U,narrow,bike,164,7296,166
2,pg,U,narrow,bike,165,6453,166
2,pg,U,narrow,bike,166,6994,166
2,pg,U,narrow,bike,167,6896,166
2,pg,U,narrow,bike,168,6773,166
2,pg,U,narrow,bike,169,6783,166
2,pg,U,narrow,bike,170,7041,166
2,pg,U,narrow,bike,171,6825,166
2,pg,U,narrow,bike,172,6294,166
2,pg,U,narrow,bike,173,6949,166
2,pg,U,narrow,bike,174,7005,166
2,pg,U,narrow,bike,175,6851,166
2,pg,U,narrow,bike,176,6219,166
2,pg,U,narrow,bike,177,7162,166
2,pg,U,narrow,bike,178,7189,166
2,pg,U,narrow,bike,179,6512,166
2,pg,U,narrow,bike,180,6911,166
2,pg,U,narrow,bike,181,7263,166
2,pg,U,narrow,bike,182,7069,166
2,pg,U,narrow,bike,183,6879,166
2,pg,U,narrow,bike,184,7037,166
2,pg,U,narrow,bike,185,6748,166
2,pg,U,narrow,bike,186,6651,166
2,pg,U,narrow,bike,187,7419,166
2,pg,U,narrow,bike,188,6716,166
2,pg,U,narrow,bike,189,6885,166
2,pg,U,narrow,bike,190,7030,166
2,pg,U,narrow,bike,191,7207,166
2,pg,U,narrow,bike,192,7196,166
2,pg,U,narrow,bike,193,6828,166
2,pg,U,narrow,bike,194,6506,166
2,pg,U,narrow,bike,195,6574,166
2,pg,U,narrow,bike,196,7226,166
2,pg,U,narrow,bike,197,6299,166
2,pg,U,narrow,bike,198,6819,166
2,pg,U,narrow,bike,199,8173,166
2,pg,S,wide,bike,0,85123,2747
2,pg,S,wide,bike,1,88916,2747
2,pg,S,wide,bike,2,69384,2747
2,pg,S,wide,bike,3,72824,2747
2,pg,S,wide,bike,4,96428,2747
2,pg,S,wide,bike,5,69772,2747
2,pg,S,wide,bike,6,70661,2747
2,pg,S,wide,bike,7,85978,2747
2,pg,S,wide,bike,8,87875,2747
2,pg,S,wide,bike,9,79605,2747
2,pg,S,wide,bike,10,77647,2747
2,pg,S,wide,bike,11,73067,2747
2,pg,S,wide,bike,12,72173,2747
2,pg,S,wide,bike,13,70157,2747
2,pg,S,wide,bike,14,72266,2747
2,pg,S,wide,bike,15,78312,2747
2,pg,S,wide,bike,16,71631,2747
2,pg,S,wide,bike,17,88473,2747
2,pg,S,wide,bike,18,83072,2747
2,pg,S,wide,bike,19,68651,2747
2,pg,S,wide,bike,20,66442,2747
2,pg,S,wide,bike,21,84368,2747
2,pg,S,wide,bike,22,84193,2747
2,pg,S,wide,bike,23,82725,2747
2,pg,S,wide,bike,24,84787,2747
2,pg,S,wide,bike,25,66470,2747
2,pg,S,wide,bike,26,67156,2747
2,pg,S,wide,bike,27,66404,2747
2,pg,S,wide,bike,28,67350,2747
2,pg,S,wide,bike,29,66191,2747
2,pg,S,wide,bike,30,68384,2747
2,pg,S,wide,bike,31,117754,2747
2,pg,S,wide,bike,32,94547,2747
2,pg,S,wide,bike,33,101816,2747
2,pg,S,wide,bike,34,79089,2747
2,pg,S,wide,bike,35,75613,2747
2,pg,S,wide,bike,36,77157,2747
2,pg,S,wide,bike,37,77105,2747
2,pg,S,wide,bike,38,78456,2747
2,pg,S,wide,bike,39,74708,2747
2,pg,S,wide,bike,40,79762,2747
2,pg,S,wide,bike,41,75944,2747
2,pg,S,wide,bike,42,86218,2747
2,pg,S,wide,bike,43,87724,2747
2,pg,S,wide,bike,44,68868,2747
2,pg,S,wide,bike,45,68909,2747
2,pg,S,wide,bike,46,69526,2747
2,pg,S,wide,bike,47,68967,2747
2,pg,S,wide,bike,48,85161,2747
2,pg,S,wide,bike,49,66208,2747
2,pg,S,wide,bike,50,65166,2747
2,pg,S,wide,bike,51,65563,2747
2,pg,S,wide,bike,52,66494,2747
2,pg,S,wide,bike,53,70566,2747
2,pg,S,wide,bike,54,165260,2747
2,pg,S,wide,bike,55,84253,2747
2,pg,S,wide,bike,56,96364,2747
2,pg,S,wide,bike,57,85693,2747
2,pg,S,wide,bike,58,87526,2747
2,pg,S,wide,bike,59,68018,2747
2,pg,S,wide,bike,60,68024,2747
2,pg,S,wide,bike,61,65186,2747
2,pg,S,wide,bike,62,65956,2747
2,pg,S,wide,bike,63,68178,2747
2,pg,S,wide,bike,64,67451,2747
2,pg,S,wide,bike,65,65466,2747
2,pg,S,wide,bike,66,66221,2747
2,pg,S,wide,bike,67,66630,2747
2,pg,S,wide,bike,68,65624,2747
2,pg,S,wide,bike,69,84922,2747
2,pg,S,wide,bike,70,73645,2747
2,pg,S,wide,bike,71,69336,2747
2,pg,S,wide,bike,72,67220,2747
2,pg,S,wide,bike,73,85373,2747
2,pg,S,wide,bike,74,86288,2747
2,pg,S,wide,bike,75,68553,2747
2,pg,S,wide,bike,76,66800,2747
2,pg,S,wide,bike,77,67412,2747
2,pg,S,wide,bike,78,67700,2747
2,pg,S,wide,bike,79,81518,2747
2,pg,S,wide,bike,80,74280,2747
2,pg,S,wide,bike,81,85549,2747
2,pg,S,wide,bike,82,108263,2747
2,pg,S,wide,bike,83,106464,2747
2,pg,S,wide,bike,84,86159,2747
2,pg,S,wide,bike,85,79277,2747
2,pg,S,wide,bike,86,74354,2747
2,pg,S,wide,bike,87,70627,2747
2,pg,S,wide,bike,88,66426,2747
2,pg,S,wide,bike,89,65568,2747
2,pg,S,wide,bike,90,84356,2747
2,pg,S,wide,bike,91,66533,2747
2,pg,S,wide,bike,92,67617,2747
2,pg,S,wide,bike,93,83909,2747
2,pg,S,wide,bike,94,67052,2747
2,pg,S,wide,bike,95,86563,2747
2,pg,S,wide,bike,96,84576,2747
2,pg,S,wide,bike,97,84158,2747
2,pg,S,wide,bike,98,87288,2747
2,pg,S,wide,bike,99,85249,2747
2,pg,S,wide,bike,100,83554,2747
2,pg,S,wide,bike,101,85906,2747
2,pg,S,wide,bike,102,68092,2747
2,pg,S,wide,bike,103,68705,2747
2,pg,S,wide,bike,104,66704,2747
2,pg,S,wide,bike,105,82815,2747
2,pg,S,wide,bike,106,75459,2747
2,pg,S,wide,bike,107,86547,2747
2,pg,S,wide,bike,108,81184,2747
2,pg,S,wide,bike,109,81823,2747
2,pg,S,wide,bike,110,90109,2747
2,pg,S,wide,bike,111,79171,2747
2,pg,S,wide,bike,112,81880,2747
2,pg,S,wide,bike,113,83172,2747
2,pg,S,wide,bike,114,80463,2747
2,pg,S,wide,bike,115,69062,2747
2,pg,S,wide,bike,116,70019,2747
2,pg,S,wide,bike,117,75100,2747
2,pg,S,wide,bike,118,71573,2747
2,pg,S,wide,bike,119,69489,2747
2,pg,S,wide,bike,120,69877,2747
2,pg,S,wide,bike,121,68727,2747
2,pg,S,wide,bike,122,69389,2747
2,pg,S,wide,bike,123,68717,2747
2,pg,S,wide,bike,124,68471,2747
2,pg,S,wide,bike,125,84971,2747
2,pg,S,wide,bike,126,105955,2747
2,pg,S,wide,bike,127,83518,2747
2,pg,S,wide,bike,128,68124,2747
2,pg,S,wide,bike,129,66830,2747
2,pg,S,wide,bike,130,67179,2747
2,pg,S,wide,bike,131,66981,2747
2,pg,S,wide,bike,132,65733,2747
2,pg,S,wide,bike,133,66068,2747
2,pg,S,wide,bike,134,66234,2747
2,pg,S,wide,bike,135,86970,2747
2,pg,S,wide,bike,136,83271,2747
2,pg,S,wide,bike,137,68790,2747
2,pg,S,wide,bike,138,78710,2747
2,pg,S,wide,bike,139,66309,2747
2,pg,S,wide,bike,140,69796,2747
2,pg,S,wide,bike,141,75601,2747
2,pg,S,wide,bike,142,74459,2747
2,pg,S,wide,bike,143,83951,2747
2,pg,S,wide,bike,144,65965,2747
2,pg,S,wide,bike,145,65489,2747
2,pg,S,wide,bike,146,65763,2747
2,pg,S,wide,bike,147,67843,2747
2,pg,S,wide,bike,148,88499,2747
2,pg,S,wide,bike,149,78613,2747
2,pg,S,wide,bike,150,97879,2747
2,pg,S,wide,bike,151,84904,2747
2,pg,S,wide,bike,152,78367,2747
2,pg,S,wide,bike,153,76999,2747
2,pg,S,wide,bike,154,95062,2747
2,pg,S,wide,bike,155,95002,2747
2,pg,S,wide,bike,156,96623,2747
2,pg,S,wide,bike,157,72093,2747
2,pg,S,wide,bike,158,67962,2747
2,pg,S,wide,bike,159,88335,2747
2,pg,S,wide,bike,160,69062,2747
2,pg,S,wide,bike,161,69147,2747
2,pg,S,wide,bike,162,67531,2747
2,pg,S,wide,bike,163,67622,2747
2,pg,S,wide,bike,164,68329,2747
2,pg,S,wide,bike,165,90755,2747
2,pg,S,wide,bike,166,86677,2747
2,pg,S,wide,bike,167,67031,2747
2,pg,S,wide,bike,168,68106,2747
2,pg,S,wide,bike,169,83849,2747
2,pg,S,wide,bike,170,83274,2747
2,pg,S,wide,bike,171,83090,2747
2,pg,S,wide,bike,172,66343,2747
2,pg,S,wide,bike,173,66493,2747
2,pg,S,wide,bike,174,66529,2747
2,pg,S,wide,bike,175,65589,2747
2,pg,S,wide,bike,176,67832,2747
2,pg,S,wide,bike,177,66164,2747
2,pg,S,wide,bike,178,66433,2747
2,pg,S,wide,bike,179,67051,2747
2,pg,S,wide,bike,180,66651,2747
2,pg,S,wide,bike,181,68313,2747
2,pg,S,wide,bike,182,89870,2747
2,pg,S,wide,bike,183,72600,2747
2,pg,S,wide,bike,184,78525,2747
2,pg,S,wide,bike,185,72397,2747
2,pg,S,wide,bike,186,71005,2747
2,pg,S,wide,bike,187,74958,2747
2,pg,S,wide,bike,188,77361,2747
2,pg,S,wide,bike,189,87145,2747
2,pg,S,wide,bike,190,69015,2747
2,pg,S,wide,bike,191,70423,2747
2,pg,S,wide,bike,192,69583,2747
2,pg,S,wide,bike,193,83236,2747
2,pg,S,wide,bike,194,68690,2747
2,pg,S,wide,bike,195,68590,2747
2,pg,S,wide,bike,196,68681,2747
2,pg,S,wide,bike,197,69217,2747
2,pg,S,wide,bike,198,67104,2747
2,pg,S,wide,bike,199,68504,2747
2,mongo,S,narrow,both,0,16192,684
2,mongo,S,narrow,both,1,8657,684
2,mongo,S,narrow,both,2,8698,684
2,mongo,S,narrow,both,3,10084,684
2,mongo,S,narrow,both,4,8758,684
2,mongo,S,narrow,both,5,8818,684
2,mongo,S,narrow,both,6,8155,684
2,mongo,S,narrow,both,7,9663,684
2,mongo,S,narrow,both,8,8914,684
2,mongo,S,narrow,both,9,8501,684
2,mongo,S,narrow,both,10,8176,684
2,mongo,S,narrow,both,11,9981,684
2,mongo,S,narrow,both,12,8664,684
2,mongo,S,narrow,both,13,8455,684
2,mongo,S,narrow,both,14,10422,684
2,mongo,S,narrow,both,15,9859,684
2,mongo,S,narrow,both,16,9433,684
2,mongo,S,narrow,both,17,8127,684
2,mongo,S,narrow,both,18,9132,684
2,mongo,S,narrow,both,19,9453,684
2,mongo,S,narrow,both,20,9485,684
2,mongo,S,narrow,both,21,8366,684
2,mongo,S,narrow,both,22,12112,684
2,mongo,S,narrow,both,23,8739,684
2,mongo,S,narrow,both,24,8398,684
2,mongo,S,narrow,both,25,8269,684
2,mongo,S,narrow,both,26,10776,684
2,mongo,S,narrow,both,27,8495,684
2,mongo,S,narrow,both,28,8314,684
2,mongo,S,narrow,both,29,9049,684
2,mongo,S,narrow,both,30,8281,684
2,mongo,S,narrow,both,31,8649,684
2,mongo,S,narrow,both,32,9995,684
2,mongo,S,narrow,both,33,10336,684
2,mongo,S,narrow,both,34,10496,684
2,mongo,S,narrow,both,35,9084,684
2,mongo,S,narrow,both,36,9415,684
2,mongo,S,narrow,both,37,11489,684
2,mongo,S,narrow,both,38,9677,684
2,mongo,S,narrow,both,39,8707,684
2,mongo,S,narrow,both,40,9653,684
2,mongo,S,narrow,both,41,8991,684
2,mongo,S,narrow,both,42,10762,684
2,mongo,S,narrow,both,43,8899,684
2,mongo,S,narrow,both,44,9620,684
2,mongo,S,narrow,both,45,9305,684
2,mongo,S,narrow,both,46,8624,684
2,mongo,S,narrow,both,47,11253,684
2,mongo,S,narrow,both,48,8602,684
2,mongo,S,narrow,both,49,8359,684
2,mongo,S,narrow,both,50,10490,684
2,mongo,S,narrow,both,51,7898,684
2,mongo,S,narrow,both,52,7785,684
2,mongo,S,narrow,both,53,9980,684
2,mongo,S,narrow,both,54,10009,684
2,mongo,S,narrow,both,55,8762,684
2,mongo,S,narrow,both,56,9755,684
2,mongo,S,narrow,both,57,9955,684
2,mongo,S,narrow,both,58,8490,684
2,mongo,S,narrow,both,59,9458,684
2,mongo,S,narrow,both,60,9642,684
2,mongo,S,narrow,both,61,7768,684
2,mongo,S,narrow,both,62,8216,684
2,mongo,S,narrow,both,63,9240,684
2,mongo,S,narrow,both,64,9719,684
2,mongo,S,narrow,both,65,8421,684
2,mongo,S,narrow,both,66,7934,684
2,mongo,S,narrow,both,67,10869,684
2,mongo,S,narrow,both,68,9334,684
2,mongo,S,narrow,both,69,7969,684
2,mongo,S,narrow,both,70,9531,684
2,mongo,S,narrow,both,71,9074,684
2,mongo,S,narrow,both,72,9439,684
2,mongo,S,narrow,both,73,8738,684
2,mongo,S,narrow,both,74,8562,684
2,mongo,S,narrow,both,75,9311,684
2,mongo,S,narrow,both,76,8101,684
2,mongo,S,narrow,both,77,9447,684
2,mongo,S,narrow,both,78,8165,684
2,mongo,S,narrow,both,79,7936,684
2,mongo,S,narrow,both,80,8198,684
2,mongo,S,narrow,both,81,9159,684
2,mongo,S,narrow,both,82,9919,684
2,mongo,S,narrow,both,83,8698,684
2,mongo,S,narrow,both,84,10318,684
2,mongo,S,narrow,both,85,8737,684
2,mongo,S,narrow,both,86,9144,684
2,mongo,S,narrow,both,87,8504,684
2,mongo,S,narrow,both,88,9435,684
2,mongo,S,narrow,both,89,9318,684
2,mongo,S,narrow,both,90,9311,684
2,mongo,S,narrow,both,91,8931,684
2,mongo,S,narrow,both,92,8465,684
2,mongo,S,narrow,both,93,8430,684
2,mongo,S,narrow,both,94,9448,684
2,mongo,S,narrow,both,95,8737,684
2,mongo,S,narrow,both,96,8950,684
2,mongo,S,narrow,both,97,8904,684
2,mongo,S,narrow,both,98,9356,684
2,mongo,S,narrow,both,99,9765,684
2,mongo,S,narrow,both,100,9222,684
2,mongo,S,narrow,both,101,9198,684
2,mongo,S,narrow,both,102,8467,684
2,mongo,S,narrow,both,103,7963,684
2,mongo,S,narrow,both,104,9942,684
2,mongo,S,narrow,both,105,8675,684
2,mongo,S,narrow,both,106,8730,684
2,mongo,S,narrow,both,107,8892,684
2,mongo,S,narrow,both,108,8612,684
2,mongo,S,narrow,both,109,8795,684
2,mongo,S,narrow,both,110,9554,684
2,mongo,S,narrow,both,111,9835,684
2,mongo,S,narrow,both,112,7486,684
2,mongo,S,narrow,both,113,8149,684
2,mongo,S,narrow,both,114,11739,684
2,mongo,S,narrow,both,115,8916,684
2,mongo,S,narrow,both,116,8337,684
2,mongo,S,narrow,both,117,10460,684
2,mongo,S,narrow,both,118,9200,684
2,mongo,S,narrow,both,119,9573,684
2,mongo,S,narrow,both,120,9413,684
2,mongo,S,narrow,both,121,7842,684
2,mongo,S,narrow,both,122,8981,684
2,mongo,S,narrow,both,123,9782,684
2,mongo,S,narrow,both,124,8165,684
2,mongo,S,narrow,both,125,8411,684
2,mongo,S,narrow,both,126,9079,684
2,mongo,S,narrow,both,127,10017,684
2,mongo,S,narrow,both,128,8048,684
2,mongo,S,narrow,both,129,8820,684
2,mongo,S,narrow,both,130,9883,684
2,mongo,S,narrow,both,131,9645,684
2,mongo,S,narrow,both,132,8996,684
2,mongo,S,narrow,both,133,9592,684
2,mongo,S,narrow,both,134,8180,684
2,mongo,S,narrow,both,135,8324,684
2,mongo,S,narrow,both,136,8033,684
2,mongo,S,narrow,both,137,10607,684
2,mongo,S,narrow,both,138,8341,684
2,mongo,S,narrow,both,139,11185,684
2,mongo,S,narrow,both,140,8891,684
2,mongo,S,narrow,both,141,7964,684
2,mongo,S,narrow,both,142,8141,684
2,mongo,S,narrow,both,143,9816,684
2,mongo,S,narrow,both,144,8697,684
2,mongo,S,narrow,both,145,9727,684
2,mongo,S,narrow,both,146,8489,684
2,mongo,S,narrow,both,147,9170,684
2,mongo,S,narrow,both,148,9007,684
2,mongo,S,narrow,both,149,7587,684
2,mongo,S,narrow,both,150,10057,684
2,mongo,S,narrow,both,151,8694,684
2,mongo,S,narrow,both,152,8683,684
2,mongo,S,narrow,both,153,10892,684
2,mongo,S,narrow,both,154,8676,684
2,mongo,S,narrow,both,155,9099,684
2,mongo,S,narrow,both,156,9239,684
2,mongo,S,narrow,both,157,7695,684
2,mongo,S,narrow,both,158,8599,684
2,mongo,S,narrow,both,159,9606,684
2,mongo,S,narrow,both,160,9940,684
2,mongo,S,narrow,both,161,7711,684
2,mongo,S,narrow,both,162,8284,684
2,mongo,S,narrow,both,163,9073,684
2,mongo,S,narrow,both,164,9570,684
2,mongo,S,narrow,both,165,7485,684
2,mongo,S,narrow,both,166,8018,684
2,mongo,S,narrow,both,167,9796,684
2,mongo,S,narrow,both,168,9529,684
2,mongo,S,narrow,both,169,8350,684
2,mongo,S,narrow,both,170,8416,684
2,mongo,S,narrow,both,171,9065,684
2,mongo,S,narrow,both,172,9731,684
2,mongo,S,narrow,both,173,11339,684
2,mongo,S,narrow,both,174,9113,684
2,mongo,S,narrow,both,175,13413,684
2,mongo,S,narrow,both,176,11377,684
2,mongo,S,narrow,both,177,10957,684
2,mongo,S,narrow,both,178,9024,684
2,mongo,S,narrow,both,179,10627,684
2,mongo,S,narrow,both,180,8938,684
2,mongo,S,narrow,both,181,8701,684
2,mongo,S,narrow,both,182,9452,684
2,mongo,S,narrow,both,183,9347,684
2,mongo,S,narrow,both,184,7961,684
2,mongo,S,narrow,both,185,8906,684
2,mongo,S,narrow,both,186,8785,684
2,mongo,S,narrow,both,187,8990,684
2,mongo,S,narrow,both,188,8369,684
2,mongo,S,narrow,both,189,9810,684
2,mongo,S,narrow,both,190,8856,684
2,mongo,S,narrow,both,191,9252,684
2,mongo,S,narrow,both,192,8036,684
2,mongo,S,narrow,both,193,9262,684
2,mongo,S,narrow,both,194,8957,684
2,mongo,S,narrow,both,195,9529,684
2,mongo,S,narrow,both,196,8264,684
2,mongo,S,narrow,both,197,8065,684
2,mongo,S,narrow,both,198,8653,684
2,mongo,S,narrow,both,199,9181,684
2,pg,U,medium,bike,0,51157,1433
2,pg,U,medium,bike,1,55536,1433
2,pg,U,medium,bike,2,53210,1433
2,pg,U,medium,bike,3,51798,1433
2,pg,U,medium,bike,4,63698,1433
2,pg,U,medium,bike,5,70278,1433
2,pg,U,medium,bike,6,68365,1433
2,pg,U,medium,bike,7,69237,1433
2,pg,U,medium,bike,8,64057,1433
2,pg,U,medium,bike,9,48553,1433
2,pg,U,medium,bike,10,47574,1433
2,pg,U,medium,bike,11,48191,1433
2,pg,U,medium,bike,12,48239,1433
2,pg,U,medium,bike,13,57541,1433
2,pg,U,medium,bike,14,57015,1433
2,pg,U,medium,bike,15,56630,1433
2,pg,U,medium,bike,16,47747,1433
2,pg,U,medium,bike,17,48855,1433
2,pg,U,medium,bike,18,49162,1433
2,pg,U,medium,bike,19,50269,1433
2,pg,U,medium,bike,20,47692,1433
2,pg,U,medium,bike,21,48894,1433
2,pg,U,medium,bike,22,47660,1433
2,pg,U,medium,bike,23,47522,1433
2,pg,U,medium,bike,24,49997,1433
2,pg,U,medium,bike,25,58658,1433
2,pg,U,medium,bike,26,64837,1433
2,pg,U,medium,bike,27,51206,1433
2,pg,U,medium,bike,28,57853,1433
2,pg,U,medium,bike,29,49518,1433
2,pg,U,medium,bike,30,47932,1433
2,pg,U,medium,bike,31,48541,1433
2,pg,U,medium,bike,32,47124,1433
2,pg,U,medium,bike,33,49989,1433
2,pg,U,medium,bike,34,65828,1433
2,pg,U,medium,bike,35,46756,1433
2,pg,U,medium,bike,36,46544,1433
2,pg,U,medium,bike,37,48406,1433
2,pg,U,medium,bike,38,47202,1433
2,pg,U,medium,bike,39,46779,1433
2,pg,U,medium,bike,40,46766,1433
2,pg,U,medium,bike,41,47201,1433
2,pg,U,medium,bike,42,46805,1433
2,pg,U,medium,bike,43,47287,1433
2,pg,U,medium,bike,44,48609,1433
2,pg,U,medium,bike,45,52590,1433
2,pg,U,medium,bike,46,55799,1433
2,pg,U,medium,bike,47,59757,1433
2,pg,U,medium,bike,48,54107,1433
2,pg,U,medium,bike,49,54297,1433
2,pg,U,medium,bike,50,53234,1433
2,pg,U,medium,bike,51,57032,1433
2,pg,U,medium,bike,52,56192,1433
2,pg,U,medium,bike,53,56888,1433
2,pg,U,medium,bike,54,48679,1433
2,pg,U,medium,bike,55,49366,1433
2,pg,U,medium,bike,56,56112,1433
2,pg,U,medium,bike,57,47416,1433
2,pg,U,medium,bike,58,47255,1433
2,pg,U,medium,bike,59,47891,1433
2,pg,U,medium,bike,60,46765,1433
2,pg,U,medium,bike,61,47509,1433
2,pg,U,medium,bike,62,48635,1433
2,pg,U,medium,bike,63,57095,1433
2,pg,U,medium,bike,64,49939,1433
2,pg,U,medium,bike,65,47318,1433
2,pg,U,medium,bike,66,47915,1433
2,pg,U,medium,bike,67,48677,1433
2,pg,U,medium,bike,68,47702,1433
2,pg,U,medium,bike,69,48264,1433
2,pg,U,medium,bike,70,49021,1433
2,pg,U,medium,bike,71,48042,1433
2,pg,U,medium,bike,72,49485,1433
2,pg,U,medium,bike,73,57583,1433
2,pg,U,medium,bike,74,68874,1433
2,pg,U,medium,bike,75,58386,1433
2,pg,U,medium,bike,76,48280,1433
2,pg,U,medium,bike,77,57678,1433
2,pg,U,medium,bike,78,57082,1433
2,pg,U,medium,bike,79,47776,1433
2,pg,U,medium,bike,80,49605,1433
2,pg,U,medium,bike,81,50217,1433
2,pg,U,medium,bike,82,49157,1433
2,pg,U,medium,bike,83,60838,1433
2,pg,U,medium,bike,84,49975,1433
2,pg,U,medium,bike,85,49935,1433
2,pg,U,medium,bike,86,50109,1433
2,pg,U,medium,bike,87,48394,1433
2,pg,U,medium,bike,88,47418,1433
2,pg,U,medium,bike,89,47444,1433
2,pg,U,medium,bike,90,48284,1433
2,pg,U,medium,bike,91,55942,1433
2,pg,U,medium,bike,92,56635,1433
2,pg,U,medium,bike,93,46875,1433
2,pg,U,medium,bike,94,47335,1433
2,pg,U,medium,bike,95,49249,1433
2,pg,U,medium,bike,96,47008,1433
2,pg,U,medium,bike,97,48224,1433
2,pg,U,medium,bike,98,47360,1433
2,pg,U,medium,bike,99,57206,1433
2,pg,U,medium,bike,100,62547,1433
2,pg,U,medium,bike,101,58281,1433
2,pg,U,medium,bike,102,46786,1433
2,pg,U,medium,bike,103,56887,1433
2,pg,U,medium,bike,104,47562,1433
2,pg,U,medium,bike,105,54928,1433
2,pg,U,medium,bike,106,56592,1433
2,pg,U,medium,bike,107,51465,1433
2,pg,U,medium,bike,108,50733,1433
2,pg,U,medium,bike,109,51617,1433
2,pg,U,medium,bike,110,49951,1433
2,pg,U,medium,bike,111,50213,1433
2,pg,U,medium,bike,112,52737,1433
2,pg,U,medium,bike,113,53313,1433
2,pg,U,medium,bike,114,61153,1433
2,pg,U,medium,bike,115,47126,1433
2,pg,U,medium,bike,116,56937,1433
2,pg,U,medium,bike,117,46919,1433
2,pg,U,medium,bike,118,46801,1433
2,pg,U,medium,bike,119,47529,1433
2,pg,U,medium,bike,120,49040,1433
2,pg,U,medium,bike,121,47971,1433
2,pg,U,medium,bike,122,50464,1433
2,pg,U,medium,bike,123,45969,1433
2,pg,U,medium,bike,124,50062,1433
2,pg,U,medium,bike,125,49242,1433
2,pg,U,medium,bike,126,49635,1433
2,pg,U,medium,bike,127,47610,1433
2,pg,U,medium,bike,128,58082,1433
2,pg,U,medium,bike,129,47010,1433
2,pg,U,medium,bike,130,48373,1433
2,pg,U,medium,bike,131,47303,1433
2,pg,U,medium,bike,132,48238,1433
2,pg,U,medium,bike,133,48165,1433
2,pg,U,medium,bike,134,48968,1433
2,pg,U,medium,bike,135,47826,1433
2,pg,U,medium,bike,136,48629,1433
2,pg,U,medium,bike,137,57967,1433
2,pg,U,medium,bike,138,47845,1433
2,pg,U,medium,bike,139,56868,1433
2,pg,U,medium,bike,140,56718,1433
2,pg,U,medium,bike,141,47646,1433
2,pg,U,medium,bike,142,59987,1433
2,pg,U,medium,bike,143,49116,1433
2,pg,U,medium,bike,144,48527,1433
2,pg,U,medium,bike,145,48908,1433
2,pg,U,medium,bike,146,57521,1433
2,pg,U,medium,bike,147,55949,1433
2,pg,U,medium,bike,148,47421,1433
2,pg,U,medium,bike,149,48228,1433
2,pg,U,medium,bike,150,49393,1433
2,pg,U,medium,bike,151,49921,1433
2,pg,U,medium,bike,152,61894,1433
2,pg,U,medium,bike,153,55219,1433
2,pg,U,medium,bike,154,59626,1433
2,pg,U,medium,bike,155,61838,1433
2,pg,U,medium,bike,156,51081,1433
2,pg,U,medium,bike,157,53147,1433
2,pg,U,medium,bike,158,51978,1433
2,pg,U,medium,bike,159,53495,1433
2,pg,U,medium,bike,160,50824,1433
2,pg,U,medium,bike,161,48693,1433
2,pg,U,medium,bike,162,55892,1433
2,pg,U,medium,bike,163,47585,1433
2,pg,U,medium,bike,164,58741,1433
2,pg,U,medium,bike,165,57108,1433
2,pg,U,medium,bike,166,48669,1433
2,pg,U,medium,bike,167,48618,1433
2,pg,U,medium,bike,168,46730,1433
2,pg,U,medium,bike,169,47432,1433
2,pg,U,medium,bike,170,48204,1433
2,pg,U,medium,bike,171,47709,1433
2,pg,U,medium,bike,172,46158,1433
2,pg,U,medium,bike,173,49002,1433
2,pg,U,medium,bike,174,52741,1433
2,pg,U,medium,bike,175,47129,1433
2,pg,U,medium,bike,176,47346,1433
2,pg,U,medium,bike,177,47908,1433
2,pg,U,medium,bike,178,48617,1433
2,pg,U,medium,bike,179,48778,1433
2,pg,U,medium,bike,180,47811,1433
2,pg,U,medium,bike,181,48606,1433
2,pg,U,medium,bike,182,48045,1433
2,pg,U,medium,bike,183,48536,1433
2,pg,U,medium,bike,184,47095,1433
2,pg,U,medium,bike,185,49407,1433
2,pg,U,medium,bike,186,51456,1433
2,pg,U,medium,bike,187,50805,1433
2,pg,U,medium,bike,188,50196,1433
2,pg,U,medium,bike,189,48612,1433
2,pg,U,medium,bike,190,48752,1433
2,pg,U,medium,bike,191,47696,1433
2,pg,U,medium,bike,192,47299,1433
2,pg,U,medium,bike,193,48095,1433
2,pg,U,medium,bike,194,49529,1433
2,pg,U,medium,bike,195,60413,1433
2,pg,U,medium,bike,196,65996,1433
2,pg,U,medium,bike,197,49968,1433
2,pg,U,medium,bike,198,62741,1433
2,pg,U,medium,bike,199,48036,1433
2,mongo,U,narrow,bike,0,10850,166
2,mongo,U,narrow,bike,1,7223,166
2,mongo,U,narrow,bike,2,7826,166
2,mongo,U,narrow,bike,3,6985,166
2,mongo,U,narrow,bike,4,7360,166
2,mongo,U,narrow,bike,5,9166,166
2,mongo,U,narrow,bike,6,7362,166
2,mongo,U,narrow,bike,7,7189,166
2,mongo,U,narrow,bike,8,7446,166
2,mongo,U,narrow,bike,9,7631,166
2,mongo,U,narrow,bike,10,7272,166
2,mongo,U,narrow,bike,11,7121,166
2,mongo,U,narrow,bike,12,6888,166
2,mongo,U,narrow,bike,13,8410,166
2,mongo,U,narrow,bike,14,7265,166
2,mongo,U,narrow,bike,15,7441,166
2,mongo,U,narrow,bike,16,7126,166
2,mongo,U,narrow,bike,17,7015,166
2,mongo,U,narrow,bike,18,8312,166
2,mongo,U,narrow,bike,19,6825,166
2,mongo,U,narrow,bike,20,7139,166
2,mongo,U,narrow,bike,21,7776,166
2,mongo,U,narrow,bike,22,7508,166
2,mongo,U,narrow,bike,23,6995,166
2,mongo,U,narrow,bike,24,7268,166
2,mongo,U,narrow,bike,25,7878,166
2,mongo,U,narrow,bike,26,7186,166
2,mongo,U,narrow,bike,27,7809,166
2,mongo,U,narrow,bike,28,7409,166
2,mongo,U,narrow,bike,29,7392,166
2,mongo,U,narrow,bike,30,7224,166
2,mongo,U,narrow,bike,31,7122,166
2,mongo,U,narrow,bike,32,7276,166
2,mongo,U,narrow,bike,33,7180,166
2,mongo,U,narrow,bike,34,7889,166
2,mongo,U,narrow,bike,35,6970,166
2,mongo,U,narrow,bike,36,7261,166
2,mongo,U,narrow,bike,37,7004,166
2,mongo,U,narrow,bike,38,7272,166
2,mongo,U,narrow,bike,39,7247,166
2,mongo,U,narrow,bike,40,7374,166
2,mongo,U,narrow,bike,41,7253,166
2,mongo,U,narrow,bike,42,6815,166
2,mongo,U,narrow,bike,43,6960,166
2,mongo,U,narrow,bike,44,7334,166
2,mongo,U,narrow,bike,45,7283,166
2,mongo,U,narrow,bike,46,7921,166
2,mongo,U,narrow,bike,47,6750,166
2,mongo,U,narrow,bike,48,6863,166
2,mongo,U,narrow,bike,49,7011,166
2,mongo,U,narrow,bike,50,6728,166
2,mongo,U,narrow,bike,51,7259,166
2,mongo,U,narrow,bike,52,7333,166
2,mongo,U,narrow,bike,53,7047,166
2,mongo,U,narrow,bike,54,7385,166
2,mongo,U,narrow,bike,55,6970,166
2,mongo,U,narrow,bike,56,6609,166
2,mongo,U,narrow,bike,57,7752,166
2,mongo,U,narrow,bike,58,7304,166
2,mongo,U,narrow,bike,59,7059,166
2,mongo,U,narrow,bike,60,6739,166
2,mongo,U,narrow,bike,61,7610,166
2,mongo,U,narrow,bike,62,7022,166
2,mongo,U,narrow,bike,63,7041,166
2,mongo,U,narrow,bike,64,6955,166
2,mongo,U,narrow,bike,65,6552,166
2,mongo,U,narrow,bike,66,6832,166
2,mongo,U,narrow,bike,67,6426,166
2,mongo,U,narrow,bike,68,7377,166
2,mongo,U,narrow,bike,69,6899,166
2,mongo,U,narrow,bike,70,6786,166
2,mongo,U,narrow,bike,71,7256,166
2,mongo,U,narrow,bike,72,6566,166
2,mongo,U,narrow,bike,73,6709,166
2,mongo,U,narrow,bike,74,7250,166
2,mongo,U,narrow,bike,75,6928,166
2,mongo,U,narrow,bike,76,6553,166
2,mongo,U,narrow,bike,77,6540,166
2,mongo,U,narrow,bike,78,6991,166
2,mongo,U,narrow,bike,79,9274,166
2,mongo,U,narrow,bike,80,8635,166
2,mongo,U,narrow,bike,81,10098,166
2,mongo,U,narrow,bike,82,8797,166
2,mongo,U,narrow,bike,83,9476,166
2,mongo,U,narrow,bike,84,8381,166
2,mongo,U,narrow,bike,85,8841,166
2,mongo,U,narrow,bike,86,7844,166
2,mongo,U,narrow,bike,87,8106,166
2,mongo,U,narrow,bike,88,10004,166
2,mongo,U,narrow,bike,89,7982,166
2,mongo,U,narrow,bike,90,8157,166
2,mongo,U,narrow,bike,91,8231,166
2,mongo,U,narrow,bike,92,7897,166
2,mongo,U,narrow,bike,93,8116,166
2,mongo,U,narrow,bike,94,8348,166
2,mongo,U,narrow,bike,95,7458,166
2,mongo,U,narrow,bike,96,8477,166
2,mongo,U,narrow,bike,97,7859,166
2,mongo,U,narrow,bike,98,7296,166
2,mongo,U,narrow,bike,99,8422,166
2,mongo,U,narrow,bike,100,7454,166
2,mongo,U,narrow,bike,101,8364,166
2,mongo,U,narrow,bike,102,8713,166
2,mongo,U,narrow,bike,103,8653,166
2,mongo,U,narrow,bike,104,7634,166
2,mongo,U,narrow,bike,105,8062,166
2,mongo,U,narrow,bike,106,7184,166
2,mongo,U,narrow,bike,107,7389,166
2,mongo,U,narrow,bike,108,7707,166
2,mongo,U,narrow,bike,109,7606,166
2,mongo,U,narrow,bike,110,7267,166
2,mongo,U,narrow,bike,111,7958,166
2,mongo,U,narrow,bike,112,8605,166
2,mongo,U,narrow,bike,113,7477,166
2,mongo,U,narrow,bike,114,8020,166
2,mongo,U,narrow,bike,115,7668,166
2,mongo,U,narrow,bike,116,7438,166
2,mongo,U,narrow,bike,117,7516,166
2,mongo,U,narrow,bike,118,8300,166
2,mongo,U,narrow,bike,119,7987,166
2,mongo,U,narrow,bike,120,7338,166
2,mongo,U,narrow,bike,121,8022,166
2,mongo,U,narrow,bike,122,8208,166
2,mongo,U,narrow,bike,123,9042,166
2,mongo,U,narrow,bike,124,8743,166
2,mongo,U,narrow,bike,125,7896,166
2,mongo,U,narrow,bike,126,8017,166
2,mongo,U,narrow,bike,127,10476,166
2,mongo,U,narrow,bike,128,8388,166
2,mongo,U,narrow,bike,129,8772,166
2,mongo,U,narrow,bike,130,7478,166
2,mongo,U,narrow,bike,131,8557,166
2,mongo,U,narrow,bike,132,9578,166
2,mongo,U,narrow,bike,133,7282,166
2,mongo,U,narrow,bike,134,7276,166
2,mongo,U,narrow,bike,135,8225,166
2,mongo,U,narrow,bike,136,8634,166
2,mongo,U,narrow,bike,137,6620,166
2,mongo,U,narrow,bike,138,7770,166
2,mongo,U,narrow,bike,139,7420,166
2,mongo,U,narrow,bike,140,6703,166
2,mongo,U,narrow,bike,141,7255,166
2,mongo,U,narrow,bike,142,6966,166
2,mongo,U,narrow,bike,143,7321,166
2,mongo,U,narrow,bike,144,7616,166
2,mongo,U,narrow,bike,145,6903,166
2,mongo,U,narrow,bike,146,6918,166
2,mongo,U,narrow,bike,147,6600,166
2,mongo,U,narrow,bike,148,7041,166
2,mongo,U,narrow,bike,149,6896,166
2,mongo,U,narrow,bike,150,6844,166
2,mongo,U,narrow,bike,151,6871,166
2,mongo,U,narrow,bike,152,6539,166
2,mongo,U,narrow,bike,153,7075,166
2,mongo,U,narrow,bike,154,6807,166
2,mongo,U,narrow,bike,155,6849,166
2,mongo,U,narrow,bike,156,7474,166
2,mongo,U,narrow,bike,157,7389,166
2,mongo,U,narrow,bike,158,6686,166
2,mongo,U,narrow,bike,159,7077,166
2,mongo,U,narrow,bike,160,6602,166
2,mongo,U,narrow,bike,161,7191,166
2,mongo,U,narrow,bike,162,7025,166
2,mongo,U,narrow,bike,163,7598,166
2,mongo,U,narrow,bike,164,7172,166
2,mongo,U,narrow,bike,165,7808,166
2,mongo,U,narrow,bike,166,6461,166
2,mongo,U,narrow,bike,167,6953,166
2,mongo,U,narrow,bike,168,7663,166
2,mongo,U,narrow,bike,169,7557,166
2,mongo,U,narrow,bike,170,7352,166
2,mongo,U,narrow,bike,171,7193,166
2,mongo,U,narrow,bike,172,7116,166
2,mongo,U,narrow,bike,173,7458,166
2,mongo,U,narrow,bike,174,7274,166
2,mongo,U,narrow,bike,175,6691,166
2,mongo,U,narrow,bike,176,7466,166
2,mongo,U,narrow,bike,177,7171,166
2,mongo,U,narrow,bike,178,7311,166
2,mongo,U,narrow,bike,179,7697,166
2,mongo,U,narrow,bike,180,7210,166
2,mongo,U,narrow,bike,181,6942,166
2,mongo,U,narrow,bike,182,6897,166
2,mongo,U,narrow,bike,183,6583,166
2,mongo,U,narrow,bike,184,7056,166
2,mongo,U,narrow,bike,185,6765,166
2,mongo,U,narrow,bike,186,8183,166
2,mongo,U,narrow,bike,187,7548,166
2,mongo,U,narrow,bike,188,6561,166
2,mongo,U,narrow,bike,189,6458,166
2,mongo,U,narrow,bike,190,7559,166
2,mongo,U,narrow,bike,191,7491,166
2,mongo,U,narrow,bike,192,7151,166
2,mongo,U,narrow,bike,193,6819,166
2,mongo,U,narrow,bike,194,7385,166
2,mongo,U,narrow,bike,195,7512,166
2,mongo,U,narrow,bike,196,6786,166
2,mongo,U,narrow,bike,197,7010,166
2,mongo,U,narrow,bike,198,6895,166
2,mongo,U,narrow,bike,199,7304,166
2,mongo,U,wide,bus,0,92027,11095
2,mongo,U,wide,bus,1,84932,11095
2,mongo,U,wide,bus,2,81079,11095
2,mongo,U,wide,bus,3,90214,11095
2,mongo,U,wide,bus,4,88013,11095
2,mongo,U,wide,bus,5,82181,11095
2,mongo,U,wide,bus,6,91360,11095
2,mongo,U,wide,bus,7,83389,11095
2,mongo,U,wide,bus,8,85970,11095
2,mongo,U,wide,bus,9,81238,11095
2,mongo,U,wide,bus,10,82911,11095
2,mongo,U,wide,bus,11,89382,11095
2,mongo,U,wide,bus,12,88408,11095
2,mongo,U,wide,bus,13,79803,11095
2,mongo,U,wide,bus,14,82293,11095
2,mongo,U,wide,bus,15,81920,11095
2,mongo,U,wide,bus,16,86557,11095
2,mongo,U,wide,bus,17,89895,11095
2,mongo,U,wide,bus,18,116335,11095
2,mongo,U,wide,bus,19,96836,11095
2,mongo,U,wide,bus,20,96350,11095
2,mongo,U,wide,bus,21,93280,11095
2,mongo,U,wide,bus,22,90266,11095
2,mongo,U,wide,bus,23,90028,11095
2,mongo,U,wide,bus,24,93433,11095
2,mongo,U,wide,bus,25,86167,11095
2,mongo,U,wide,bus,26,82490,11095
2,mongo,U,wide,bus,27,89743,11095
2,mongo,U,wide,bus,28,81715,11095
2,mongo,U,wide,bus,29,82068,11095
2,mongo,U,wide,bus,30,91412,11095
2,mongo,U,wide,bus,31,77744,11095
2,mongo,U,wide,bus,32,80925,11095
2,mongo,U,wide,bus,33,91116,11095
2,mongo,U,wide,bus,34,81605,11095
2,mongo,U,wide,bus,35,93464,11095
2,mongo,U,wide,bus,36,81604,11095
2,mongo,U,wide,bus,37,95904,11095
2,mongo,U,wide,bus,38,80699,11095
2,mongo,U,wide,bus,39,92861,11095
2,mongo,U,wide,bus,40,92348,11095
2,mongo,U,wide,bus,41,97989,11095
2,mongo,U,wide,bus,42,82720,11095
2,mongo,U,wide,bus,43,80180,11095
2,mongo,U,wide,bus,44,82395,11095
2,mongo,U,wide,bus,45,81313,11095
2,mongo,U,wide,bus,46,81718,11095
2,mongo,U,wide,bus,47,82827,11095
2,mongo,U,wide,bus,48,88233,11095
2,mongo,U,wide,bus,49,82186,11095
2,mongo,U,wide,bus,50,83312,11095
2,mongo,U,wide,bus,51,94888,11095
2,mongo,U,wide,bus,52,101328,11095
2,mongo,U,wide,bus,53,92842,11095
2,mongo,U,wide,bus,54,90449,11095
2,mongo,U,wide,bus,55,89240,11095
2,mongo,U,wide,bus,56,87801,11095
2,mongo,U,wide,bus,57,87971,11095
2,mongo,U,wide,bus,58,84833,11095
2,mongo,U,wide,bus,59,90391,11095
2,mongo,U,wide,bus,60,84751,11095
2,mongo,U,wide,bus,61,82072,11095
2,mongo,U,wide,bus,62,87090,11095
2,mongo,U,wide,bus,63,88134,11095
2,mongo,U,wide,bus,64,78112,11095
2,mongo,U,wide,bus,65,79562,11095
2,mongo,U,wide,bus,66,78896,11095
2,mongo,U,wide,bus,67,86848,11095
2,mongo,U,wide,bus,68,83363,11095
2,mongo,U,wide,bus,69,85030,11095
2,mongo,U,wide,bus,70,80972,11095
2,mongo,U,wide,bus,71,86285,11095
2,mongo,U,wide,bus,72,95164,11095
2,mongo,U,wide,bus,73,85164,11095
2,mongo,U,wide,bus,74,82348,11095
2,mongo,U,wide,bus,75,92095,11095
2,mongo,U,wide,bus,76,79410,11095
2,mongo,U,wide,bus,77,91848,11095
2,mongo,U,wide,bus,78,84690,11095
2,mongo,U,wide,bus,79,85281,11095
2,mongo,U,wide,bus,80,81248,11095
2,mongo,U,wide,bus,81,92514,11095
2,mongo,U,wide,bus,82,97519,11095
2,mongo,U,wide,bus,83,102917,11095
2,mongo,U,wide,bus,84,93889,11095
2,mongo,U,wide,bus,85,92441,11095
2,mongo,U,wide,bus,86,91419,11095
2,mongo,U,wide,bus,87,106164,11095
2,mongo,U,wide,bus,88,84060,11095
2,mongo,U,wide,bus,89,82121,11095
2,mongo,U,wide,bus,90,83898,11095
2,mongo,U,wide,bus,91,83910,11095
2,mongo,U,wide,bus,92,85129,11095
2,mongo,U,wide,bus,93,79818,11095
2,mongo,U,wide,bus,94,78418,11095
2,mongo,U,wide,bus,95,84188,11095
2,mongo,U,wide,bus,96,106765,11095
2,mongo,U,wide,bus,97,92061,11095
2,mongo,U,wide,bus,98,97574,11095
2,mongo,U,wide,bus,99,84266,11095
2,mongo,U,wide,bus,100,83317,11095
2,mongo,U,wide,bus,101,82384,11095
2,mongo,U,wide,bus,102,91274,11095
2,mongo,U,wide,bus,103,87580,11095
2,mongo,U,wide,bus,104,83086,11095
2,mongo,U,wide,bus,105,82887,11095
2,mongo,U,wide,bus,106,78530,11095
2,mongo,U,wide,bus,107,85385,11095
2,mongo,U,wide,bus,108,80027,11095
2,mongo,U,wide,bus,109,82914,11095
2,mongo,U,wide,bus,110,79026,11095
2,mongo,U,wide,bus,111,90106,11095
2,mongo,U,wide,bus,112,95236,11095
2,mongo,U,wide,bus,113,80948,11095
2,mongo,U,wide,bus,114,95456,11095
2,mongo,U,wide,bus,115,93393,11095
2,mongo,U,wide,bus,116,83912,11095
2,mongo,U,wide,bus,117,91260,11095
2,mongo,U,wide,bus,118,85331,11095
2,mongo,U,wide,bus,119,95918,11095
2,mongo,U,wide,bus,120,98996,11095
2,mongo,U,wide,bus,121,108915,11095
2,mongo,U,wide,bus,122,90536,11095
2,mongo,U,wide,bus,123,81066,11095
2,mongo,U,wide,bus,124,80336,11095
2,mongo,U,wide,bus,125,80387,11095
2,mongo,U,wide,bus,126,79469,11095
2,mongo,U,wide,bus,127,87614,11095
2,mongo,U,wide,bus,128,80228,11095
2,mongo,U,wide,bus,129,84711,11095
2,mongo,U,wide,bus,130,81081,11095
2,mongo,U,wide,bus,131,84196,11095
2,mongo,U,wide,bus,132,91780,11095
2,mongo,U,wide,bus,133,83153,11095
2,mongo,U,wide,bus,134,80812,11095
2,mongo,U,wide,bus,135,79301,11095
2,mongo,U,wide,bus,136,80778,11095
2,mongo,U,wide,bus,137,93828,11095
2,mongo,U,wide,bus,138,79639,11095
2,mongo,U,wide,bus,139,79995,11095
2,mongo,U,wide,bus,140,83591,11095
2,mongo,U,wide,bus,141,79643,11095
2,mongo,U,wide,bus,142,93741,11095
2,mongo,U,wide,bus,143,81547,11095
2,mongo,U,wide,bus,144,84839,11095
2,mongo,U,wide,bus,145,90232,11095
2,mongo,U,wide,bus,146,121768,11095
2,mongo,U,wide,bus,147,100387,11095
2,mongo,U,wide,bus,148,94378,11095
2,mongo,U,wide,bus,149,95550,11095
2,mongo,U,wide,bus,150,95594,11095
2,mongo,U,wide,bus,151,87986,11095
2,mongo,U,wide,bus,152,88205,11095
2,mongo,U,wide,bus,153,100144,11095
2,mongo,U,wide,bus,154,90016,11095
2,mongo,U,wide,bus,155,79778,11095
2,mongo,U,wide,bus,156,81521,11095
2,mongo,U,wide,bus,157,89434,11095
2,mongo,U,wide,bus,158,80746,11095
2,mongo,U,wide,bus,159,81839,11095
2,mongo,U,wide,bus,160,80830,11095
2,mongo,U,wide,bus,161,81670,11095
2,mongo,U,wide,bus,162,86352,11095
2,mongo,U,wide,bus,163,80646,11095
2,mongo,U,wide,bus,164,81638,11095
2,mongo,U,wide,bus,165,79843,11095
2,mongo,U,wide,bus,166,81646,11095
2,mongo,U,wide,bus,167,94025,11095
2,mongo,U,wide,bus,168,86854,11095
2,mongo,U,wide,bus,169,95802,11095
2,mongo,U,wide,bus,170,80788,11095
2,mongo,U,wide,bus,171,82717,11095
2,mongo,U,wide,bus,172,90968,11095
2,mongo,U,wide,bus,173,80882,11095
2,mongo,U,wide,bus,174,89998,11095
2,mongo,U,wide,bus,175,85314,11095
2,mongo,U,wide,bus,176,82971,11095
2,mongo,U,wide,bus,177,89242,11095
2,mongo,U,wide,bus,178,86469,11095
2,mongo,U,wide,bus,179,95449,11095
2,mongo,U,wide,bus,180,92781,11095
2,mongo,U,wide,bus,181,92579,11095
2,mongo,U,wide,bus,182,96346,11095
2,mongo,U,wide,bus,183,89633,11095
2,mongo,U,wide,bus,184,89739,11095
2,mongo,U,wide,bus,185,89013,11095
2,mongo,U,wide,bus,186,88616,11095
2,mongo,U,wide,bus,187,93301,11095
2,mongo,U,wide,bus,188,82542,11095
2,mongo,U,wide,bus,189,84853,11095
2,mongo,U,wide,bus,190,83482,11095
2,mongo,U,wide,bus,191,82394,11095
2,mongo,U,wide,bus,192,85982,11095
2,mongo,U,wide,bus,193,94934,11095
2,mongo,U,wide,bus,194,81913,11095
2,mongo,U,wide,bus,195,83723,11095
2,mongo,U,wide,bus,196,82545,11095
2,mongo,U,wide,bus,197,90637,11095
2,mongo,U,wide,bus,198,79213,11095
2,mongo,U,wide,bus,199,82965,11095
2,mongo,S,narrow,bus,0,8959,518
2,mongo,S,narrow,bus,1,7694,518
2,mongo,S,narrow,bus,2,6850,518
2,mongo,S,narrow,bus,3,5650,518
2,mongo,S,narrow,bus,4,6446,518
2,mongo,S,narrow,bus,5,6894,518
2,mongo,S,narrow,bus,6,6616,518
2,mongo,S,narrow,bus,7,6791,518
2,mongo,S,narrow,bus,8,7426,518
2,mongo,S,narrow,bus,9,6606,518
2,mongo,S,narrow,bus,10,6757,518
2,mongo,S,narrow,bus,11,7465,518
2,mongo,S,narrow,bus,12,7301,518
2,mongo,S,narrow,bus,13,7061,518
2,mongo,S,narrow,bus,14,6725,518
2,mongo,S,narrow,bus,15,6586,518
2,mongo,S,narrow,bus,16,6508,518
2,mongo,S,narrow,bus,17,6575,518
2,mongo,S,narrow,bus,18,8108,518
2,mongo,S,narrow,bus,19,6571,518
2,mongo,S,narrow,bus,20,6341,518
2,mongo,S,narrow,bus,21,6610,518
2,mongo,S,narrow,bus,22,6398,518
2,mongo,S,narrow,bus,23,6663,518
2,mongo,S,narrow,bus,24,7772,518
2,mongo,S,narrow,bus,25,6183,518
2,mongo,S,narrow,bus,26,6843,518
2,mongo,S,narrow,bus,27,6868,518
2,mongo,S,narrow,bus,28,6726,518
2,mongo,S,narrow,bus,29,7485,518
2,mongo,S,narrow,bus,30,7327,518
2,mongo,S,narrow,bus,31,6546,518
2,mongo,S,narrow,bus,32,6466,518
2,mongo,S,narrow,bus,33,6726,518
2,mongo,S,narrow,bus,34,8558,518
2,mongo,S,narrow,bus,35,7621,518
2,mongo,S,narrow,bus,36,7040,518
2,mongo,S,narrow,bus,37,6434,518
2,mongo,S,narrow,bus,38,7239,518
2,mongo,S,narrow,bus,39,7207,518
2,mongo,S,narrow,bus,40,7617,518
2,mongo,S,narrow,bus,41,7170,518
2,mongo,S,narrow,bus,42,7080,518
2,mongo,S,narrow,bus,43,7187,518
2,mongo,S,narrow,bus,44,7549,518
2,mongo,S,narrow,bus,45,7360,518
2,mongo,S,narrow,bus,46,7041,518
2,mongo,S,narrow,bus,47,7201,518
2,mongo,S,narrow,bus,48,6581,518
2,mongo,S,narrow,bus,49,6129,518
2,mongo,S,narrow,bus,50,8716,518
2,mongo,S,narrow,bus,51,7043,518
2,mongo,S,narrow,bus,52,6654,518
2,mongo,S,narrow,bus,53,8334,518
2,mongo,S,narrow,bus,54,7663,518
2,mongo,S,narrow,bus,55,12995,518
2,mongo,S,narrow,bus,56,7104,518
2,mongo,S,narrow,bus,57,7095,518
2,mongo,S,narrow,bus,58,7128,518
2,mongo,S,narrow,bus,59,6779,518
2,mongo,S,narrow,bus,60,6303,518
2,mongo,S,narrow,bus,61,7338,518
2,mongo,S,narrow,bus,62,6611,518
2,mongo,S,narrow,bus,63,7913,518
2,mongo,S,narrow,bus,64,6239,518
2,mongo,S,narrow,bus,65,7171,518
2,mongo,S,narrow,bus,66,6669,518
2,mongo,S,narrow,bus,67,6847,518
2,mongo,S,narrow,bus,68,7292,518
2,mongo,S,narrow,bus,69,6698,518
2,mongo,S,narrow,bus,70,6876,518
2,mongo,S,narrow,bus,71,6777,518
2,mongo,S,narrow,bus,72,6591,518
2,mongo,S,narrow,bus,73,7032,518
2,mongo,S,narrow,bus,74,7142,518
2,mongo,S,narrow,bus,75,7042,518
2,mongo,S,narrow,bus,76,6547,518
2,mongo,S,narrow,bus,77,6644,518
2,mongo,S,narrow,bus,78,7103,518
2,mongo,S,narrow,bus,79,6907,518
2,mongo,S,narrow,bus,80,7318,518
2,mongo,S,narrow,bus,81,7155,518
2,mongo,S,narrow,bus,82,7249,518
2,mongo,S,narrow,bus,83,6857,518
2,mongo,S,narrow,bus,84,7072,518
2,mongo,S,narrow,bus,85,6490,518
2,mongo,S,narrow,bus,86,8222,518
2,mongo,S,narrow,bus,87,6069,518
2,mongo,S,narrow,bus,88,6648,518
2,mongo,S,narrow,bus,89,6357,518
2,mongo,S,narrow,bus,90,7024,518
2,mongo,S,narrow,bus,91,6522,518
2,mongo,S,narrow,bus,92,8212,518
2,mongo,S,narrow,bus,93,6738,518
2,mongo,S,narrow,bus,94,6302,518
2,mongo,S,narrow,bus,95,6970,518
2,mongo,S,narrow,bus,96,6740,518
2,mongo,S,narrow,bus,97,7138,518
2,mongo,S,narrow,bus,98,7437,518
2,mongo,S,narrow,bus,99,6500,518
2,mongo,S,narrow,bus,100,6812,518
2,mongo,S,narrow,bus,101,6342,518
2,mongo,S,narrow,bus,102,7073,518
2,mongo,S,narrow,bus,103,7806,518
2,mongo,S,narrow,bus,104,6741,518
2,mongo,S,narrow,bus,105,6443,518
2,mongo,S,narrow,bus,106,7179,518
2,mongo,S,narrow,bus,107,10268,518
2,mongo,S,narrow,bus,108,9888,518
2,mongo,S,narrow,bus,109,12232,518
2,mongo,S,narrow,bus,110,9424,518
2,mongo,S,narrow,bus,111,7587,518
2,mongo,S,narrow,bus,112,10338,518
2,mongo,S,narrow,bus,113,10198,518
2,mongo,S,narrow,bus,114,7632,518
2,mongo,S,narrow,bus,115,7760,518
2,mongo,S,narrow,bus,116,9320,518
2,mongo,S,narrow,bus,117,8111,518
2,mongo,S,narrow,bus,118,9185,518
2,mongo,S,narrow,bus,119,7837,518
2,mongo,S,narrow,bus,120,11155,518
2,mongo,S,narrow,bus,121,7768,518
2,mongo,S,narrow,bus,122,8150,518
2,mongo,S,narrow,bus,123,7624,518
2,mongo,S,narrow,bus,124,9840,518
2,mongo,S,narrow,bus,125,8456,518
2,mongo,S,narrow,bus,126,10858,518
2,mongo,S,narrow,bus,127,10708,518
2,mongo,S,narrow,bus,128,18785,518
2,mongo,S,narrow,bus,129,12894,518
2,mongo,S,narrow,bus,130,10278,518
2,mongo,S,narrow,bus,131,8754,518
2,mongo,S,narrow,bus,132,11707,518
2,mongo,S,narrow,bus,133,8791,518
2,mongo,S,narrow,bus,134,11911,518
2,mongo,S,narrow,bus,135,8408,518
2,mongo,S,narrow,bus,136,8184,518
2,mongo,S,narrow,bus,137,9740,518
2,mongo,S,narrow,bus,138,8519,518
2,mongo,S,narrow,bus,139,7443,518
2,mongo,S,narrow,bus,140,8259,518
2,mongo,S,narrow,bus,141,7582,518
2,mongo,S,narrow,bus,142,8521,518
2,mongo,S,narrow,bus,143,7654,518
2,mongo,S,narrow,bus,144,8849,518
2,mongo,S,narrow,bus,145,8175,518
2,mongo,S,narrow,bus,146,7845,518
2,mongo,S,narrow,bus,147,8440,518
2,mongo,S,narrow,bus,148,7931,518
2,mongo,S,narrow,bus,149,8084,518
2,mongo,S,narrow,bus,150,8049,518
2,mongo,S,narrow,bus,151,7643,518
2,mongo,S,narrow,bus,152,7211,518
2,mongo,S,narrow,bus,153,7244,518
2,mongo,S,narrow,bus,154,8543,518
2,mongo,S,narrow,bus,155,8271,518
2,mongo,S,narrow,bus,156,7932,518
2,mongo,S,narrow,bus,157,7551,518
2,mongo,S,narrow,bus,158,7409,518
2,mongo,S,narrow,bus,159,7382,518
2,mongo,S,narrow,bus,160,8466,518
2,mongo,S,narrow,bus,161,7551,518
2,mongo,S,narrow,bus,162,7716,518
2,mongo,S,narrow,bus,163,9208,518
2,mongo,S,narrow,bus,164,8374,518
2,mongo,S,narrow,bus,165,9853,518
2,mongo,S,narrow,bus,166,9362,518
2,mongo,S,narrow,bus,167,8046,518
2,mongo,S,narrow,bus,168,8218,518
2,mongo,S,narrow,bus,169,9285,518
2,mongo,S,narrow,bus,170,8528,518
2,mongo,S,narrow,bus,171,9274,518
2,mongo,S,narrow,bus,172,7948,518
2,mongo,S,narrow,bus,173,6862,518
2,mongo,S,narrow,bus,174,6445,518
2,mongo,S,narrow,bus,175,7468,518
2,mongo,S,narrow,bus,176,7001,518
2,mongo,S,narrow,bus,177,7268,518
2,mongo,S,narrow,bus,178,7072,518
2,mongo,S,narrow,bus,179,6633,518
2,mongo,S,narrow,bus,180,6942,518
2,mongo,S,narrow,bus,181,6998,518
2,mongo,S,narrow,bus,182,6693,518
2,mongo,S,narrow,bus,183,7054,518
2,mongo,S,narrow,bus,184,7132,518
2,mongo,S,narrow,bus,185,6887,518
2,mongo,S,narrow,bus,186,7614,518
2,mongo,S,narrow,bus,187,6499,518
2,mongo,S,narrow,bus,188,6900,518
2,mongo,S,narrow,bus,189,7070,518
2,mongo,S,narrow,bus,190,6935,518
2,mongo,S,narrow,bus,191,7491,518
2,mongo,S,narrow,bus,192,7329,518
2,mongo,S,narrow,bus,193,8010,518
2,mongo,S,narrow,bus,194,8648,518
2,mongo,S,narrow,bus,195,8657,518
2,mongo,S,narrow,bus,196,8421,518
2,mongo,S,narrow,bus,197,8663,518
2,mongo,S,narrow,bus,198,6981,518
2,mongo,S,narrow,bus,199,7801,518
2,mongo,U,single,,0,1652,1
2,mongo,U,single,,1,747,1
2,mongo,U,single,,2,661,1
2,mongo,U,single,,3,760,1
2,mongo,U,single,,4,766,1
2,mongo,U,single,,5,703,1
2,mongo,U,single,,6,1603,1
2,mongo,U,single,,7,1129,1
2,mongo,U,single,,8,711,1
2,mongo,U,single,,9,640,1
2,mongo,U,single,,10,904,1
2,mongo,U,single,,11,593,1
2,mongo,U,single,,12,715,1
2,mongo,U,single,,13,664,1
2,mongo,U,single,,14,1290,1
2,mongo,U,single,,15,1094,1
2,mongo,U,single,,16,791,1
2,mongo,U,single,,17,823,1
2,mongo,U,single,,18,708,1
2,mongo,U,single,,19,759,1
2,mongo,U,single,,20,931,1
2,mongo,U,single,,21,761,1
2,mongo,U,single,,22,1809,1
2,mongo,U,single,,23,906,1
2,mongo,U,single,,24,602,1
2,mongo,U,single,,25,577,1
2,mongo,U,single,,26,570,1
2,mongo,U,single,,27,683,1
2,mongo,U,single,,28,715,1
2,mongo,U,single,,29,645,1
2,mongo,U,single,,30,644,1
2,mongo,U,single,,31,1390,1
2,mongo,U,single,,32,1118,1
2,mongo,U,single,,33,875,1
2,mongo,U,single,,34,602,1
2,mongo,U,single,,35,1089,1
2,mongo,U,single,,36,589,1
2,mongo,U,single,,37,688,1
2,mongo,U,single,,38,1407,1
2,mongo,U,single,,39,1126,1
2,mongo,U,single,,40,811,1
2,mongo,U,single,,41,729,1
2,mongo,U,single,,42,713,1
2,mongo,U,single,,43,760,1
2,mongo,U,single,,44,683,1
2,mongo,U,single,,45,792,1
2,mongo,U,single,,46,1565,1
2,mongo,U,single,,47,1066,1
2,mongo,U,single,,48,878,1
2,mongo,U,single,,49,669,1
2,mongo,U,single,,50,739,1
2,mongo,U,single,,51,784,1
2,mongo,U,single,,52,698,1
2,mongo,U,single,,53,666,1
2,mongo,U,single,,54,1168,1
2,mongo,U,single,,55,1258,1
2,mongo,U,single,,56,747,1
2,mongo,U,single,,57,711,1
2,mongo,U,single,,58,604,1
2,mongo,U,single,,59,711,1
2,mongo,U,single,,60,923,1
2,mongo,U,single,,61,877,1
2,mongo,U,single,,62,1530,1
2,mongo,U,single,,63,1092,1
2,mongo,U,single,,64,745,1
2,mongo,U,single,,65,831,1
2,mongo,U,single,,66,713,1
2,mongo,U,single,,67,655,1
2,mongo,U,single,,68,581,1
2,mongo,U,single,,69,641,1
2,mongo,U,single,,70,1320,1
2,mongo,U,single,,71,1276,1
2,mongo,U,single,,72,878,1
2,mongo,U,single,,73,868,1
2,mongo,U,single,,74,659,1
2,mongo,U,single,,75,658,1
2,mongo,U,single,,76,674,1
2,mongo,U,single,,77,1419,1
2,mongo,U,single,,78,1109,1
2,mongo,U,single,,79,906,1
2,mongo,U,single,,80,627,1
2,mongo,U,single,,81,718,1
2,mongo,U,single,,82,642,1
2,mongo,U,single,,83,605,1
2,mongo,U,single,,84,697,1
2,mongo,U,single,,85,795,1
2,mongo,U,single,,86,1451,1
2,mongo,U,single,,87,1066,1
2,mongo,U,single,,88,709,1
2,mongo,U,single,,89,609,1
2,mongo,U,single,,90,669,1
2,mongo,U,single,,91,634,1
2,mongo,U,single,,92,676,1
2,mongo,U,single,,93,736,1
2,mongo,U,single,,94,1339,1
2,mongo,U,single,,95,1037,1
2,mongo,U,single,,96,696,1
2,mongo,U,single,,97,671,1
2,mongo,U,single,,98,622,1
2,mongo,U,single,,99,680,1
2,mongo,U,single,,100,648,1
2,mongo,U,single,,101,672,1
2,mongo,U,single,,102,526,1
2,mongo,U,single,,103,1295,1
2,mongo,U,single,,104,1208,1
2,mongo,U,single,,105,754,1
2,mongo,U,single,,106,611,1
2,mongo,U,single,,107,724,1
2,mongo,U,single,,108,748,1
2,mongo,U,single,,109,681,1
2,mongo,U,single,,110,656,1
2,mongo,U,single,,111,726,1
2,mongo,U,single,,112,1358,1
2,mongo,U,single,,113,1195,1
2,mongo,U,single,,114,743,1
2,mongo,U,single,,115,631,1
2,mongo,U,single,,116,610,1
2,mongo,U,single,,117,681,1
2,mongo,U,single,,118,698,1
2,mongo,U,single,,119,788,1
2,mongo,U,single,,120,758,1
2,mongo,U,single,,121,872,1
2,mongo,U,single,,122,927,1
2,mongo,U,single,,123,807,1
2,mongo,U,single,,124,761,1
2,mongo,U,single,,125,816,1
2,mongo,U,single,,126,677,1
2,mongo,U,single,,127,607,1
2,mongo,U,single,,128,717,1
2,mongo,U,single,,129,676,1
2,mongo,U,single,,130,761,1
2,mongo,U,single,,131,1339,1
2,mongo,U,single,,132,980,1
2,mongo,U,single,,133,654,1
2,mongo,U,single,,134,712,1
2,mongo,U,single,,135,697,1
2,mongo,U,single,,136,706,1
2,mongo,U,single,,137,1420,1
2,mongo,U,single,,138,1224,1
2,mongo,U,single,,139,847,1
2,mongo,U,single,,140,719,1
2,mongo,U,single,,141,704,1
2,mongo,U,single,,142,709,1
2,mongo,U,single,,143,679,1
2,mongo,U,single,,144,679,1
2,mongo,U,single,,145,1402,1
2,mongo,U,single,,146,1170,1
2,mongo,U,single,,147,820,1
2,mongo,U,single,,148,731,1
2,mongo,U,single,,149,764,1
2,mongo,U,single,,150,798,1
2,mongo,U,single,,151,754,1
2,mongo,U,single,,152,619,1
2,mongo,U,single,,153,722,1
2,mongo,U,single,,154,836,1
2,mongo,U,single,,155,971,1
2,mongo,U,single,,156,853,1
2,mongo,U,single,,157,744,1
2,mongo,U,single,,158,862,1
2,mongo,U,single,,159,803,1
2,mongo,U,single,,160,661,1
2,mongo,U,single,,161,698,1
2,mongo,U,single,,162,664,1
2,mongo,U,single,,163,1167,1
2,mongo,U,single,,164,1549,1
2,mongo,U,single,,165,912,1
2,mongo,U,single,,166,687,1
2,mongo,U,single,,167,633,1
2,mongo,U,single,,168,639,1
2,mongo,U,single,,169,1245,1
2,mongo,U,single,,170,1261,1
2,mongo,U,single,,171,762,1
2,mongo,U,single,,172,784,1
2,mongo,U,single,,173,692,1
2,mongo,U,single,,174,824,1
2,mongo,U,single,,175,711,1
2,mongo,U,single,,176,620,1
2,mongo,U,single,,177,1353,1
2,mongo,U,single,,178,1044,1
2,mongo,U,single,,179,739,1
2,mongo,U,single,,180,789,1
2,mongo,U,single,,181,715,1
2,mongo,U,single,,182,747,1
2,mongo,U,single,,183,655,1
2,mongo,U,single,,184,672,1
2,mongo,U,single,,185,817,1
2,mongo,U,single,,186,1404,1
2,mongo,U,single,,187,1153,1
2,mongo,U,single,,188,718,1
2,mongo,U,single,,189,758,1
2,mongo,U,single,,190,689,1
2,mongo,U,single,,191,678,1
2,mongo,U,single,,192,706,1
2,mongo,U,single,,193,808,1
2,mongo,U,single,,194,836,1
2,mongo,U,single,,195,862,1
2,mongo,U,single,,196,837,1
2,mongo,U,single,,197,833,1
2,mongo,U,single,,198,889,1
2,mongo,U,single,,199,808,1
2,mongo,U,wide,bike,0,30037,2748
2,mongo,U,wide,bike,1,30577,2748
2,mongo,U,wide,bike,2,30139,2748
2,mongo,U,wide,bike,3,29505,2748
2,mongo,U,wide,bike,4,29575,2748
2,mongo,U,wide,bike,5,29802,2748
2,mongo,U,wide,bike,6,30012,2748
2,mongo,U,wide,bike,7,29543,2748
2,mongo,U,wide,bike,8,30630,2748
2,mongo,U,wide,bike,9,29674,2748
2,mongo,U,wide,bike,10,28041,2748
2,mongo,U,wide,bike,11,31491,2748
2,mongo,U,wide,bike,12,32039,2748
2,mongo,U,wide,bike,13,30009,2748
2,mongo,U,wide,bike,14,30388,2748
2,mongo,U,wide,bike,15,27889,2748
2,mongo,U,wide,bike,16,31865,2748
2,mongo,U,wide,bike,17,28497,2748
2,mongo,U,wide,bike,18,28387,2748
2,mongo,U,wide,bike,19,30386,2748
2,mongo,U,wide,bike,20,31067,2748
2,mongo,U,wide,bike,21,34622,2748
2,mongo,U,wide,bike,22,31215,2748
2,mongo,U,wide,bike,23,32511,2748
2,mongo,U,wide,bike,24,33093,2748
2,mongo,U,wide,bike,25,30122,2748
2,mongo,U,wide,bike,26,28891,2748
2,mongo,U,wide,bike,27,28813,2748
2,mongo,U,wide,bike,28,33422,2748
2,mongo,U,wide,bike,29,31581,2748
2,mongo,U,wide,bike,30,34211,2748
2,mongo,U,wide,bike,31,30617,2748
2,mongo,U,wide,bike,32,29377,2748
2,mongo,U,wide,bike,33,28274,2748
2,mongo,U,wide,bike,34,31758,2748
2,mongo,U,wide,bike,35,28232,2748
2,mongo,U,wide,bike,36,29605,2748
2,mongo,U,wide,bike,37,28812,2748
2,mongo,U,wide,bike,38,31705,2748
2,mongo,U,wide,bike,39,31142,2748
2,mongo,U,wide,bike,40,29767,2748
2,mongo,U,wide,bike,41,27915,2748
2,mongo,U,wide,bike,42,29660,2748
2,mongo,U,wide,bike,43,29169,2748
2,mongo,U,wide,bike,44,28862,2748
2,mongo,U,wide,bike,45,33327,2748
2,mongo,U,wide,bike,46,30735,2748
2,mongo,U,wide,bike,47,30980,2748
2,mongo,U,wide,bike,48,28042,2748
2,mongo,U,wide,bike,49,28581,2748
2,mongo,U,wide,bike,50,28021,2748
2,mongo,U,wide,bike,51,27455,2748
2,mongo,U,wide,bike,52,28725,2748
2,mongo,U,wide,bike,53,31752,2748
2,mongo,U,wide,bike,54,31840,2748
2,mongo,U,wide,bike,55,30223,2748
2,mongo,U,wide,bike,56,28748,2748
2,mongo,U,wide,bike,57,29490,2748
2,mongo,U,wide,bike,58,31232,2748
2,mongo,U,wide,bike,59,31772,2748
2,mongo,U,wide,bike,60,41166,2748
2,mongo,U,wide,bike,61,37855,2748
2,mongo,U,wide,bike,62,31418,2748
2,mongo,U,wide,bike,63,28681,2748
2,mongo,U,wide,bike,64,29175,2748
2,mongo,U,wide,bike,65,34818,2748
2,mongo,U,wide,bike,66,35627,2748
2,mongo,U,wide,bike,67,31230,2748
2,mongo,U,wide,bike,68,33900,2748
2,mongo,U,wide,bike,69,32735,2748
2,mongo,U,wide,bike,70,33652,2748
2,mongo,U,wide,bike,71,32595,2748
2,mongo,U,wide,bike,72,33261,2748
2,mongo,U,wide,bike,73,34835,2748
2,mongo,U,wide,bike,74,34218,2748
2,mongo,U,wide,bike,75,34057,2748
2,mongo,U,wide,bike,76,37149,2748
2,mongo,U,wide,bike,77,34443,2748
2,mongo,U,wide,bike,78,34120,2748
2,mongo,U,wide,bike,79,30049,2748
2,mongo,U,wide,bike,80,29806,2748
2,mongo,U,wide,bike,81,30545,2748
2,mongo,U,wide,bike,82,30103,2748
2,mongo,U,wide,bike,83,29382,2748
2,mongo,U,wide,bike,84,30650,2748
2,mongo,U,wide,bike,85,30024,2748
2,mongo,U,wide,bike,86,29503,2748
2,mongo,U,wide,bike,87,29582,2748
2,mongo,U,wide,bike,88,28280,2748
2,mongo,U,wide,bike,89,30888,2748
2,mongo,U,wide,bike,90,29607,2748
2,mongo,U,wide,bike,91,28864,2748
2,mongo,U,wide,bike,92,32676,2748
2,mongo,U,wide,bike,93,28612,2748
2,mongo,U,wide,bike,94,29679,2748
2,mongo,U,wide,bike,95,29214,2748
2,mongo,U,wide,bike,96,29811,2748
2,mongo,U,wide,bike,97,28347,2748
2,mongo,U,wide,bike,98,29593,2748
2,mongo,U,wide,bike,99,29713,2748
2,mongo,U,wide,bike,100,31621,2748
2,mongo,U,wide,bike,101,28910,2748
2,mongo,U,wide,bike,102,29088,2748
2,mongo,U,wide,bike,103,29514,2748
2,mongo,U,wide,bike,104,32740,2748
2,mongo,U,wide,bike,105,31546,2748
2,mongo,U,wide,bike,106,29173,2748
2,mongo,U,wide,bike,107,29349,2748
2,mongo,U,wide,bike,108,30313,2748
2,mongo,U,wide,bike,109,34489,2748
2,mongo,U,wide,bike,110,31293,2748
2,mongo,U,wide,bike,111,32823,2748
2,mongo,U,wide,bike,112,31778,2748
2,mongo,U,wide,bike,113,31954,2748
2,mongo,U,wide,bike,114,30615,2748
2,mongo,U,wide,bike,115,32549,2748
2,mongo,U,wide,bike,116,32534,2748
2,mongo,U,wide,bike,117,30909,2748
2,mongo,U,wide,bike,118,27573,2748
2,mongo,U,wide,bike,119,30864,2748
2,mongo,U,wide,bike,120,28436,2748
2,mongo,U,wide,bike,121,31119,2748
2,mongo,U,wide,bike,122,30604,2748
2,mongo,U,wide,bike,123,28143,2748
2,mongo,U,wide,bike,124,30280,2748
2,mongo,U,wide,bike,125,29041,2748
2,mongo,U,wide,bike,126,35752,2748
2,mongo,U,wide,bike,127,34988,2748
2,mongo,U,wide,bike,128,29553,2748
2,mongo,U,wide,bike,129,28696,2748
2,mongo,U,wide,bike,130,30307,2748
2,mongo,U,wide,bike,131,28575,2748
2,mongo,U,wide,bike,132,29181,2748
2,mongo,U,wide,bike,133,29028,2748
2,mongo,U,wide,bike,134,29352,2748
2,mongo,U,wide,bike,135,29478,2748
2,mongo,U,wide,bike,136,31130,2748
2,mongo,U,wide,bike,137,49929,2748
2,mongo,U,wide,bike,138,30383,2748
2,mongo,U,wide,bike,139,29231,2748
2,mongo,U,wide,bike,140,27979,2748
2,mongo,U,wide,bike,141,31804,2748
2,mongo,U,wide,bike,142,28953,2748
2,mongo,U,wide,bike,143,31503,2748
2,mongo,U,wide,bike,144,29850,2748
2,mongo,U,wide,bike,145,31674,2748
2,mongo,U,wide,bike,146,30898,2748
2,mongo,U,wide,bike,147,32631,2748
2,mongo,U,wide,bike,148,27930,2748
2,mongo,U,wide,bike,149,30276,2748
2,mongo,U,wide,bike,150,34988,2748
2,mongo,U,wide,bike,151,35376,2748
2,mongo,U,wide,bike,152,34270,2748
2,mongo,U,wide,bike,153,35561,2748
2,mongo,U,wide,bike,154,37490,2748
2,mongo,U,wide,bike,155,37817,2748
2,mongo,U,wide,bike,156,35094,2748
2,mongo,U,wide,bike,157,31374,2748
2,mongo,U,wide,bike,158,34357,2748
2,mongo,U,wide,bike,159,31618,2748
2,mongo,U,wide,bike,160,33828,2748
2,mongo,U,wide,bike,161,34665,2748
2,mongo,U,wide,bike,162,31329,2748
2,mongo,U,wide,bike,163,33274,2748
2,mongo,U,wide,bike,164,33383,2748
2,mongo,U,wide,bike,165,36854,2748
2,mongo,U,wide,bike,166,31309,2748
2,mongo,U,wide,bike,167,34897,2748
2,mongo,U,wide,bike,168,31763,2748
2,mongo,U,wide,bike,169,29324,2748
2,mongo,U,wide,bike,170,29280,2748
2,mongo,U,wide,bike,171,28854,2748
2,mongo,U,wide,bike,172,30717,2748
2,mongo,U,wide,bike,173,30068,2748
2,mongo,U,wide,bike,174,29448,2748
2,mongo,U,wide,bike,175,30460,2748
2,mongo,U,wide,bike,176,29740,2748
2,mongo,U,wide,bike,177,30130,2748
2,mongo,U,wide,bike,178,31077,2748
2,mongo,U,wide,bike,179,29894,2748
2,mongo,U,wide,bike,180,30836,2748
2,mongo,U,wide,bike,181,32562,2748
2,mongo,U,wide,bike,182,31520,2748
2,mongo,U,wide,bike,183,29894,2748
2,mongo,U,wide,bike,184,28702,2748
2,mongo,U,wide,bike,185,30130,2748
2,mongo,U,wide,bike,186,29440,2748
2,mongo,U,wide,bike,187,29647,2748
2,mongo,U,wide,bike,188,30101,2748
2,mongo,U,wide,bike,189,29982,2748
2,mongo,U,wide,bike,190,30280,2748
2,mongo,U,wide,bike,191,36290,2748
2,mongo,U,wide,bike,192,35503,2748
2,mongo,U,wide,bike,193,29800,2748
2,mongo,U,wide,bike,194,29195,2748
2,mongo,U,wide,bike,195,28702,2748
2,mongo,U,wide,bike,196,30013,2748
2,mongo,U,wide,bike,197,29691,2748
2,mongo,U,wide,bike,198,30335,2748
2,mongo,U,wide,bike,199,30582,2748
2,pg,S,narrow,bike,0,10648,166
2,pg,S,narrow,bike,1,5725,166
2,pg,S,narrow,bike,2,5535,166
2,pg,S,narrow,bike,3,5619,166
2,pg,S,narrow,bike,4,5309,166
2,pg,S,narrow,bike,5,5639,166
2,pg,S,narrow,bike,6,5455,166
2,pg,S,narrow,bike,7,5728,166
2,pg,S,narrow,bike,8,5398,166
2,pg,S,narrow,bike,9,5471,166
2,pg,S,narrow,bike,10,5671,166
2,pg,S,narrow,bike,11,5640,166
2,pg,S,narrow,bike,12,6669,166
2,pg,S,narrow,bike,13,6363,166
2,pg,S,narrow,bike,14,4765,166
2,pg,S,narrow,bike,15,5447,166
2,pg,S,narrow,bike,16,5964,166
2,pg,S,narrow,bike,17,5747,166
2,pg,S,narrow,bike,18,5796,166
2,pg,S,narrow,bike,19,5131,166
2,pg,S,narrow,bike,20,6325,166
2,pg,S,narrow,bike,21,6318,166
2,pg,S,narrow,bike,22,5661,166
2,pg,S,narrow,bike,23,6302,166
2,pg,S,narrow,bike,24,6678,166
2,pg,S,narrow,bike,25,5447,166
2,pg,S,narrow,bike,26,6017,166
2,pg,S,narrow,bike,27,5759,166
2,pg,S,narrow,bike,28,5607,166
2,pg,S,narrow,bike,29,5423,166
2,pg,S,narrow,bike,30,5717,166
2,pg,S,narrow,bike,31,5328,166
2,pg,S,narrow,bike,32,6093,166
2,pg,S,narrow,bike,33,5059,166
2,pg,S,narrow,bike,34,5539,166
2,pg,S,narrow,bike,35,5847,166
2,pg,S,narrow,bike,36,4964,166
2,pg,S,narrow,bike,37,4974,166
2,pg,S,narrow,bike,38,5673,166
2,pg,S,narrow,bike,39,5561,166
2,pg,S,narrow,bike,40,5340,166
2,pg,S,narrow,bike,41,5699,166
2,pg,S,narrow,bike,42,6199,166
2,pg,S,narrow,bike,43,5123,166
2,pg,S,narrow,bike,44,5445,166
2,pg,S,narrow,bike,45,6628,166
2,pg,S,narrow,bike,46,5520,166
2,pg,S,narrow,bike,47,5782,166
2,pg,S,narrow,bike,48,5789,166
2,pg,S,narrow,bike,49,6577,166
2,pg,S,narrow,bike,50,4943,166
2,pg,S,narrow,bike,51,5851,166
2,pg,S,narrow,bike,52,5255,166
2,pg,S,narrow,bike,53,4883,166
2,pg,S,narrow,bike,54,5783,166
2,pg,S,narrow,bike,55,5489,166
2,pg,S,narrow,bike,56,5734,166
2,pg,S,narrow,bike,57,5551,166
2,pg,S,narrow,bike,58,6305,166
2,pg,S,narrow,bike,59,5112,166
2,pg,S,narrow,bike,60,5939,166
2,pg,S,narrow,bike,61,5763,166
2,pg,S,narrow,bike,62,6319,166
2,pg,S,narrow,bike,63,6467,166
2,pg,S,narrow,bike,64,6611,166
2,pg,S,narrow,bike,65,5320,166
2,pg,S,narrow,bike,66,6032,166
2,pg,S,narrow,bike,67,5238,166
2,pg,S,narrow,bike,68,5073,166
2,pg,S,narrow,bike,69,5492,166
2,pg,S,narrow,bike,70,5754,166
2,pg,S,narrow,bike,71,4910,166
2,pg,S,narrow,bike,72,5053,166
2,pg,S,narrow,bike,73,5382,166
2,pg,S,narrow,bike,74,5125,166
2,pg,S,narrow,bike,75,4933,166
2,pg,S,narrow,bike,76,5412,166
2,pg,S,narrow,bike,77,6399,166
2,pg,S,narrow,bike,78,5922,166
2,pg,S,narrow,bike,79,5636,166
2,pg,S,narrow,bike,80,6777,166
2,pg,S,narrow,bike,81,5291,166
2,pg,S,narrow,bike,82,5071,166
2,pg,S,narrow,bike,83,6401,166
2,pg,S,narrow,bike,84,5091,166
2,pg,S,narrow,bike,85,5482,166
2,pg,S,narrow,bike,86,6049,166
2,pg,S,narrow,bike,87,5394,166
2,pg,S,narrow,bike,88,4793,166
2,pg,S,narrow,bike,89,6215,166
2,pg,S,narrow,bike,90,5115,166
2,pg,S,narrow,bike,91,4961,166
2,pg,S,narrow,bike,92,6224,166
2,pg,S,narrow,bike,93,5491,166
2,pg,S,narrow,bike,94,5109,166
2,pg,S,narrow,bike,95,6503,166
2,pg,S,narrow,bike,96,6557,166
2,pg,S,narrow,bike,97,6039,166
2,pg,S,narrow,bike,98,4899,166
2,pg,S,narrow,bike,99,5547,166
2,pg,S,narrow,bike,100,5120,166
2,pg,S,narrow,bike,101,4994,166
2,pg,S,narrow,bike,102,5761,166
2,pg,S,narrow,bike,103,6780,166
2,pg,S,narrow,bike,104,5733,166
2,pg,S,narrow,bike,105,6198,166
2,pg,S,narrow,bike,106,5836,166
2,pg,S,narrow,bike,107,5465,166
2,pg,S,narrow,bike,108,6143,166
2,pg,S,narrow,bike,109,5209,166
2,pg,S,narrow,bike,110,4951,166
2,pg,S,narrow,bike,111,5596,166
2,pg,S,narrow,bike,112,5859,166
2,pg,S,narrow,bike,113,5121,166
2,pg,S,narrow,bike,114,5327,166
2,pg,S,narrow,bike,115,5679,166
2,pg,S,narrow,bike,116,5442,166
2,pg,S,narrow,bike,117,5123,166
2,pg,S,narrow,bike,118,4912,166
2,pg,S,narrow,bike,119,5657,166
2,pg,S,narrow,bike,120,5180,166
2,pg,S,narrow,bike,121,6156,166
2,pg,S,narrow,bike,122,5443,166
2,pg,S,narrow,bike,123,5126,166
2,pg,S,narrow,bike,124,5238,166
2,pg,S,narrow,bike,125,5950,166
2,pg,S,narrow,bike,126,5048,166
2,pg,S,narrow,bike,127,4932,166
2,pg,S,narrow,bike,128,5263,166
2,pg,S,narrow,bike,129,5627,166
2,pg,S,narrow,bike,130,5200,166
2,pg,S,narrow,bike,131,5124,166
2,pg,S,narrow,bike,132,5561,166
2,pg,S,narrow,bike,133,4963,166
2,pg,S,narrow,bike,134,6671,166
2,pg,S,narrow,bike,135,5918,166
2,pg,S,narrow,bike,136,6064,166
2,pg,S,narrow,bike,137,5241,166
2,pg,S,narrow,bike,138,5341,166
2,pg,S,narrow,bike,139,4852,166
2,pg,S,narrow,bike,140,6245,166
2,pg,S,narrow,bike,141,5241,166
2,pg,S,narrow,bike,142,5715,166
2,pg,S,narrow,bike,143,6060,166
2,pg,S,narrow,bike,144,5295,166
2,pg,S,narrow,bike,145,6206,166
2,pg,S,narrow,bike,146,5582,166
2,pg,S,narrow,bike,147,6530,166
2,pg,S,narrow,bike,148,5101,166
2,pg,S,narrow,bike,149,5875,166
2,pg,S,narrow,bike,150,4995,166
2,pg,S,narrow,bike,151,5882,166
2,pg,S,narrow,bike,152,5735,166
2,pg,S,narrow,bike,153,5375,166
2,pg,S,narrow,bike,154,4575,166
2,pg,S,narrow,bike,155,5781,166
2,pg,S,narrow,bike,156,5325,166
2,pg,S,narrow,bike,157,5407,166
2,pg,S,narrow,bike,158,6046,166
2,pg,S,narrow,bike,159,7426,166
2,pg,S,narrow,bike,160,6160,166
2,pg,S,narrow,bike,161,5864,166
2,pg,S,narrow,bike,162,5606,166
2,pg,S,narrow,bike,163,6898,166
2,pg,S,narrow,bike,164,6805,166
2,pg,S,narrow,bike,165,5207,166
2,pg,S,narrow,bike,166,5405,166
2,pg,S,narrow,bike,167,5605,166
2,pg,S,narrow,bike,168,5280,166
2,pg,S,narrow,bike,169,5730,166
2,pg,S,narrow,bike,170,5771,166
2,pg,S,narrow,bike,171,5712,166
2,pg,S,narrow,bike,172,4854,166
2,pg,S,narrow,bike,173,5764,166
2,pg,S,narrow,bike,174,5017,166
2,pg,S,narrow,bike,175,5460,166
2,pg,S,narrow,bike,176,5452,166
2,pg,S,narrow,bike,177,5803,166
2,pg,S,narrow,bike,178,5023,166
2,pg,S,narrow,bike,179,5683,166
2,pg,S,narrow,bike,180,5845,166
2,pg,S,narrow,bike,181,5207,166
2,pg,S,narrow,bike,182,5069,166
2,pg,S,narrow,bike,183,5453,166
2,pg,S,narrow,bike,184,5130,166
2,pg,S,narrow,bike,185,5987,166
2,pg,S,narrow,bike,186,6921,166
2,pg,S,narrow,bike,187,6528,166
2,pg,S,narrow,bike,188,5831,166
2,pg,S,narrow,bike,189,5802,166
2,pg,S,narrow,bike,190,5116,166
2,pg,S,narrow,bike,191,5012,166
2,pg,S,narrow,bike,192,7160,166
2,pg,S,narrow,bike,193,6247,166
2,pg,S,narrow,bike,194,4994,166
2,pg,S,narrow,bike,195,5266,166
2,pg,S,narrow,bike,196,5045,166
2,pg,S,narrow,bike,197,4875,166
2,pg,S,narrow,bike,198,5530,166
2,pg,S,narrow,bike,199,6507,166
2,pg,S,medium,bus,0,110379,6217
2,pg,S,medium,bus,1,136535,6217
2,pg,S,medium,bus,2,109412,6217
2,pg,S,medium,bus,3,111080,6217
2,pg,S,medium,bus,4,105639,6217
2,pg,S,medium,bus,5,126549,6217
2,pg,S,medium,bus,6,123171,6217
2,pg,S,medium,bus,7,105348,6217
2,pg,S,medium,bus,8,105545,6217
2,pg,S,medium,bus,9,103959,6217
2,pg,S,medium,bus,10,105605,6217
2,pg,S,medium,bus,11,104305,6217
2,pg,S,medium,bus,12,101775,6217
2,pg,S,medium,bus,13,103284,6217
2,pg,S,medium,bus,14,100902,6217
2,pg,S,medium,bus,15,102039,6217
2,pg,S,medium,bus,16,104771,6217
2,pg,S,medium,bus,17,104242,6217
2,pg,S,medium,bus,18,104742,6217
2,pg,S,medium,bus,19,103367,6217
2,pg,S,medium,bus,20,101963,6217
2,pg,S,medium,bus,21,103170,6217
2,pg,S,medium,bus,22,121092,6217
2,pg,S,medium,bus,23,101389,6217
2,pg,S,medium,bus,24,104675,6217
2,pg,S,medium,bus,25,112968,6217
2,pg,S,medium,bus,26,125484,6217
2,pg,S,medium,bus,27,110447,6217
2,pg,S,medium,bus,28,111977,6217
2,pg,S,medium,bus,29,110720,6217
2,pg,S,medium,bus,30,112859,6217
2,pg,S,medium,bus,31,103886,6217
2,pg,S,medium,bus,32,101439,6217
2,pg,S,medium,bus,33,120448,6217
2,pg,S,medium,bus,34,101854,6217
2,pg,S,medium,bus,35,101074,6217
2,pg,S,medium,bus,36,105182,6217
2,pg,S,medium,bus,37,102249,6217
2,pg,S,medium,bus,38,103332,6217
2,pg,S,medium,bus,39,100950,6217
2,pg,S,medium,bus,40,124015,6217
2,pg,S,medium,bus,41,122250,6217
2,pg,S,medium,bus,42,102831,6217
2,pg,S,medium,bus,43,103903,6217
2,pg,S,medium,bus,44,134253,6217
2,pg,S,medium,bus,45,106238,6217
2,pg,S,medium,bus,46,102671,6217
2,pg,S,medium,bus,47,101338,6217
2,pg,S,medium,bus,48,100486,6217
2,pg,S,medium,bus,49,100257,6217
2,pg,S,medium,bus,50,110264,6217
2,pg,S,medium,bus,51,107228,6217
2,pg,S,medium,bus,52,111985,6217
2,pg,S,medium,bus,53,109779,6217
2,pg,S,medium,bus,54,118416,6217
2,pg,S,medium,bus,55,106681,6217
2,pg,S,medium,bus,56,110766,6217
2,pg,S,medium,bus,57,101146,6217
2,pg,S,medium,bus,58,101790,6217
2,pg,S,medium,bus,59,100986,6217
2,pg,S,medium,bus,60,101558,6217
2,pg,S,medium,bus,61,100618,6217
2,pg,S,medium,bus,62,119743,6217
2,pg,S,medium,bus,63,124170,6217
2,pg,S,medium,bus,64,107566,6217
2,pg,S,medium,bus,65,101063,6217
2,pg,S,medium,bus,66,116746,6217
2,pg,S,medium,bus,67,104515,6217
2,pg,S,medium,bus,68,120892,6217
2,pg,S,medium,bus,69,103760,6217
2,pg,S,medium,bus,70,105193,6217
2,pg,S,medium,bus,71,103602,6217
2,pg,S,medium,bus,72,102980,6217
2,pg,S,medium,bus,73,104217,6217
2,pg,S,medium,bus,74,104018,6217
2,pg,S,medium,bus,75,105856,6217
2,pg,S,medium,bus,76,103290,6217
2,pg,S,medium,bus,77,116724,6217
2,pg,S,medium,bus,78,111996,6217
2,pg,S,medium,bus,79,112501,6217
2,pg,S,medium,bus,80,109642,6217
2,pg,S,medium,bus,81,114367,6217
2,pg,S,medium,bus,82,140192,6217
2,pg,S,medium,bus,83,101480,6217
2,pg,S,medium,bus,84,101345,6217
2,pg,S,medium,bus,85,104511,6217
2,pg,S,medium,bus,86,99729,6217
2,pg,S,medium,bus,87,103189,6217
2,pg,S,medium,bus,88,104900,6217
2,pg,S,medium,bus,89,102784,6217
2,pg,S,medium,bus,90,100355,6217
2,pg,S,medium,bus,91,103840,6217
2,pg,S,medium,bus,92,105042,6217
2,pg,S,medium,bus,93,123465,6217
2,pg,S,medium,bus,94,103081,6217
2,pg,S,medium,bus,95,104758,6217
2,pg,S,medium,bus,96,103810,6217
2,pg,S,medium,bus,97,107970,6217
2,pg,S,medium,bus,98,113808,6217
2,pg,S,medium,bus,99,103526,6217
2,pg,S,medium,bus,100,111488,6217
2,pg,S,medium,bus,101,138539,6217
2,pg,S,medium,bus,102,114247,6217
2,pg,S,medium,bus,103,115240,6217
2,pg,S,medium,bus,104,114748,6217
2,pg,S,medium,bus,105,100877,6217
2,pg,S,medium,bus,106,100704,6217
2,pg,S,medium,bus,107,103620,6217
2,pg,S,medium,bus,108,118986,6217
2,pg,S,medium,bus,109,108724,6217
2,pg,S,medium,bus,110,101853,6217
2,pg,S,medium,bus,111,100973,6217
2,pg,S,medium,bus,112,102673,6217
2,pg,S,medium,bus,113,118964,6217
2,pg,S,medium,bus,114,102244,6217
2,pg,S,medium,bus,115,101867,6217
2,pg,S,medium,bus,116,99693,6217
2,pg,S,medium,bus,117,119109,6217
2,pg,S,medium,bus,118,101835,6217
2,pg,S,medium,bus,119,105845,6217
2,pg,S,medium,bus,120,119735,6217
2,pg,S,medium,bus,121,113194,6217
2,pg,S,medium,bus,122,103962,6217
2,pg,S,medium,bus,123,102558,6217
2,pg,S,medium,bus,124,103198,6217
2,pg,S,medium,bus,125,101913,6217
2,pg,S,medium,bus,126,102753,6217
2,pg,S,medium,bus,127,112302,6217
2,pg,S,medium,bus,128,127804,6217
2,pg,S,medium,bus,129,128542,6217
2,pg,S,medium,bus,130,120870,6217
2,pg,S,medium,bus,131,166663,6217
2,pg,S,medium,bus,132,132488,6217
2,pg,S,medium,bus,133,121059,6217
2,pg,S,medium,bus,134,121925,6217
2,pg,S,medium,bus,135,120826,6217
2,pg,S,medium,bus,136,105061,6217
2,pg,S,medium,bus,137,99839,6217
2,pg,S,medium,bus,138,110623,6217
2,pg,S,medium,bus,139,102083,6217
2,pg,S,medium,bus,140,101582,6217
2,pg,S,medium,bus,141,104355,6217
2,pg,S,medium,bus,142,101874,6217
2,pg,S,medium,bus,143,102176,6217
2,pg,S,medium,bus,144,99083,6217
2,pg,S,medium,bus,145,105944,6217
2,pg,S,medium,bus,146,104519,6217
2,pg,S,medium,bus,147,102686,6217
2,pg,S,medium,bus,148,114743,6217
2,pg,S,medium,bus,149,101025,6217
2,pg,S,medium,bus,150,120073,6217
2,pg,S,medium,bus,151,110734,6217
2,pg,S,medium,bus,152,110918,6217
2,pg,S,medium,bus,153,115310,6217
2,pg,S,medium,bus,154,135403,6217
2,pg,S,medium,bus,155,108903,6217
2,pg,S,medium,bus,156,105519,6217
2,pg,S,medium,bus,157,114788,6217
2,pg,S,medium,bus,158,101899,6217
2,pg,S,medium,bus,159,99032,6217
2,pg,S,medium,bus,160,102499,6217
2,pg,S,medium,bus,161,119095,6217
2,pg,S,medium,bus,162,101131,6217
2,pg,S,medium,bus,163,120888,6217
2,pg,S,medium,bus,164,102163,6217
2,pg,S,medium,bus,165,99233,6217
2,pg,S,medium,bus,166,103032,6217
2,pg,S,medium,bus,167,100844,6217
2,pg,S,medium,bus,168,100278,6217
2,pg,S,medium,bus,169,122445,6217
2,pg,S,medium,bus,170,102079,6217
2,pg,S,medium,bus,171,121193,6217
2,pg,S,medium,bus,172,103725,6217
2,pg,S,medium,bus,173,103772,6217
2,pg,S,medium,bus,174,106311,6217
2,pg,S,medium,bus,175,103798,6217
2,pg,S,medium,bus,176,111081,6217
2,pg,S,medium,bus,177,102549,6217
2,pg,S,medium,bus,178,128980,6217
2,pg,S,medium,bus,179,118568,6217
2,pg,S,medium,bus,180,148850,6217
2,pg,S,medium,bus,181,140618,6217
2,pg,S,medium,bus,182,125916,6217
2,pg,S,medium,bus,183,103371,6217
2,pg,S,medium,bus,184,103006,6217
2,pg,S,medium,bus,185,102878,6217
2,pg,S,medium,bus,186,119318,6217
2,pg,S,medium,bus,187,120776,6217
2,pg,S,medium,bus,188,121732,6217
2,pg,S,medium,bus,189,123764,6217
2,pg,S,medium,bus,190,124726,6217
2,pg,S,medium,bus,191,121826,6217
2,pg,S,medium,bus,192,101682,6217
2,pg,S,medium,bus,193,108608,6217
2,pg,S,medium,bus,194,107872,6217
2,pg,S,medium,bus,195,122164,6217
2,pg,S,medium,bus,196,102003,6217
2,pg,S,medium,bus,197,101556,6217
2,pg,S,medium,bus,198,102819,6217
2,pg,S,medium,bus,199,143231,6217
2,pg,S,medium,bike,0,40408,1433
2,pg,S,medium,bike,1,39827,1433
2,pg,S,medium,bike,2,41718,1433
2,pg,S,medium,bike,3,40729,1433
2,pg,S,medium,bike,4,41371,1433
2,pg,S,medium,bike,5,41763,1433
2,pg,S,medium,bike,6,41886,1433
2,pg,S,medium,bike,7,42842,1433
2,pg,S,medium,bike,8,42380,1433
2,pg,S,medium,bike,9,38103,1433
2,pg,S,medium,bike,10,38308,1433
2,pg,S,medium,bike,11,37069,1433
2,pg,S,medium,bike,12,37578,1433
2,pg,S,medium,bike,13,37165,1433
2,pg,S,medium,bike,14,37463,1433
2,pg,S,medium,bike,15,37931,1433
2,pg,S,medium,bike,16,36443,1433
2,pg,S,medium,bike,17,36770,1433
2,pg,S,medium,bike,18,44928,1433
2,pg,S,medium,bike,19,37474,1433
2,pg,S,medium,bike,20,48226,1433
2,pg,S,medium,bike,21,45029,1433
2,pg,S,medium,bike,22,46268,1433
2,pg,S,medium,bike,23,46905,1433
2,pg,S,medium,bike,24,51780,1433
2,pg,S,medium,bike,25,39440,1433
2,pg,S,medium,bike,26,37542,1433
2,pg,S,medium,bike,27,47165,1433
2,pg,S,medium,bike,28,36118,1433
2,pg,S,medium,bike,29,38006,1433
2,pg,S,medium,bike,30,35198,1433
2,pg,S,medium,bike,31,44943,1433
2,pg,S,medium,bike,32,38026,1433
2,pg,S,medium,bike,33,39275,1433
2,pg,S,medium,bike,34,37562,1433
2,pg,S,medium,bike,35,36080,1433
2,pg,S,medium,bike,36,35470,1433
2,pg,S,medium,bike,37,35336,1433
2,pg,S,medium,bike,38,34962,1433
2,pg,S,medium,bike,39,36322,1433
2,pg,S,medium,bike,40,43693,1433
2,pg,S,medium,bike,41,36645,1433
2,pg,S,medium,bike,42,35817,1433
2,pg,S,medium,bike,43,47065,1433
2,pg,S,medium,bike,44,43971,1433
2,pg,S,medium,bike,45,36491,1433
2,pg,S,medium,bike,46,36631,1433
2,pg,S,medium,bike,47,36550,1433
2,pg,S,medium,bike,48,35278,1433
2,pg,S,medium,bike,49,47834,1433
2,pg,S,medium,bike,50,44459,1433
2,pg,S,medium,bike,51,44320,1433
2,pg,S,medium,bike,52,44734,1433
2,pg,S,medium,bike,53,46483,1433
2,pg,S,medium,bike,54,35184,1433
2,pg,S,medium,bike,55,36407,1433
2,pg,S,medium,bike,56,35441,1433
2,pg,S,medium,bike,57,35290,1433
2,pg,S,medium,bike,58,35640,1433
2,pg,S,medium,bike,59,35752,1433
2,pg,S,medium,bike,60,44974,1433
2,pg,S,medium,bike,61,36324,1433
2,pg,S,medium,bike,62,38296,1433
2,pg,S,medium,bike,63,35970,1433
2,pg,S,medium,bike,64,36171,1433
2,pg,S,medium,bike,65,35094,1433
2,pg,S,medium,bike,66,35503,1433
2,pg,S,medium,bike,67,36220,1433
2,pg,S,medium,bike,68,35245,1433
2,pg,S,medium,bike,69,36055,1433
2,pg,S,medium,bike,70,36278,1433
2,pg,S,medium,bike,71,35143,1433
2,pg,S,medium,bike,72,45942,1433
2,pg,S,medium,bike,73,44884,1433
2,pg,S,medium,bike,74,50180,1433
2,pg,S,medium,bike,75,52430,1433
2,pg,S,medium,bike,76,44085,1433
2,pg,S,medium,bike,77,43863,1433
2,pg,S,medium,bike,78,42199,1433
2,pg,S,medium,bike,79,42098,1433
2,pg,S,medium,bike,80,41146,1433
2,pg,S,medium,bike,81,56436,1433
2,pg,S,medium,bike,82,40224,1433
2,pg,S,medium,bike,83,43746,1433
2,pg,S,medium,bike,84,47132,1433
2,pg,S,medium,bike,85,51822,1433
2,pg,S,medium,bike,86,47214,1433
2,pg,S,medium,bike,87,36252,1433
2,pg,S,medium,bike,88,37598,1433
2,pg,S,medium,bike,89,36143,1433
2,pg,S,medium,bike,90,36204,1433
2,pg,S,medium,bike,91,36500,1433
2,pg,S,medium,bike,92,37469,1433
2,pg,S,medium,bike,93,45620,1433
2,pg,S,medium,bike,94,46368,1433
2,pg,S,medium,bike,95,37888,1433
2,pg,S,medium,bike,96,36819,1433
2,pg,S,medium,bike,97,36429,1433
2,pg,S,medium,bike,98,37987,1433
2,pg,S,medium,bike,99,40065,1433
2,pg,S,medium,bike,100,47002,1433
2,pg,S,medium,bike,101,35852,1433
2,pg,S,medium,bike,102,46936,1433
2,pg,S,medium,bike,103,46182,1433
2,pg,S,medium,bike,104,45449,1433
2,pg,S,medium,bike,105,35304,1433
2,pg,S,medium,bike,106,35657,1433
2,pg,S,medium,bike,107,35931,1433
2,pg,S,medium,bike,108,35852,1433
2,pg,S,medium,bike,109,35902,1433
2,pg,S,medium,bike,110,35750,1433
2,pg,S,medium,bike,111,35356,1433
2,pg,S,medium,bike,112,35235,1433
2,pg,S,medium,bike,113,36418,1433
2,pg,S,medium,bike,114,35257,1433
2,pg,S,medium,bike,115,35490,1433
2,pg,S,medium,bike,116,47187,1433
2,pg,S,medium,bike,117,36902,1433
2,pg,S,medium,bike,118,35477,1433
2,pg,S,medium,bike,119,36362,1433
2,pg,S,medium,bike,120,35378,1433
2,pg,S,medium,bike,121,46771,1433
2,pg,S,medium,bike,122,38220,1433
2,pg,S,medium,bike,123,36283,1433
2,pg,S,medium,bike,124,35469,1433
2,pg,S,medium,bike,125,36559,1433
2,pg,S,medium,bike,126,87450,1433
2,pg,S,medium,bike,127,60845,1433
2,pg,S,medium,bike,128,37219,1433
2,pg,S,medium,bike,129,36981,1433
2,pg,S,medium,bike,130,47063,1433
2,pg,S,medium,bike,131,47131,1433
2,pg,S,medium,bike,132,66960,1433
2,pg,S,medium,bike,133,53779,1433
2,pg,S,medium,bike,134,57084,1433
2,pg,S,medium,bike,135,43725,1433
2,pg,S,medium,bike,136,40697,1433
2,pg,S,medium,bike,137,39137,1433
2,pg,S,medium,bike,138,40226,1433
2,pg,S,medium,bike,139,41015,1433
2,pg,S,medium,bike,140,43874,1433
2,pg,S,medium,bike,141,42106,1433
2,pg,S,medium,bike,142,46960,1433
2,pg,S,medium,bike,143,47355,1433
2,pg,S,medium,bike,144,45643,1433
2,pg,S,medium,bike,145,38769,1433
2,pg,S,medium,bike,146,37989,1433
2,pg,S,medium,bike,147,44603,1433
2,pg,S,medium,bike,148,36792,1433
2,pg,S,medium,bike,149,46674,1433
2,pg,S,medium,bike,150,45556,1433
2,pg,S,medium,bike,151,45436,1433
2,pg,S,medium,bike,152,37928,1433
2,pg,S,medium,bike,153,36857,1433
2,pg,S,medium,bike,154,36651,1433
2,pg,S,medium,bike,155,36041,1433
2,pg,S,medium,bike,156,35829,1433
2,pg,S,medium,bike,157,36945,1433
2,pg,S,medium,bike,158,36921,1433
2,pg,S,medium,bike,159,36422,1433
2,pg,S,medium,bike,160,36839,1433
2,pg,S,medium,bike,161,47032,1433
2,pg,S,medium,bike,162,36611,1433
2,pg,S,medium,bike,163,36104,1433
2,pg,S,medium,bike,164,37991,1433
2,pg,S,medium,bike,165,35787,1433
2,pg,S,medium,bike,166,35823,1433
2,pg,S,medium,bike,167,36649,1433
2,pg,S,medium,bike,168,45335,1433
2,pg,S,medium,bike,169,45313,1433
2,pg,S,medium,bike,170,36402,1433
2,pg,S,medium,bike,171,37659,1433
2,pg,S,medium,bike,172,35672,1433
2,pg,S,medium,bike,173,35475,1433
2,pg,S,medium,bike,174,37864,1433
2,pg,S,medium,bike,175,37127,1433
2,pg,S,medium,bike,176,36322,1433
2,pg,S,medium,bike,177,46260,1433
2,pg,S,medium,bike,178,45416,1433
2,pg,S,medium,bike,179,48242,1433
2,pg,S,medium,bike,180,45984,1433
2,pg,S,medium,bike,181,35646,1433
2,pg,S,medium,bike,182,36129,1433
2,pg,S,medium,bike,183,37634,1433
2,pg,S,medium,bike,184,37077,1433
2,pg,S,medium,bike,185,37619,1433
2,pg,S,medium,bike,186,51536,1433
2,pg,S,medium,bike,187,36011,1433
2,pg,S,medium,bike,188,35972,1433
2,pg,S,medium,bike,189,36134,1433
2,pg,S,medium,bike,190,36822,1433
2,pg,S,medium,bike,191,46270,1433
2,pg,S,medium,bike,192,36686,1433
2,pg,S,medium,bike,193,44228,1433
2,pg,S,medium,bike,194,45457,1433
2,pg,S,medium,bike,195,44091,1433
2,pg,S,medium,bike,196,35746,1433
2,pg,S,medium,bike,197,34540,1433
2,pg,S,medium,bike,198,36096,1433
2,pg,S,medium,bike,199,34929,1433
2,mongo,U,medium,bus,0,60352,6214
2,mongo,U,medium,bus,1,55312,6214
2,mongo,U,medium,bus,2,52394,6214
2,mongo,U,medium,bus,3,53132,6214
2,mongo,U,medium,bus,4,52759,6214
2,mongo,U,medium,bus,5,58621,6214
2,mongo,U,medium,bus,6,62026,6214
2,mongo,U,medium,bus,7,62728,6214
2,mongo,U,medium,bus,8,56143,6214
2,mongo,U,medium,bus,9,60275,6214
2,mongo,U,medium,bus,10,58006,6214
2,mongo,U,medium,bus,11,59447,6214
2,mongo,U,medium,bus,12,62339,6214
2,mongo,U,medium,bus,13,59639,6214
2,mongo,U,medium,bus,14,76869,6214
2,mongo,U,medium,bus,15,60085,6214
2,mongo,U,medium,bus,16,59745,6214
2,mongo,U,medium,bus,17,53165,6214
2,mongo,U,medium,bus,18,52614,6214
2,mongo,U,medium,bus,19,53210,6214
2,mongo,U,medium,bus,20,53147,6214
2,mongo,U,medium,bus,21,55434,6214
2,mongo,U,medium,bus,22,53480,6214
2,mongo,U,medium,bus,23,52196,6214
2,mongo,U,medium,bus,24,52056,6214
2,mongo,U,medium,bus,25,54917,6214
2,mongo,U,medium,bus,26,63627,6214
2,mongo,U,medium,bus,27,54342,6214
2,mongo,U,medium,bus,28,52800,6214
2,mongo,U,medium,bus,29,53687,6214
2,mongo,U,medium,bus,30,67464,6214
2,mongo,U,medium,bus,31,53418,6214
2,mongo,U,medium,bus,32,54465,6214
2,mongo,U,medium,bus,33,52378,6214
2,mongo,U,medium,bus,34,50879,6214
2,mongo,U,medium,bus,35,54235,6214
2,mongo,U,medium,bus,36,57148,6214
2,mongo,U,medium,bus,37,52767,6214
2,mongo,U,medium,bus,38,51668,6214
2,mongo,U,medium,bus,39,52276,6214
2,mongo,U,medium,bus,40,56081,6214
2,mongo,U,medium,bus,41,53221,6214
2,mongo,U,medium,bus,42,49612,6214
2,mongo,U,medium,bus,43,52329,6214
2,mongo,U,medium,bus,44,54542,6214
2,mongo,U,medium,bus,45,54295,6214
2,mongo,U,medium,bus,46,49360,6214
2,mongo,U,medium,bus,47,53792,6214
2,mongo,U,medium,bus,48,69788,6214
2,mongo,U,medium,bus,49,58410,6214
2,mongo,U,medium,bus,50,58428,6214
2,mongo,U,medium,bus,51,55743,6214
2,mongo,U,medium,bus,52,58203,6214
2,mongo,U,medium,bus,53,58857,6214
2,mongo,U,medium,bus,54,57911,6214
2,mongo,U,medium,bus,55,55499,6214
2,mongo,U,medium,bus,56,56209,6214
2,mongo,U,medium,bus,57,50724,6214
2,mongo,U,medium,bus,58,52882,6214
2,mongo,U,medium,bus,59,54089,6214
2,mongo,U,medium,bus,60,49964,6214
2,mongo,U,medium,bus,61,56194,6214
2,mongo,U,medium,bus,62,52392,6214
2,mongo,U,medium,bus,63,56394,6214
2,mongo,U,medium,bus,64,56087,6214
2,mongo,U,medium,bus,65,55078,6214
2,mongo,U,medium,bus,66,54499,6214
2,mongo,U,medium,bus,67,53170,6214
2,mongo,U,medium,bus,68,52713,6214
2,mongo,U,medium,bus,69,53657,6214
2,mongo,U,medium,bus,70,51480,6214
2,mongo,U,medium,bus,71,53950,6214
2,mongo,U,medium,bus,72,51689,6214
2,mongo,U,medium,bus,73,54233,6214
2,mongo,U,medium,bus,74,53969,6214
2,mongo,U,medium,bus,75,55291,6214
2,mongo,U,medium,bus,76,53062,6214
2,mongo,U,medium,bus,77,51655,6214
2,mongo,U,medium,bus,78,54328,6214
2,mongo,U,medium,bus,79,51134,6214
2,mongo,U,medium,bus,80,52406,6214
2,mongo,U,medium,bus,81,53006,6214
2,mongo,U,medium,bus,82,54969,6214
2,mongo,U,medium,bus,83,53854,6214
2,mongo,U,medium,bus,84,53785,6214
2,mongo,U,medium,bus,85,51424,6214
2,mongo,U,medium,bus,86,53346,6214
2,mongo,U,medium,bus,87,52113,6214
2,mongo,U,medium,bus,88,110961,6214
2,mongo,U,medium,bus,89,53285,6214
2,mongo,U,medium,bus,90,55713,6214
2,mongo,U,medium,bus,91,59355,6214
2,mongo,U,medium,bus,92,53147,6214
2,mongo,U,medium,bus,93,51850,6214
2,mongo,U,medium,bus,94,50308,6214
2,mongo,U,medium,bus,95,52484,6214
2,mongo,U,medium,bus,96,50521,6214
2,mongo,U,medium,bus,97,50124,6214
2,mongo,U,medium,bus,98,53543,6214
2,mongo,U,medium,bus,99,52070,6214
2,mongo,U,medium,bus,100,53945,6214
2,mongo,U,medium,bus,101,64416,6214
2,mongo,U,medium,bus,102,57592,6214
2,mongo,U,medium,bus,103,53442,6214
2,mongo,U,medium,bus,104,53446,6214
2,mongo,U,medium,bus,105,56970,6214
2,mongo,U,medium,bus,106,65807,6214
2,mongo,U,medium,bus,107,70696,6214
2,mongo,U,medium,bus,108,61808,6214
2,mongo,U,medium,bus,109,58536,6214
2,mongo,U,medium,bus,110,57461,6214
2,mongo,U,medium,bus,111,60737,6214
2,mongo,U,medium,bus,112,59246,6214
2,mongo,U,medium,bus,113,64892,6214
2,mongo,U,medium,bus,114,55978,6214
2,mongo,U,medium,bus,115,52853,6214
2,mongo,U,medium,bus,116,51255,6214
2,mongo,U,medium,bus,117,52259,6214
2,mongo,U,medium,bus,118,50495,6214
2,mongo,U,medium,bus,119,55090,6214
2,mongo,U,medium,bus,120,65947,6214
2,mongo,U,medium,bus,121,55392,6214
2,mongo,U,medium,bus,122,54099,6214
2,mongo,U,medium,bus,123,53792,6214
2,mongo,U,medium,bus,124,52485,6214
2,mongo,U,medium,bus,125,52133,6214
2,mongo,U,medium,bus,126,54822,6214
2,mongo,U,medium,bus,127,55626,6214
2,mongo,U,medium,bus,128,54349,6214
2,mongo,U,medium,bus,129,53786,6214
2,mongo,U,medium,bus,130,53649,6214
2,mongo,U,medium,bus,131,55655,6214
2,mongo,U,medium,bus,132,53201,6214
2,mongo,U,medium,bus,133,52262,6214
2,mongo,U,medium,bus,134,56919,6214
2,mongo,U,medium,bus,135,55740,6214
2,mongo,U,medium,bus,136,53609,6214
2,mongo,U,medium,bus,137,60082,6214
2,mongo,U,medium,bus,138,61234,6214
2,mongo,U,medium,bus,139,54666,6214
2,mongo,U,medium,bus,140,55184,6214
2,mongo,U,medium,bus,141,56637,6214
2,mongo,U,medium,bus,142,54593,6214
2,mongo,U,medium,bus,143,52145,6214
2,mongo,U,medium,bus,144,56332,6214
2,mongo,U,medium,bus,145,53370,6214
2,mongo,U,medium,bus,146,66951,6214
2,mongo,U,medium,bus,147,58909,6214
2,mongo,U,medium,bus,148,58916,6214
2,mongo,U,medium,bus,149,56064,6214
2,mongo,U,medium,bus,150,51951,6214
2,mongo,U,medium,bus,151,53710,6214
2,mongo,U,medium,bus,152,56290,6214
2,mongo,U,medium,bus,153,55131,6214
2,mongo,U,medium,bus,154,56225,6214
2,mongo,U,medium,bus,155,59029,6214
2,mongo,U,medium,bus,156,52023,6214
2,mongo,U,medium,bus,157,53778,6214
2,mongo,U,medium,bus,158,55303,6214
2,mongo,U,medium,bus,159,51573,6214
2,mongo,U,medium,bus,160,59286,6214
2,mongo,U,medium,bus,161,58269,6214
2,mongo,U,medium,bus,162,53698,6214
2,mongo,U,medium,bus,163,50083,6214
2,mongo,U,medium,bus,164,50829,6214
2,mongo,U,medium,bus,165,52492,6214
2,mongo,U,medium,bus,166,50498,6214
2,mongo,U,medium,bus,167,56150,6214
2,mongo,U,medium,bus,168,52335,6214
2,mongo,U,medium,bus,169,53738,6214
2,mongo,U,medium,bus,170,51152,6214
2,mongo,U,medium,bus,171,55348,6214
2,mongo,U,medium,bus,172,54579,6214
2,mongo,U,medium,bus,173,50151,6214
2,mongo,U,medium,bus,174,53190,6214
2,mongo,U,medium,bus,175,64763,6214
2,mongo,U,medium,bus,176,52917,6214
2,mongo,U,medium,bus,177,52386,6214
2,mongo,U,medium,bus,178,53744,6214
2,mongo,U,medium,bus,179,54112,6214
2,mongo,U,medium,bus,180,56037,6214
2,mongo,U,medium,bus,181,55623,6214
2,mongo,U,medium,bus,182,54522,6214
2,mongo,U,medium,bus,183,56387,6214
2,mongo,U,medium,bus,184,54836,6214
2,mongo,U,medium,bus,185,56355,6214
2,mongo,U,medium,bus,186,50638,6214
2,mongo,U,medium,bus,187,53178,6214
2,mongo,U,medium,bus,188,53141,6214
2,mongo,U,medium,bus,189,53480,6214
2,mongo,U,medium,bus,190,52880,6214
2,mongo,U,medium,bus,191,51863,6214
2,mongo,U,medium,bus,192,52786,6214
2,mongo,U,medium,bus,193,54343,6214
2,mongo,U,medium,bus,194,52839,6214
2,mongo,U,medium,bus,195,53750,6214
2,mongo,U,medium,bus,196,53269,6214
2,mongo,U,medium,bus,197,52518,6214
2,mongo,U,medium,bus,198,51858,6214
2,mongo,U,medium,bus,199,51280,6214
2,mongo,U,wide,both,0,124473,13843
2,mongo,U,wide,both,1,110446,13843
2,mongo,U,wide,both,2,118365,13843
2,mongo,U,wide,both,3,122764,13843
2,mongo,U,wide,both,4,130763,13843
2,mongo,U,wide,both,5,150492,13843
2,mongo,U,wide,both,6,120229,13843
2,mongo,U,wide,both,7,112226,13843
2,mongo,U,wide,both,8,121588,13843
2,mongo,U,wide,both,9,118315,13843
2,mongo,U,wide,both,10,117749,13843
2,mongo,U,wide,both,11,110869,13843
2,mongo,U,wide,both,12,115857,13843
2,mongo,U,wide,both,13,115450,13843
2,mongo,U,wide,both,14,110991,13843
2,mongo,U,wide,both,15,115214,13843
2,mongo,U,wide,both,16,125808,13843
2,mongo,U,wide,both,17,115136,13843
2,mongo,U,wide,both,18,115104,13843
2,mongo,U,wide,both,19,114982,13843
2,mongo,U,wide,both,20,112798,13843
2,mongo,U,wide,both,21,112102,13843
2,mongo,U,wide,both,22,127481,13843
2,mongo,U,wide,both,23,139254,13843
2,mongo,U,wide,both,24,121590,13843
2,mongo,U,wide,both,25,113604,13843
2,mongo,U,wide,both,26,115399,13843
2,mongo,U,wide,both,27,128858,13843
2,mongo,U,wide,both,28,121869,13843
2,mongo,U,wide,both,29,108691,13843
2,mongo,U,wide,both,30,108559,13843
2,mongo,U,wide,both,31,110990,13843
2,mongo,U,wide,both,32,115341,13843
2,mongo,U,wide,both,33,110182,13843
2,mongo,U,wide,both,34,110970,13843
2,mongo,U,wide,both,35,107784,13843
2,mongo,U,wide,both,36,113247,13843
2,mongo,U,wide,both,37,111123,13843
2,mongo,U,wide,both,38,112129,13843
2,mongo,U,wide,both,39,115232,13843
2,mongo,U,wide,both,40,124371,13843
2,mongo,U,wide,both,41,128596,13843
2,mongo,U,wide,both,42,116092,13843
2,mongo,U,wide,both,43,107177,13843
2,mongo,U,wide,both,44,112237,13843
2,mongo,U,wide,both,45,107263,13843
2,mongo,U,wide,both,46,110353,13843
2,mongo,U,wide,both,47,111376,13843
2,mongo,U,wide,both,48,129712,13843
2,mongo,U,wide,both,49,113801,13843
2,mongo,U,wide,both,50,136035,13843
2,mongo,U,wide,both,51,123853,13843
2,mongo,U,wide,both,52,129541,13843
2,mongo,U,wide,both,53,118532,13843
2,mongo,U,wide,both,54,129154,13843
2,mongo,U,wide,both,55,118184,13843
2,mongo,U,wide,both,56,117245,13843
2,mongo,U,wide,both,57,113264,13843
2,mongo,U,wide,both,58,122239,13843
2,mongo,U,wide,both,59,107757,13843
2,mongo,U,wide,both,60,116683,13843
2,mongo,U,wide,both,61,113953,13843
2,mongo,U,wide,both,62,117458,13843
2,mongo,U,wide,both,63,112962,13843
2,mongo,U,wide,both,64,113572,13843
2,mongo,U,wide,both,65,110076,13843
2,mongo,U,wide,both,66,111015,13843
2,mongo,U,wide,both,67,109217,13843
2,mongo,U,wide,both,68,115501,13843
2,mongo,U,wide,both,69,108501,13843
2,mongo,U,wide,both,70,122225,13843
2,mongo,U,wide,both,71,123835,13843
2,mongo,U,wide,both,72,119026,13843
2,mongo,U,wide,both,73,114991,13843
2,mongo,U,wide,both,74,117406,13843
2,mongo,U,wide,both,75,119119,13843
2,mongo,U,wide,both,76,129801,13843
2,mongo,U,wide,both,77,109524,13843
2,mongo,U,wide,both,78,110559,13843
2,mongo,U,wide,both,79,109796,13843
2,mongo,U,wide,both,80,112931,13843
2,mongo,U,wide,both,81,107689,13843
2,mongo,U,wide,both,82,108617,13843
2,mongo,U,wide,both,83,110888,13843
2,mongo,U,wide,both,84,109706,13843
2,mongo,U,wide,both,85,115843,13843
2,mongo,U,wide,both,86,110947,13843
2,mongo,U,wide,both,87,110585,13843
2,mongo,U,wide,both,88,113556,13843
2,mongo,U,wide,both,89,110050,13843
2,mongo,U,wide,both,90,113745,13843
2,mongo,U,wide,both,91,120057,13843
2,mongo,U,wide,both,92,119891,13843
2,mongo,U,wide,both,93,109607,13843
2,mongo,U,wide,both,94,113404,13843
2,mongo,U,wide,both,95,117695,13843
2,mongo,U,wide,both,96,115915,13843
2,mongo,U,wide,both,97,107626,13843
2,mongo,U,wide,both,98,115304,13843
2,mongo,U,wide,both,99,125006,13843
2,mongo,U,wide,both,100,130459,13843
2,mongo,U,wide,both,101,124720,13843
2,mongo,U,wide,both,102,126045,13843
2,mongo,U,wide,both,103,118451,13843
2,mongo,U,wide,both,104,115670,13843
2,mongo,U,wide,both,105,110669,13843
2,mongo,U,wide,both,106,112435,13843
2,mongo,U,wide,both,107,109877,13843
2,mongo,U,wide,both,108,106372,13843
2,mongo,U,wide,both,109,112282,13843
2,mongo,U,wide,both,110,109339,13843
2,mongo,U,wide,both,111,112095,13843
2,mongo,U,wide,both,112,131170,13843
2,mongo,U,wide,both,113,117821,13843
2,mongo,U,wide,both,114,112669,13843
2,mongo,U,wide,both,115,108821,13843
2,mongo,U,wide,both,116,119103,13843
2,mongo,U,wide,both,117,113855,13843
2,mongo,U,wide,both,118,114345,13843
2,mongo,U,wide,both,119,121689,13843
2,mongo,U,wide,both,120,126019,13843
2,mongo,U,wide,both,121,124366,13843
2,mongo,U,wide,both,122,123270,13843
2,mongo,U,wide,both,123,115775,13843
2,mongo,U,wide,both,124,113117,13843
2,mongo,U,wide,both,125,110969,13843
2,mongo,U,wide,both,126,111303,13843
2,mongo,U,wide,both,127,116245,13843
2,mongo,U,wide,both,128,121061,13843
2,mongo,U,wide,both,129,110129,13843
2,mongo,U,wide,both,130,129615,13843
2,mongo,U,wide,both,131,112680,13843
2,mongo,U,wide,both,132,113455,13843
2,mongo,U,wide,both,133,116358,13843
2,mongo,U,wide,both,134,128714,13843
2,mongo,U,wide,both,135,115905,13843
2,mongo,U,wide,both,136,109876,13843
2,mongo,U,wide,both,137,109058,13843
2,mongo,U,wide,both,138,108377,13843
2,mongo,U,wide,both,139,105803,13843
2,mongo,U,wide,both,140,112370,13843
2,mongo,U,wide,both,141,107287,13843
2,mongo,U,wide,both,142,111637,13843
2,mongo,U,wide,both,143,114210,13843
2,mongo,U,wide,both,144,118857,13843
2,mongo,U,wide,both,145,113241,13843
2,mongo,U,wide,both,146,128904,13843
2,mongo,U,wide,both,147,126465,13843
2,mongo,U,wide,both,148,147885,13843
2,mongo,U,wide,both,149,128556,13843
2,mongo,U,wide,both,150,124519,13843
2,mongo,U,wide,both,151,129845,13843
2,mongo,U,wide,both,152,126465,13843
2,mongo,U,wide,both,153,118008,13843
2,mongo,U,wide,both,154,107005,13843
2,mongo,U,wide,both,155,109269,13843
2,mongo,U,wide,both,156,112570,13843
2,mongo,U,wide,both,157,110495,13843
2,mongo,U,wide,both,158,111012,13843
2,mongo,U,wide,both,159,109531,13843
2,mongo,U,wide,both,160,110349,13843
2,mongo,U,wide,both,161,107905,13843
2,mongo,U,wide,both,162,115483,13843
2,mongo,U,wide,both,163,115074,13843
2,mongo,U,wide,both,164,120388,13843
2,mongo,U,wide,both,165,112304,13843
2,mongo,U,wide,both,166,129423,13843
2,mongo,U,wide,both,167,117419,13843
2,mongo,U,wide,both,168,128230,13843
2,mongo,U,wide,both,169,125772,13843
2,mongo,U,wide,both,170,115718,13843
2,mongo,U,wide,both,171,116907,13843
2,mongo,U,wide,both,172,115196,13843
2,mongo,U,wide,both,173,112760,13843
2,mongo,U,wide,both,174,112567,13843
2,mongo,U,wide,both,175,113593,13843
2,mongo,U,wide,both,176,120166,13843
2,mongo,U,wide,both,177,114054,13843
2,mongo,U,wide,both,178,112867,13843
2,mongo,U,wide,both,179,116925,13843
2,mongo,U,wide,both,180,120600,13843
2,mongo,U,wide,both,181,107811,13843
2,mongo,U,wide,both,182,108403,13843
2,mongo,U,wide,both,183,121309,13843
2,mongo,U,wide,both,184,129117,13843
2,mongo,U,wide,both,185,110864,13843
2,mongo,U,wide,both,186,116063,13843
2,mongo,U,wide,both,187,111143,13843
2,mongo,U,wide,both,188,118993,13843
2,mongo,U,wide,both,189,111932,13843
2,mongo,U,wide,both,190,118683,13843
2,mongo,U,wide,both,191,115274,13843
2,mongo,U,wide,both,192,115879,13843
2,mongo,U,wide,both,193,115990,13843
2,mongo,U,wide,both,194,122948,13843
2,mongo,U,wide,both,195,137769,13843
2,mongo,U,wide,both,196,138588,13843
2,mongo,U,wide,both,197,128307,13843
2,mongo,U,wide,both,198,127212,13843
2,mongo,U,wide,both,199,117760,13843
2,pg,S,medium,both,0,155435,7650
2,pg,S,medium,both,1,143952,7650
2,pg,S,medium,both,2,140775,7650
2,pg,S,medium,both,3,138351,7650
2,pg,S,medium,both,4,137036,7650
2,pg,S,medium,both,5,134371,7650
2,pg,S,medium,both,6,136585,7650
2,pg,S,medium,both,7,137624,7650
2,pg,S,medium,both,8,164487,7650
2,pg,S,medium,both,9,134816,7650
2,pg,S,medium,both,10,187325,7650
2,pg,S,medium,both,11,220972,7650
2,pg,S,medium,both,12,142237,7650
2,pg,S,medium,both,13,134806,7650
2,pg,S,medium,both,14,147094,7650
2,pg,S,medium,both,15,141908,7650
2,pg,S,medium,both,16,138611,7650
2,pg,S,medium,both,17,141795,7650
2,pg,S,medium,both,18,139900,7650
2,pg,S,medium,both,19,139947,7650
2,pg,S,medium,both,20,140998,7650
2,pg,S,medium,both,21,171093,7650
2,pg,S,medium,both,22,173925,7650
2,pg,S,medium,both,23,170644,7650
2,pg,S,medium,both,24,169700,7650
2,pg,S,medium,both,25,165266,7650
2,pg,S,medium,both,26,166976,7650
2,pg,S,medium,both,27,148710,7650
2,pg,S,medium,both,28,136154,7650
2,pg,S,medium,both,29,135129,7650
2,pg,S,medium,both,30,136807,7650
2,pg,S,medium,both,31,139088,7650
2,pg,S,medium,both,32,151934,7650
2,pg,S,medium,both,33,160758,7650
2,pg,S,medium,both,34,199606,7650
2,pg,S,medium,both,35,148005,7650
2,pg,S,medium,both,36,142642,7650
2,pg,S,medium,both,37,140212,7650
2,pg,S,medium,both,38,137219,7650
2,pg,S,medium,both,39,139858,7650
2,pg,S,medium,both,40,137671,7650
2,pg,S,medium,both,41,181024,7650
2,pg,S,medium,both,42,173276,7650
2,pg,S,medium,both,43,167850,7650
2,pg,S,medium,both,44,137224,7650
2,pg,S,medium,both,45,154605,7650
2,pg,S,medium,both,46,155794,7650
2,pg,S,medium,both,47,190668,7650
2,pg,S,medium,both,48,165456,7650
2,pg,S,medium,both,49,167336,7650
2,pg,S,medium,both,50,134160,7650
2,pg,S,medium,both,51,137565,7650
2,pg,S,medium,both,52,164554,7650
2,pg,S,medium,both,53,137221,7650
2,pg,S,medium,both,54,149467,7650
2,pg,S,medium,both,55,139119,7650
2,pg,S,medium,both,56,142221,7650
2,pg,S,medium,both,57,168688,7650
2,pg,S,medium,both,58,140773,7650
2,pg,S,medium,both,59,170494,7650
2,pg,S,medium,both,60,167941,7650
2,pg,S,medium,both,61,142256,7650
2,pg,S,medium,both,62,138579,7650
2,pg,S,medium,both,63,154389,7650
2,pg,S,medium,both,64,138903,7650
2,pg,S,medium,both,65,136119,7650
2,pg,S,medium,both,66,137647,7650
2,pg,S,medium,both,67,138630,7650
2,pg,S,medium,both,68,160685,7650
2,pg,S,medium,both,69,160837,7650
2,pg,S,medium,both,70,154039,7650
2,pg,S,medium,both,71,166807,7650
2,pg,S,medium,both,72,169462,7650
2,pg,S,medium,both,73,137924,7650
2,pg,S,medium,both,74,141912,7650
2,pg,S,medium,both,75,138788,7650
2,pg,S,medium,both,76,151543,7650
2,pg,S,medium,both,77,140491,7650
2,pg,S,medium,both,78,138605,7650
2,pg,S,medium,both,79,168423,7650
2,pg,S,medium,both,80,163542,7650
2,pg,S,medium,both,81,152919,7650
2,pg,S,medium,both,82,167196,7650
2,pg,S,medium,both,83,144460,7650
2,pg,S,medium,both,84,166216,7650
2,pg,S,medium,both,85,136560,7650
2,pg,S,medium,both,86,137550,7650
2,pg,S,medium,both,87,135580,7650
2,pg,S,medium,both,88,135062,7650
2,pg,S,medium,both,89,136359,7650
2,pg,S,medium,both,90,138206,7650
2,pg,S,medium,both,91,139940,7650
2,pg,S,medium,both,92,137952,7650
2,pg,S,medium,both,93,135915,7650
2,pg,S,medium,both,94,168193,7650
2,pg,S,medium,both,95,170428,7650
2,pg,S,medium,both,96,150908,7650
2,pg,S,medium,both,97,139972,7650
2,pg,S,medium,both,98,139509,7650
2,pg,S,medium,both,99,138944,7650
2,pg,S,medium,both,100,138359,7650
2,pg,S,medium,both,101,140403,7650
2,pg,S,medium,both,102,140867,7650
2,pg,S,medium,both,103,167557,7650
2,pg,S,medium,both,104,163168,7650
2,pg,S,medium,both,105,149367,7650
2,pg,S,medium,both,106,160302,7650
2,pg,S,medium,both,107,152774,7650
2,pg,S,medium,both,108,147076,7650
2,pg,S,medium,both,109,136915,7650
2,pg,S,medium,both,110,142052,7650
2,pg,S,medium,both,111,137139,7650
2,pg,S,medium,both,112,168841,7650
2,pg,S,medium,both,113,163860,7650
2,pg,S,medium,both,114,182590,7650
2,pg,S,medium,both,115,171743,7650
2,pg,S,medium,both,116,178498,7650
2,pg,S,medium,both,117,154810,7650
2,pg,S,medium,both,118,157280,7650
2,pg,S,medium,both,119,186792,7650
2,pg,S,medium,both,120,140165,7650
2,pg,S,medium,both,121,151048,7650
2,pg,S,medium,both,122,136998,7650
2,pg,S,medium,both,123,174233,7650
2,pg,S,medium,both,124,136787,7650
2,pg,S,medium,both,125,165688,7650
2,pg,S,medium,both,126,169553,7650
2,pg,S,medium,both,127,137496,7650
2,pg,S,medium,both,128,136538,7650
2,pg,S,medium,both,129,137051,7650
2,pg,S,medium,both,130,140322,7650
2,pg,S,medium,both,131,136772,7650
2,pg,S,medium,both,132,136075,7650
2,pg,S,medium,both,133,138172,7650
2,pg,S,medium,both,134,142047,7650
2,pg,S,medium,both,135,166640,7650
2,pg,S,medium,both,136,140792,7650
2,pg,S,medium,both,137,176820,7650
2,pg,S,medium,both,138,166973,7650
2,pg,S,medium,both,139,138596,7650
2,pg,S,medium,both,140,140258,7650
2,pg,S,medium,both,141,168733,7650
2,pg,S,medium,both,142,160542,7650
2,pg,S,medium,both,143,153661,7650
2,pg,S,medium,both,144,152163,7650
2,pg,S,medium,both,145,138267,7650
2,pg,S,medium,both,146,138976,7650
2,pg,S,medium,both,147,137776,7650
2,pg,S,medium,both,148,137944,7650
2,pg,S,medium,both,149,137431,7650
2,pg,S,medium,both,150,178576,7650
2,pg,S,medium,both,151,171251,7650
2,pg,S,medium,both,152,142136,7650
2,pg,S,medium,both,153,153609,7650
2,pg,S,medium,both,154,152758,7650
2,pg,S,medium,both,155,151739,7650
2,pg,S,medium,both,156,140435,7650
2,pg,S,medium,both,157,139865,7650
2,pg,S,medium,both,158,168708,7650
2,pg,S,medium,both,159,168520,7650
2,pg,S,medium,both,160,139101,7650
2,pg,S,medium,both,161,141824,7650
2,pg,S,medium,both,162,138314,7650
2,pg,S,medium,both,163,138569,7650
2,pg,S,medium,both,164,146633,7650
2,pg,S,medium,both,165,136793,7650
2,pg,S,medium,both,166,168150,7650
2,pg,S,medium,both,167,136467,7650
2,pg,S,medium,both,168,134655,7650
2,pg,S,medium,both,169,136242,7650
2,pg,S,medium,both,170,138282,7650
2,pg,S,medium,both,171,138724,7650
2,pg,S,medium,both,172,137240,7650
2,pg,S,medium,both,173,134545,7650
2,pg,S,medium,both,174,170667,7650
2,pg,S,medium,both,175,139452,7650
2,pg,S,medium,both,176,138895,7650
2,pg,S,medium,both,177,139845,7650
2,pg,S,medium,both,178,141775,7650
2,pg,S,medium,both,179,179660,7650
2,pg,S,medium,both,180,164064,7650
2,pg,S,medium,both,181,172121,7650
2,pg,S,medium,both,182,169277,7650
2,pg,S,medium,both,183,170805,7650
2,pg,S,medium,both,184,163896,7650
2,pg,S,medium,both,185,137577,7650
2,pg,S,medium,both,186,138913,7650
2,pg,S,medium,both,187,137061,7650
2,pg,S,medium,both,188,132665,7650
2,pg,S,medium,both,189,145784,7650
2,pg,S,medium,both,190,146915,7650
2,pg,S,medium,both,191,153486,7650
2,pg,S,medium,both,192,164062,7650
2,pg,S,medium,both,193,140743,7650
2,pg,S,medium,both,194,139551,7650
2,pg,S,medium,both,195,171899,7650
2,pg,S,medium,both,196,172998,7650
2,pg,S,medium,both,197,148567,7650
2,pg,S,medium,both,198,143722,7650
2,pg,S,medium,both,199,145865,7650
2,pg,S,wide,both,0,264379,13842
2,pg,S,wide,both,1,258738,13842
2,pg,S,wide,both,2,247059,13842
2,pg,S,wide,both,3,272164,13842
2,pg,S,wide,both,4,258383,13842
2,pg,S,wide,both,5,260453,13842
2,pg,S,wide,both,6,248140,13842
2,pg,S,wide,both,7,247144,13842
2,pg,S,wide,both,8,260858,13842
2,pg,S,wide,both,9,304459,13842
2,pg,S,wide,both,10,281548,13842
2,pg,S,wide,both,11,260737,13842
2,pg,S,wide,both,12,310114,13842
2,pg,S,wide,both,13,302716,13842
2,pg,S,wide,both,14,330636,13842
2,pg,S,wide,both,15,320029,13842
2,pg,S,wide,both,16,303053,13842
2,pg,S,wide,both,17,244360,13842
2,pg,S,wide,both,18,258279,13842
2,pg,S,wide,both,19,247711,13842
2,pg,S,wide,both,20,248035,13842
2,pg,S,wide,both,21,247363,13842
2,pg,S,wide,both,22,306400,13842
2,pg,S,wide,both,23,296556,13842
2,pg,S,wide,both,24,294354,13842
2,pg,S,wide,both,25,266944,13842
2,pg,S,wide,both,26,247284,13842
2,pg,S,wide,both,27,248354,13842
2,pg,S,wide,both,28,260041,13842
2,pg,S,wide,both,29,279047,13842
2,pg,S,wide,both,30,274562,13842
2,pg,S,wide,both,31,253132,13842
2,pg,S,wide,both,32,249604,13842
2,pg,S,wide,both,33,259861,13842
2,pg,S,wide,both,34,270859,13842
2,pg,S,wide,both,35,259979,13842
2,pg,S,wide,both,36,260708,13842
2,pg,S,wide,both,37,296047,13842
2,pg,S,wide,both,38,242675,13842
2,pg,S,wide,both,39,244826,13842
2,pg,S,wide,both,40,387001,13842
2,pg,S,wide,both,41,271334,13842
2,pg,S,wide,both,42,251010,13842
2,pg,S,wide,both,43,248297,13842
2,pg,S,wide,both,44,265032,13842
2,pg,S,wide,both,45,252590,13842
2,pg,S,wide,both,46,249766,13842
2,pg,S,wide,both,47,243859,13842
2,pg,S,wide,both,48,319692,13842
2,pg,S,wide,both,49,289775,13842
2,pg,S,wide,both,50,311573,13842
2,pg,S,wide,both,51,286335,13842
2,pg,S,wide,both,52,255919,13842
2,pg,S,wide,both,53,252601,13842
2,pg,S,wide,both,54,272881,13842
2,pg,S,wide,both,55,276529,13842
2,pg,S,wide,both,56,274288,13842
2,pg,S,wide,both,57,248067,13842
2,pg,S,wide,both,58,242383,13842
2,pg,S,wide,both,59,243479,13842
2,pg,S,wide,both,60,250630,13842
2,pg,S,wide,both,61,255327,13842
2,pg,S,wide,both,62,302635,13842
2,pg,S,wide,both,63,258651,13842
2,pg,S,wide,both,64,266043,13842
2,pg,S,wide,both,65,251143,13842
2,pg,S,wide,both,66,302940,13842
2,pg,S,wide,both,67,307070,13842
2,pg,S,wide,both,68,247498,13842
2,pg,S,wide,both,69,246302,13842
2,pg,S,wide,both,70,264449,13842
2,pg,S,wide,both,71,269845,13842
2,pg,S,wide,both,72,332984,13842
2,pg,S,wide,both,73,243543,13842
2,pg,S,wide,both,74,317002,13842
2,pg,S,wide,both,75,359720,13842
2,pg,S,wide,both,76,309101,13842
2,pg,S,wide,both,77,309434,13842
2,pg,S,wide,both,78,249298,13842
2,pg,S,wide,both,79,245325,13842
2,pg,S,wide,both,80,245490,13842
2,pg,S,wide,both,81,253243,13842
2,pg,S,wide,both,82,245717,13842
2,pg,S,wide,both,83,296853,13842
2,pg,S,wide,both,84,245509,13842
2,pg,S,wide,both,85,303371,13842
2,pg,S,wide,both,86,313925,13842
2,pg,S,wide,both,87,305273,13842
2,pg,S,wide,both,88,304387,13842
2,pg,S,wide,both,89,315453,13842
2,pg,S,wide,both,90,346771,13842
2,pg,S,wide,both,91,242699,13842
2,pg,S,wide,both,92,243649,13842
2,pg,S,wide,both,93,261852,13842
2,pg,S,wide,both,94,268747,13842
2,pg,S,wide,both,95,269194,13842
2,pg,S,wide,both,96,251147,13842
2,pg,S,wide,both,97,301677,13842
2,pg,S,wide,both,98,252167,13842
2,pg,S,wide,both,99,252154,13842
2,pg,S,wide,both,100,256238,13842
2,pg,S,wide,both,101,306569,13842
2,pg,S,wide,both,102,245341,13842
2,pg,S,wide,both,103,244064,13842
2,pg,S,wide,both,104,243714,13842
2,pg,S,wide,both,105,242849,13842
2,pg,S,wide,both,106,298050,13842
2,pg,S,wide,both,107,254317,13842
2,pg,S,wide,both,108,264759,13842
2,pg,S,wide,both,109,267565,13842
2,pg,S,wide,both,110,314613,13842
2,pg,S,wide,both,111,293620,13842
2,pg,S,wide,both,112,244884,13842
2,pg,S,wide,both,113,247212,13842
2,pg,S,wide,both,114,337349,13842
2,pg,S,wide,both,115,265498,13842
2,pg,S,wide,both,116,253303,13842
2,pg,S,wide,both,117,257494,13842
2,pg,S,wide,both,118,251177,13842
2,pg,S,wide,both,119,253248,13842
2,pg,S,wide,both,120,254276,13842
2,pg,S,wide,both,121,253858,13842
2,pg,S,wide,both,122,256932,13842
2,pg,S,wide,both,123,299281,13842
2,pg,S,wide,both,124,308452,13842
2,pg,S,wide,both,125,240132,13842
2,pg,S,wide,both,126,250241,13842
2,pg,S,wide,both,127,244358,13842
2,pg,S,wide,both,128,246111,13842
2,pg,S,wide,both,129,250696,13842
2,pg,S,wide,both,130,258322,13842
2,pg,S,wide,both,131,303101,13842
2,pg,S,wide,both,132,291259,13842
2,pg,S,wide,both,133,249973,13842
2,pg,S,wide,both,134,260245,13842
2,pg,S,wide,both,135,268520,13842
2,pg,S,wide,both,136,274996,13842
2,pg,S,wide,both,137,245316,13842
2,pg,S,wide,both,138,245167,13842
2,pg,S,wide,both,139,297471,13842
2,pg,S,wide,both,140,271012,13842
2,pg,S,wide,both,141,250068,13842
2,pg,S,wide,both,142,249665,13842
2,pg,S,wide,both,143,248364,13842
2,pg,S,wide,both,144,248197,13842
2,pg,S,wide,both,145,250000,13842
2,pg,S,wide,both,146,252330,13842
2,pg,S,wide,both,147,244905,13842
2,pg,S,wide,both,148,300661,13842
2,pg,S,wide,both,149,246806,13842
2,pg,S,wide,both,150,246976,13842
2,pg,S,wide,both,151,242688,13842
2,pg,S,wide,both,152,296496,13842
2,pg,S,wide,both,153,288781,13842
2,pg,S,wide,both,154,249405,13842
2,pg,S,wide,both,155,278061,13842
2,pg,S,wide,both,156,286097,13842
2,pg,S,wide,both,157,294692,13842
2,pg,S,wide,both,158,299300,13842
2,pg,S,wide,both,159,243656,13842
2,pg,S,wide,both,160,245602,13842
2,pg,S,wide,both,161,249919,13842
2,pg,S,wide,both,162,245107,13842
2,pg,S,wide,both,163,249743,13842
2,pg,S,wide,both,164,313078,13842
2,pg,S,wide,both,165,249449,13842
2,pg,S,wide,both,166,250191,13842
2,pg,S,wide,both,167,304910,13842
2,pg,S,wide,both,168,296740,13842
2,pg,S,wide,both,169,241458,13842
2,pg,S,wide,both,170,244979,13842
2,pg,S,wide,both,171,255011,13842
2,pg,S,wide,both,172,256521,13842
2,pg,S,wide,both,173,274910,13842
2,pg,S,wide,both,174,283203,13842
2,pg,S,wide,both,175,251847,13842
2,pg,S,wide,both,176,276485,13842
2,pg,S,wide,both,177,336207,13842
2,pg,S,wide,both,178,259551,13842
2,pg,S,wide,both,179,312098,13842
2,pg,S,wide,both,180,297144,13842
2,pg,S,wide,both,181,248747,13842
2,pg,S,wide,both,182,249882,13842
2,pg,S,wide,both,183,247506,13842
2,pg,S,wide,both,184,244181,13842
2,pg,S,wide,both,185,305188,13842
2,pg,S,wide,both,186,316277,13842
2,pg,S,wide,both,187,250529,13842
2,pg,S,wide,both,188,247203,13842
2,pg,S,wide,both,189,253788,13842
2,pg,S,wide,both,190,248960,13842
2,pg,S,wide,both,191,246354,13842
2,pg,S,wide,both,192,244761,13842
2,pg,S,wide,both,193,365501,13842
2,pg,S,wide,both,194,350392,13842
2,pg,S,wide,both,195,249804,13842
2,pg,S,wide,both,196,285816,13842
2,pg,S,wide,both,197,274167,13842
2,pg,S,wide,both,198,249830,13842
2,pg,S,wide,both,199,306154,13842
2,pg,U,medium,bus,0,112594,6217
2,pg,U,medium,bus,1,106654,6217
2,pg,U,medium,bus,2,106914,6217
2,pg,U,medium,bus,3,105298,6217
2,pg,U,medium,bus,4,109127,6217
2,pg,U,medium,bus,5,105440,6217
2,pg,U,medium,bus,6,107261,6217
2,pg,U,medium,bus,7,107893,6217
2,pg,U,medium,bus,8,105577,6217
2,pg,U,medium,bus,9,104809,6217
2,pg,U,medium,bus,10,103524,6217
2,pg,U,medium,bus,11,106506,6217
2,pg,U,medium,bus,12,106558,6217
2,pg,U,medium,bus,13,105191,6217
2,pg,U,medium,bus,14,107717,6217
2,pg,U,medium,bus,15,107446,6217
2,pg,U,medium,bus,16,103224,6217
2,pg,U,medium,bus,17,103863,6217
2,pg,U,medium,bus,18,131006,6217
2,pg,U,medium,bus,19,111792,6217
2,pg,U,medium,bus,20,106285,6217
2,pg,U,medium,bus,21,109307,6217
2,pg,U,medium,bus,22,128016,6217
2,pg,U,medium,bus,23,116327,6217
2,pg,U,medium,bus,24,107871,6217
2,pg,U,medium,bus,25,107339,6217
2,pg,U,medium,bus,26,110066,6217
2,pg,U,medium,bus,27,115424,6217
2,pg,U,medium,bus,28,108328,6217
2,pg,U,medium,bus,29,127054,6217
2,pg,U,medium,bus,30,128906,6217
2,pg,U,medium,bus,31,137696,6217
2,pg,U,medium,bus,32,148705,6217
2,pg,U,medium,bus,33,150480,6217
2,pg,U,medium,bus,34,139053,6217
2,pg,U,medium,bus,35,125869,6217
2,pg,U,medium,bus,36,105247,6217
2,pg,U,medium,bus,37,116548,6217
2,pg,U,medium,bus,38,138597,6217
2,pg,U,medium,bus,39,160739,6217
2,pg,U,medium,bus,40,115977,6217
2,pg,U,medium,bus,41,106741,6217
2,pg,U,medium,bus,42,105694,6217
2,pg,U,medium,bus,43,111017,6217
2,pg,U,medium,bus,44,130050,6217
2,pg,U,medium,bus,45,110202,6217
2,pg,U,medium,bus,46,109558,6217
2,pg,U,medium,bus,47,126258,6217
2,pg,U,medium,bus,48,122499,6217
2,pg,U,medium,bus,49,112784,6217
2,pg,U,medium,bus,50,107427,6217
2,pg,U,medium,bus,51,129467,6217
2,pg,U,medium,bus,52,132370,6217
2,pg,U,medium,bus,53,107223,6217
2,pg,U,medium,bus,54,108343,6217
2,pg,U,medium,bus,55,107242,6217
2,pg,U,medium,bus,56,106560,6217
2,pg,U,medium,bus,57,116150,6217
2,pg,U,medium,bus,58,106153,6217
2,pg,U,medium,bus,59,106925,6217
2,pg,U,medium,bus,60,107149,6217
2,pg,U,medium,bus,61,106209,6217
2,pg,U,medium,bus,62,415150,6217
2,pg,U,medium,bus,63,293770,6217
2,pg,U,medium,bus,64,129507,6217
2,pg,U,medium,bus,65,146654,6217
2,pg,U,medium,bus,66,120790,6217
2,pg,U,medium,bus,67,130586,6217
2,pg,U,medium,bus,68,112519,6217
2,pg,U,medium,bus,69,126007,6217
2,pg,U,medium,bus,70,127350,6217
2,pg,U,medium,bus,71,139111,6217
2,pg,U,medium,bus,72,188554,6217
2,pg,U,medium,bus,73,140538,6217
2,pg,U,medium,bus,74,175059,6217
2,pg,U,medium,bus,75,138467,6217
2,pg,U,medium,bus,76,131667,6217
2,pg,U,medium,bus,77,189565,6217
2,pg,U,medium,bus,78,120825,6217
2,pg,U,medium,bus,79,151355,6217
2,pg,U,medium,bus,80,140009,6217
2,pg,U,medium,bus,81,131600,6217
2,pg,U,medium,bus,82,115061,6217
2,pg,U,medium,bus,83,109223,6217
2,pg,U,medium,bus,84,106105,6217
2,pg,U,medium,bus,85,106159,6217
2,pg,U,medium,bus,86,106950,6217
2,pg,U,medium,bus,87,128929,6217
2,pg,U,medium,bus,88,106385,6217
2,pg,U,medium,bus,89,109080,6217
2,pg,U,medium,bus,90,109938,6217
2,pg,U,medium,bus,91,105471,6217
2,pg,U,medium,bus,92,112231,6217
2,pg,U,medium,bus,93,111455,6217
2,pg,U,medium,bus,94,139312,6217
2,pg,U,medium,bus,95,107998,6217
2,pg,U,medium,bus,96,108106,6217
2,pg,U,medium,bus,97,130765,6217
2,pg,U,medium,bus,98,124628,6217
2,pg,U,medium,bus,99,124984,6217
2,pg,U,medium,bus,100,127550,6217
2,pg,U,medium,bus,101,105336,6217
2,pg,U,medium,bus,102,107119,6217
2,pg,U,medium,bus,103,104458,6217
2,pg,U,medium,bus,104,124128,6217
2,pg,U,medium,bus,105,104202,6217
2,pg,U,medium,bus,106,125207,6217
2,pg,U,medium,bus,107,104815,6217
2,pg,U,medium,bus,108,105437,6217
2,pg,U,medium,bus,109,107759,6217
2,pg,U,medium,bus,110,105181,6217
2,pg,U,medium,bus,111,106124,6217
2,pg,U,medium,bus,112,115250,6217
2,pg,U,medium,bus,113,108143,6217
2,pg,U,medium,bus,114,127427,6217
2,pg,U,medium,bus,115,127021,6217
2,pg,U,medium,bus,116,127532,6217
2,pg,U,medium,bus,117,108719,6217
2,pg,U,medium,bus,118,133731,6217
2,pg,U,medium,bus,119,134243,6217
2,pg,U,medium,bus,120,147257,6217
2,pg,U,medium,bus,121,125234,6217
2,pg,U,medium,bus,122,120719,6217
2,pg,U,medium,bus,123,129646,6217
2,pg,U,medium,bus,124,117875,6217
2,pg,U,medium,bus,125,117358,6217
2,pg,U,medium,bus,126,120591,6217
2,pg,U,medium,bus,127,107714,6217
2,pg,U,medium,bus,128,105632,6217
2,pg,U,medium,bus,129,116044,6217
2,pg,U,medium,bus,130,105142,6217
2,pg,U,medium,bus,131,122658,6217
2,pg,U,medium,bus,132,106150,6217
2,pg,U,medium,bus,133,111698,6217
2,pg,U,medium,bus,134,141003,6217
2,pg,U,medium,bus,135,131213,6217
2,pg,U,medium,bus,136,110824,6217
2,pg,U,medium,bus,137,124693,6217
2,pg,U,medium,bus,138,130871,6217
2,pg,U,medium,bus,139,127930,6217
2,pg,U,medium,bus,140,108958,6217
2,pg,U,medium,bus,141,110226,6217
2,pg,U,medium,bus,142,109036,6217
2,pg,U,medium,bus,143,108647,6217
2,pg,U,medium,bus,144,107512,6217
2,pg,U,medium,bus,145,110441,6217
2,pg,U,medium,bus,146,153337,6217
2,pg,U,medium,bus,147,126790,6217
2,pg,U,medium,bus,148,109372,6217
2,pg,U,medium,bus,149,109552,6217
2,pg,U,medium,bus,150,115605,6217
2,pg,U,medium,bus,151,110204,6217
2,pg,U,medium,bus,152,106546,6217
2,pg,U,medium,bus,153,109799,6217
2,pg,U,medium,bus,154,108124,6217
2,pg,U,medium,bus,155,109044,6217
2,pg,U,medium,bus,156,106885,6217
2,pg,U,medium,bus,157,104873,6217
2,pg,U,medium,bus,158,104614,6217
2,pg,U,medium,bus,159,106134,6217
2,pg,U,medium,bus,160,108019,6217
2,pg,U,medium,bus,161,107963,6217
2,pg,U,medium,bus,162,107789,6217
2,pg,U,medium,bus,163,103578,6217
2,pg,U,medium,bus,164,109418,6217
2,pg,U,medium,bus,165,111721,6217
2,pg,U,medium,bus,166,140315,6217
2,pg,U,medium,bus,167,185072,6217
2,pg,U,medium,bus,168,168964,6217
2,pg,U,medium,bus,169,167520,6217
2,pg,U,medium,bus,170,157657,6217
2,pg,U,medium,bus,171,138903,6217
2,pg,U,medium,bus,172,135862,6217
2,pg,U,medium,bus,173,130490,6217
2,pg,U,medium,bus,174,113250,6217
2,pg,U,medium,bus,175,109047,6217
2,pg,U,medium,bus,176,109981,6217
2,pg,U,medium,bus,177,125786,6217
2,pg,U,medium,bus,178,126457,6217
2,pg,U,medium,bus,179,106724,6217
2,pg,U,medium,bus,180,106029,6217
2,pg,U,medium,bus,181,118920,6217
2,pg,U,medium,bus,182,109227,6217
2,pg,U,medium,bus,183,108445,6217
2,pg,U,medium,bus,184,107045,6217
2,pg,U,medium,bus,185,107958,6217
2,pg,U,medium,bus,186,107848,6217
2,pg,U,medium,bus,187,104590,6217
2,pg,U,medium,bus,188,114620,6217
2,pg,U,medium,bus,189,119642,6217
2,pg,U,medium,bus,190,109223,6217
2,pg,U,medium,bus,191,109865,6217
2,pg,U,medium,bus,192,110870,6217
2,pg,U,medium,bus,193,111648,6217
2,pg,U,medium,bus,194,111836,6217
2,pg,U,medium,bus,195,109778,6217
2,pg,U,medium,bus,196,109682,6217
2,pg,U,medium,bus,197,109906,6217
2,pg,U,medium,bus,198,122021,6217
2,pg,U,medium,bus,199,115518,6217
3,pg,S,narrow,both,0,19288,684
3,pg,S,narrow,both,1,20225,684
3,pg,S,narrow,both,2,17538,684
3,pg,S,narrow,both,3,17810,684
3,pg,S,narrow,both,4,15604,684
3,pg,S,narrow,both,5,17359,684
3,pg,S,narrow,both,6,14489,684
3,pg,S,narrow,both,7,16219,684
3,pg,S,narrow,both,8,13686,684
3,pg,S,narrow,both,9,15846,684
3,pg,S,narrow,both,10,15137,684
3,pg,S,narrow,both,11,13900,684
3,pg,S,narrow,both,12,13765,684
3,pg,S,narrow,both,13,14415,684
3,pg,S,narrow,both,14,13789,684
3,pg,S,narrow,both,15,15303,684
3,pg,S,narrow,both,16,19778,684
3,pg,S,narrow,both,17,14959,684
3,pg,S,narrow,both,18,14505,684
3,pg,S,narrow,both,19,15223,684
3,pg,S,narrow,both,20,15172,684
3,pg,S,narrow,both,21,14759,684
3,pg,S,narrow,both,22,17589,684
3,pg,S,narrow,both,23,18951,684
3,pg,S,narrow,both,24,20190,684
3,pg,S,narrow,both,25,16443,684
3,pg,S,narrow,both,26,14282,684
3,pg,S,narrow,both,27,14271,684
3,pg,S,narrow,both,28,13735,684
3,pg,S,narrow,both,29,14824,684
3,pg,S,narrow,both,30,14161,684
3,pg,S,narrow,both,31,14899,684
3,pg,S,narrow,both,32,14883,684
3,pg,S,narrow,both,33,17906,684
3,pg,S,narrow,both,34,18001,684
3,pg,S,narrow,both,35,16539,684
3,pg,S,narrow,both,36,13763,684
3,pg,S,narrow,both,37,13824,684
3,pg,S,narrow,both,38,14196,684
3,pg,S,narrow,both,39,15199,684
3,pg,S,narrow,both,40,14368,684
3,pg,S,narrow,both,41,17027,684
3,pg,S,narrow,both,42,19106,684
3,pg,S,narrow,both,43,17610,684
3,pg,S,narrow,both,44,17615,684
3,pg,S,narrow,both,45,16142,684
3,pg,S,narrow,both,46,14441,684
3,pg,S,narrow,both,47,13850,684
3,pg,S,narrow,both,48,13407,684
3,pg,S,narrow,both,49,14654,684
3,pg,S,narrow,both,50,16339,684
3,pg,S,narrow,both,51,14575,684
3,pg,S,narrow,both,52,13199,684
3,pg,S,narrow,both,53,13790,684
3,pg,S,narrow,both,54,14315,684
3,pg,S,narrow,both,55,16388,684
3,pg,S,narrow,both,56,15473,684
3,pg,S,narrow,both,57,13197,684
3,pg,S,narrow,both,58,13294,684
3,pg,S,narrow,both,59,13443,684
3,pg,S,narrow,both,60,18584,684
3,pg,S,narrow,both,61,14444,684
3,pg,S,narrow,both,62,14133,684
3,pg,S,narrow,both,63,16889,684
3,pg,S,narrow,both,64,14164,684
3,pg,S,narrow,both,65,13518,684
3,pg,S,narrow,both,66,14358,684
3,pg,S,narrow,both,67,14654,684
3,pg,S,narrow,both,68,14192,684
3,pg,S,narrow,both,69,14267,684
3,pg,S,narrow,both,70,16718,684
3,pg,S,narrow,both,71,13879,684
3,pg,S,narrow,both,72,14564,684
3,pg,S,narrow,both,73,14802,684
3,pg,S,narrow,both,74,18248,684
3,pg,S,narrow,both,75,14783,684
3,pg,S,narrow,both,76,16576,684
3,pg,S,narrow,both,77,16764,684
3,pg,S,narrow,both,78,15946,684
3,pg,S,narrow,both,79,16310,684
3,pg,S,narrow,both,80,14393,684
3,pg,S,narrow,both,81,19101,684
3,pg,S,narrow,both,82,18673,684
3,pg,S,narrow,both,83,17587,684
3,pg,S,narrow,both,84,15436,684
3,pg,S,narrow,both,85,15597,684
3,pg,S,narrow,both,86,14520,684
3,pg,S,narrow,both,87,13818,684
3,pg,S,narrow,both,88,14923,684
3,pg,S,narrow,both,89,14372,684
3,pg,S,narrow,both,90,14221,684
3,pg,S,narrow,both,91,16567,684
3,pg,S,narrow,both,92,13608,684
3,pg,S,narrow,both,93,14580,684
3,pg,S,narrow,both,94,16763,684
3,pg,S,narrow,both,95,14770,684
3,pg,S,narrow,both,96,14925,684
3,pg,S,narrow,both,97,14560,684
3,pg,S,narrow,both,98,13209,684
3,pg,S,narrow,both,99,14076,684
3,pg,S,narrow,both,100,15019,684
3,pg,S,narrow,both,101,14145,684
3,pg,S,narrow,both,102,13999,684
3,pg,S,narrow,both,103,14581,684
3,pg,S,narrow,both,104,16637,684
3,pg,S,narrow,both,105,13652,684
3,pg,S,narrow,both,106,16630,684
3,pg,S,narrow,both,107,25441,684
3,pg,S,narrow,both,108,25408,684
3,pg,S,narrow,both,109,21485,684
3,pg,S,narrow,both,110,19411,684
3,pg,S,narrow,both,111,20580,684
3,pg,S,narrow,both,112,20642,684
3,pg,S,narrow,both,113,21458,684
3,pg,S,narrow,both,114,20283,684
3,pg,S,narrow,both,115,18988,684
3,pg,S,narrow,both,116,22995,684
3,pg,S,narrow,both,117,20331,684
3,pg,S,narrow,both,118,17853,684
3,pg,S,narrow,both,119,16602,684
3,pg,S,narrow,both,120,16800,684
3,pg,S,narrow,both,121,21703,684
3,pg,S,narrow,both,122,20027,684
3,pg,S,narrow,both,123,19434,684
3,pg,S,narrow,both,124,24692,684
3,pg,S,narrow,both,125,18132,684
3,pg,S,narrow,both,126,20205,684
3,pg,S,narrow,both,127,22570,684
3,pg,S,narrow,both,128,24360,684
3,pg,S,narrow,both,129,19086,684
3,pg,S,narrow,both,130,20569,684
3,pg,S,narrow,both,131,19699,684
3,pg,S,narrow,both,132,18211,684
3,pg,S,narrow,both,133,20192,684
3,pg,S,narrow,both,134,18707,684
3,pg,S,narrow,both,135,22504,684
3,pg,S,narrow,both,136,19584,684
3,pg,S,narrow,both,137,17554,684
3,pg,S,narrow,both,138,18005,684
3,pg,S,narrow,both,139,21639,684
3,pg,S,narrow,both,140,18258,684
3,pg,S,narrow,both,141,19251,684
3,pg,S,narrow,both,142,21571,684
3,pg,S,narrow,both,143,19665,684
3,pg,S,narrow,both,144,18420,684
3,pg,S,narrow,both,145,20468,684
3,pg,S,narrow,both,146,16805,684
3,pg,S,narrow,both,147,18183,684
3,pg,S,narrow,both,148,18453,684
3,pg,S,narrow,both,149,15588,684
3,pg,S,narrow,both,150,16556,684
3,pg,S,narrow,both,151,17487,684
3,pg,S,narrow,both,152,15057,684
3,pg,S,narrow,both,153,14680,684
3,pg,S,narrow,both,154,14500,684
3,pg,S,narrow,both,155,17486,684
3,pg,S,narrow,both,156,15696,684
3,pg,S,narrow,both,157,15005,684
3,pg,S,narrow,both,158,14422,684
3,pg,S,narrow,both,159,14294,684
3,pg,S,narrow,both,160,14679,684
3,pg,S,narrow,both,161,14819,684
3,pg,S,narrow,both,162,15498,684
3,pg,S,narrow,both,163,15144,684
3,pg,S,narrow,both,164,15165,684
3,pg,S,narrow,both,165,14696,684
3,pg,S,narrow,both,166,15001,684
3,pg,S,narrow,both,167,15452,684
3,pg,S,narrow,both,168,14082,684
3,pg,S,narrow,both,169,15299,684
3,pg,S,narrow,both,170,14317,684
3,pg,S,narrow,both,171,14476,684
3,pg,S,narrow,both,172,14279,684
3,pg,S,narrow,both,173,14366,684
3,pg,S,narrow,both,174,15035,684
3,pg,S,narrow,both,175,15683,684
3,pg,S,narrow,both,176,16128,684
3,pg,S,narrow,both,177,16326,684
3,pg,S,narrow,both,178,15545,684
3,pg,S,narrow,both,179,16278,684
3,pg,S,narrow,both,180,16159,684
3,pg,S,narrow,both,181,15556,684
3,pg,S,narrow,both,182,14653,684
3,pg,S,narrow,both,183,14960,684
3,pg,S,narrow,both,184,14791,684
3,pg,S,narrow,both,185,17000,684
3,pg,S,narrow,both,186,17521,684
3,pg,S,narrow,both,187,17503,684
3,pg,S,narrow,both,188,18106,684
3,pg,S,narrow,both,189,14091,684
3,pg,S,narrow,both,190,14767,684
3,pg,S,narrow,both,191,14468,684
3,pg,S,narrow,both,192,17127,684
3,pg,S,narrow,both,193,13628,684
3,pg,S,narrow,both,194,13988,684
3,pg,S,narrow,both,195,15076,684
3,pg,S,narrow,both,196,14621,684
3,pg,S,narrow,both,197,13859,684
3,pg,S,narrow,both,198,14481,684
3,pg,S,narrow,both,199,14470,684
3,pg,S,wide,bus,0,183834,11095
3,pg,S,wide,bus,1,190759,11095
3,pg,S,wide,bus,2,188461,11095
3,pg,S,wide,bus,3,212573,11095
3,pg,S,wide,bus,4,196112,11095
3,pg,S,wide,bus,5,184125,11095
3,pg,S,wide,bus,6,180771,11095
3,pg,S,wide,bus,7,183997,11095
3,pg,S,wide,bus,8,183648,11095
3,pg,S,wide,bus,9,184823,11095
3,pg,S,wide,bus,10,186558,11095
3,pg,S,wide,bus,11,185123,11095
3,pg,S,wide,bus,12,182919,11095
3,pg,S,wide,bus,13,187129,11095
3,pg,S,wide,bus,14,182246,11095
3,pg,S,wide,bus,15,185549,11095
3,pg,S,wide,bus,16,220553,11095
3,pg,S,wide,bus,17,215121,11095
3,pg,S,wide,bus,18,177827,11095
3,pg,S,wide,bus,19,212743,11095
3,pg,S,wide,bus,20,180991,11095
3,pg,S,wide,bus,21,242157,11095
3,pg,S,wide,bus,22,229715,11095
3,pg,S,wide,bus,23,218094,11095
3,pg,S,wide,bus,24,199820,11095
3,pg,S,wide,bus,25,202983,11095
3,pg,S,wide,bus,26,189840,11095
3,pg,S,wide,bus,27,225750,11095
3,pg,S,wide,bus,28,183303,11095
3,pg,S,wide,bus,29,215262,11095
3,pg,S,wide,bus,30,181190,11095
3,pg,S,wide,bus,31,182417,11095
3,pg,S,wide,bus,32,180033,11095
3,pg,S,wide,bus,33,209309,11095
3,pg,S,wide,bus,34,215130,11095
3,pg,S,wide,bus,35,230327,11095
3,pg,S,wide,bus,36,215410,11095
3,pg,S,wide,bus,37,218807,11095
3,pg,S,wide,bus,38,218506,11095
3,pg,S,wide,bus,39,185010,11095
3,pg,S,wide,bus,40,224985,11095
3,pg,S,wide,bus,41,185233,11095
3,pg,S,wide,bus,42,286429,11095
3,pg,S,wide,bus,43,188143,11095
3,pg,S,wide,bus,44,182580,11095
3,pg,S,wide,bus,45,190203,11095
3,pg,S,wide,bus,46,217369,11095
3,pg,S,wide,bus,47,240568,11095
3,pg,S,wide,bus,48,250746,11095
3,pg,S,wide,bus,49,223766,11095
3,pg,S,wide,bus,50,202115,11095
3,pg,S,wide,bus,51,212356,11095
3,pg,S,wide,bus,52,189301,11095
3,pg,S,wide,bus,53,184600,11095
3,pg,S,wide,bus,54,223396,11095
3,pg,S,wide,bus,55,244715,11095
3,pg,S,wide,bus,56,185951,11095
3,pg,S,wide,bus,57,189281,11095
3,pg,S,wide,bus,58,183572,11095
3,pg,S,wide,bus,59,187821,11095
3,pg,S,wide,bus,60,183538,11095
3,pg,S,wide,bus,61,182452,11095
3,pg,S,wide,bus,62,177156,11095
3,pg,S,wide,bus,63,180877,11095
3,pg,S,wide,bus,64,188229,11095
3,pg,S,wide,bus,65,183706,11095
3,pg,S,wide,bus,66,189892,11095
3,pg,S,wide,bus,67,187559,11095
3,pg,S,wide,bus,68,185056,11095
3,pg,S,wide,bus,69,185888,11095
3,pg,S,wide,bus,70,189787,11095
3,pg,S,wide,bus,71,185714,11095
3,pg,S,wide,bus,72,186592,11095
3,pg,S,wide,bus,73,185507,11095
3,pg,S,wide,bus,74,181230,11095
3,pg,S,wide,bus,75,180418,11095
3,pg,S,wide,bus,76,209022,11095
3,pg,S,wide,bus,77,236533,11095
3,pg,S,wide,bus,78,225913,11095
3,pg,S,wide,bus,79,207359,11095
3,pg,S,wide,bus,80,186318,11095
3,pg,S,wide,bus,81,216667,11095
3,pg,S,wide,bus,82,186934,11095
3,pg,S,wide,bus,83,185044,11095
3,pg,S,wide,bus,84,187713,11095
3,pg,S,wide,bus,85,225745,11095
3,pg,S,wide,bus,86,188168,11095
3,pg,S,wide,bus,87,232704,11095
3,pg,S,wide,bus,88,188226,11095
3,pg,S,wide,bus,89,198685,11095
3,pg,S,wide,bus,90,219096,11095
3,pg,S,wide,bus,91,220815,11095
3,pg,S,wide,bus,92,212152,11095
3,pg,S,wide,bus,93,180368,11095
3,pg,S,wide,bus,94,183317,11095
3,pg,S,wide,bus,95,183404,11095
3,pg,S,wide,bus,96,217064,11095
3,pg,S,wide,bus,97,233717,11095
3,pg,S,wide,bus,98,202310,11095
3,pg,S,wide,bus,99,187144,11095
3,pg,S,wide,bus,100,187061,11095
3,pg,S,wide,bus,101,183296,11095
3,pg,S,wide,bus,102,195785,11095
3,pg,S,wide,bus,103,199514,11095
3,pg,S,wide,bus,104,272326,11095
3,pg,S,wide,bus,105,211124,11095
3,pg,S,wide,bus,106,197961,11095
3,pg,S,wide,bus,107,188872,11095
3,pg,S,wide,bus,108,213309,11095
3,pg,S,wide,bus,109,189353,11095
3,pg,S,wide,bus,110,178831,11095
3,pg,S,wide,bus,111,177164,11095
3,pg,S,wide,bus,112,184265,11095
3,pg,S,wide,bus,113,183549,11095
3,pg,S,wide,bus,114,184104,11095
3,pg,S,wide,bus,115,185362,11095
3,pg,S,wide,bus,116,218089,11095
3,pg,S,wide,bus,117,220692,11095
3,pg,S,wide,bus,118,231291,11095
3,pg,S,wide,bus,119,215134,11095
3,pg,S,wide,bus,120,217116,11095
3,pg,S,wide,bus,121,219714,11095
3,pg,S,wide,bus,122,174919,11095
3,pg,S,wide,bus,123,179228,11095
3,pg,S,wide,bus,124,180289,11095
3,pg,S,wide,bus,125,184579,11095
3,pg,S,wide,bus,126,181385,11095
3,pg,S,wide,bus,127,187528,11095
3,pg,S,wide,bus,128,190919,11095
3,pg,S,wide,bus,129,183827,11095
3,pg,S,wide,bus,130,189214,11095
3,pg,S,wide,bus,131,187930,11095
3,pg,S,wide,bus,132,234752,11095
3,pg,S,wide,bus,133,234010,11095
3,pg,S,wide,bus,134,228736,11095
3,pg,S,wide,bus,135,180931,11095
3,pg,S,wide,bus,136,185671,11095
3,pg,S,wide,bus,137,184450,11095
3,pg,S,wide,bus,138,181060,11095
3,pg,S,wide,bus,139,186759,11095
3,pg,S,wide,bus,140,184830,11095
3,pg,S,wide,bus,141,179735,11095
3,pg,S,wide,bus,142,180546,11095
3,pg,S,wide,bus,143,184321,11095
3,pg,S,wide,bus,144,183384,11095
3,pg,S,wide,bus,145,232059,11095
3,pg,S,wide,bus,146,222587,11095
3,pg,S,wide,bus,147,220009,11095
3,pg,S,wide,bus,148,183823,11095
3,pg,S,wide,bus,149,190618,11095
3,pg,S,wide,bus,150,181532,11095
3,pg,S,wide,bus,151,179804,11095
3,pg,S,wide,bus,152,181660,11095
3,pg,S,wide,bus,153,192929,11095
3,pg,S,wide,bus,154,180497,11095
3,pg,S,wide,bus,155,179280,11095
3,pg,S,wide,bus,156,187023,11095
3,pg,S,wide,bus,157,182786,11095
3,pg,S,wide,bus,158,183783,11095
3,pg,S,wide,bus,159,190510,11095
3,pg,S,wide,bus,160,236652,11095
3,pg,S,wide,bus,161,252637,11095
3,pg,S,wide,bus,162,221409,11095
3,pg,S,wide,bus,163,206090,11095
3,pg,S,wide,bus,164,188238,11095
3,pg,S,wide,bus,165,182928,11095
3,pg,S,wide,bus,166,220374,11095
3,pg,S,wide,bus,167,214532,11095
3,pg,S,wide,bus,168,230339,11095
3,pg,S,wide,bus,169,214959,11095
3,pg,S,wide,bus,170,195496,11095
3,pg,S,wide,bus,171,178873,11095
3,pg,S,wide,bus,172,217200,11095
3,pg,S,wide,bus,173,219689,11095
3,pg,S,wide,bus,174,218045,11095
3,pg,S,wide,bus,175,221198,11095
3,pg,S,wide,bus,176,182891,11095
3,pg,S,wide,bus,177,191286,11095
3,pg,S,wide,bus,178,186368,11095
3,pg,S,wide,bus,179,181149,11095
3,pg,S,wide,bus,180,191718,11095
3,pg,S,wide,bus,181,216178,11095
3,pg,S,wide,bus,182,178052,11095
3,pg,S,wide,bus,183,179740,11095
3,pg,S,wide,bus,184,180807,11095
3,pg,S,wide,bus,185,180102,11095
3,pg,S,wide,bus,186,182923,11095
3,pg,S,wide,bus,187,183364,11095
3,pg,S,wide,bus,188,210499,11095
3,pg,S,wide,bus,189,239619,11095
3,pg,S,wide,bus,190,304736,11095
3,pg,S,wide,bus,191,228044,11095
3,pg,S,wide,bus,192,184366,11095
3,pg,S,wide,bus,193,185454,11095
3,pg,S,wide,bus,194,181409,11095
3,pg,S,wide,bus,195,181741,11095
3,pg,S,wide,bus,196,184746,11095
3,pg,S,wide,bus,197,180772,11095
3,pg,S,wide,bus,198,175730,11095
3,pg,S,wide,bus,199,219642,11095
3,pg,U,wide,bus,0,193906,11095
3,pg,U,wide,bus,1,199663,11095
3,pg,U,wide,bus,2,185801,11095
3,pg,U,wide,bus,3,203706,11095
3,pg,U,wide,bus,4,190009,11095
3,pg,U,wide,bus,5,194027,11095
3,pg,U,wide,bus,6,193740,11095
3,pg,U,wide,bus,7,195462,11095
3,pg,U,wide,bus,8,196282,11095
3,pg,U,wide,bus,9,194276,11095
3,pg,U,wide,bus,10,186714,11095
3,pg,U,wide,bus,11,194586,11095
3,pg,U,wide,bus,12,195217,11095
3,pg,U,wide,bus,13,220413,11095
3,pg,U,wide,bus,14,196027,11095
3,pg,U,wide,bus,15,257273,11095
3,pg,U,wide,bus,16,280069,11095
3,pg,U,wide,bus,17,278390,11095
3,pg,U,wide,bus,18,200436,11095
3,pg,U,wide,bus,19,191611,11095
3,pg,U,wide,bus,20,197176,11095
3,pg,U,wide,bus,21,200333,11095
3,pg,U,wide,bus,22,191426,11095
3,pg,U,wide,bus,23,192563,11095
3,pg,U,wide,bus,24,192737,11095
3,pg,U,wide,bus,25,192198,11095
3,pg,U,wide,bus,26,193252,11095
3,pg,U,wide,bus,27,189401,11095
3,pg,U,wide,bus,28,184487,11095
3,pg,U,wide,bus,29,187143,11095
3,pg,U,wide,bus,30,189793,11095
3,pg,U,wide,bus,31,186754,11095
3,pg,U,wide,bus,32,202237,11095
3,pg,U,wide,bus,33,228980,11095
3,pg,U,wide,bus,34,193015,11095
3,pg,U,wide,bus,35,196676,11095
3,pg,U,wide,bus,36,192158,11095
3,pg,U,wide,bus,37,189422,11095
3,pg,U,wide,bus,38,194389,11095
3,pg,U,wide,bus,39,187297,11095
3,pg,U,wide,bus,40,186733,11095
3,pg,U,wide,bus,41,186354,11095
3,pg,U,wide,bus,42,217271,11095
3,pg,U,wide,bus,43,212815,11095
3,pg,U,wide,bus,44,245451,11095
3,pg,U,wide,bus,45,212253,11095
3,pg,U,wide,bus,46,195369,11095
3,pg,U,wide,bus,47,194084,11095
3,pg,U,wide,bus,48,191896,11095
3,pg,U,wide,bus,49,192789,11095
3,pg,U,wide,bus,50,195722,11095
3,pg,U,wide,bus,51,192777,11095
3,pg,U,wide,bus,52,221101,11095
3,pg,U,wide,bus,53,230426,11095
3,pg,U,wide,bus,54,221563,11095
3,pg,U,wide,bus,55,225126,11095
3,pg,U,wide,bus,56,189312,11095
3,pg,U,wide,bus,57,184543,11095
3,pg,U,wide,bus,58,189410,11095
3,pg,U,wide,bus,59,188928,11095
3,pg,U,wide,bus,60,227467,11095
3,pg,U,wide,bus,61,187889,11095
3,pg,U,wide,bus,62,239285,11095
3,pg,U,wide,bus,63,227399,11095
3,pg,U,wide,bus,64,228591,11095
3,pg,U,wide,bus,65,229516,11095
3,pg,U,wide,bus,66,192520,11095
3,pg,U,wide,bus,67,192125,11095
3,pg,U,wide,bus,68,199934,11095
3,pg,U,wide,bus,69,199549,11095
3,pg,U,wide,bus,70,216802,11095
3,pg,U,wide,bus,71,228548,11095
3,pg,U,wide,bus,72,207468,11095
3,pg,U,wide,bus,73,191510,11095
3,pg,U,wide,bus,74,230582,11095
3,pg,U,wide,bus,75,223503,11095
3,pg,U,wide,bus,76,233686,11095
3,pg,U,wide,bus,77,232275,11095
3,pg,U,wide,bus,78,193770,11095
3,pg,U,wide,bus,79,191322,11095
3,pg,U,wide,bus,80,230063,11095
3,pg,U,wide,bus,81,235448,11095
3,pg,U,wide,bus,82,187129,11095
3,pg,U,wide,bus,83,189408,11095
3,pg,U,wide,bus,84,186323,11095
3,pg,U,wide,bus,85,187100,11095
3,pg,U,wide,bus,86,184247,11095
3,pg,U,wide,bus,87,186566,11095
3,pg,U,wide,bus,88,186277,11095
3,pg,U,wide,bus,89,195445,11095
3,pg,U,wide,bus,90,186011,11095
3,pg,U,wide,bus,91,191783,11095
3,pg,U,wide,bus,92,209588,11095
3,pg,U,wide,bus,93,195974,11095
3,pg,U,wide,bus,94,196892,11095
3,pg,U,wide,bus,95,254522,11095
3,pg,U,wide,bus,96,279560,11095
3,pg,U,wide,bus,97,291911,11095
3,pg,U,wide,bus,98,201964,11095
3,pg,U,wide,bus,99,190444,11095
3,pg,U,wide,bus,100,203228,11095
3,pg,U,wide,bus,101,189238,11095
3,pg,U,wide,bus,102,189146,11095
3,pg,U,wide,bus,103,190965,11095
3,pg,U,wide,bus,104,197004,11095
3,pg,U,wide,bus,105,187782,11095
3,pg,U,wide,bus,106,191576,11095
3,pg,U,wide,bus,107,193536,11095
3,pg,U,wide,bus,108,193658,11095
3,pg,U,wide,bus,109,193216,11095
3,pg,U,wide,bus,110,227292,11095
3,pg,U,wide,bus,111,227140,11095
3,pg,U,wide,bus,112,194337,11095
3,pg,U,wide,bus,113,186912,11095
3,pg,U,wide,bus,114,185397,11095
3,pg,U,wide,bus,115,185686,11095
3,pg,U,wide,bus,116,181543,11095
3,pg,U,wide,bus,117,221038,11095
3,pg,U,wide,bus,118,228466,11095
3,pg,U,wide,bus,119,220414,11095
3,pg,U,wide,bus,120,191735,11095
3,pg,U,wide,bus,121,201565,11095
3,pg,U,wide,bus,122,218957,11095
3,pg,U,wide,bus,123,250413,11095
3,pg,U,wide,bus,124,237298,11095
3,pg,U,wide,bus,125,217120,11095
3,pg,U,wide,bus,126,186720,11095
3,pg,U,wide,bus,127,194189,11095
3,pg,U,wide,bus,128,188907,11095
3,pg,U,wide,bus,129,188937,11095
3,pg,U,wide,bus,130,219061,11095
3,pg,U,wide,bus,131,223049,11095
3,pg,U,wide,bus,132,202061,11095
3,pg,U,wide,bus,133,187928,11095
3,pg,U,wide,bus,134,188036,11095
3,pg,U,wide,bus,135,192238,11095
3,pg,U,wide,bus,136,191941,11095
3,pg,U,wide,bus,137,198189,11095
3,pg,U,wide,bus,138,191847,11095
3,pg,U,wide,bus,139,190509,11095
3,pg,U,wide,bus,140,193004,11095
3,pg,U,wide,bus,141,189915,11095
3,pg,U,wide,bus,142,187065,11095
3,pg,U,wide,bus,143,238830,11095
3,pg,U,wide,bus,144,190233,11095
3,pg,U,wide,bus,145,184478,11095
3,pg,U,wide,bus,146,186791,11095
3,pg,U,wide,bus,147,184194,11095
3,pg,U,wide,bus,148,194704,11095
3,pg,U,wide,bus,149,202806,11095
3,pg,U,wide,bus,150,218617,11095
3,pg,U,wide,bus,151,252581,11095
3,pg,U,wide,bus,152,234264,11095
3,pg,U,wide,bus,153,239092,11095
3,pg,U,wide,bus,154,193900,11095
3,pg,U,wide,bus,155,196573,11095
3,pg,U,wide,bus,156,189482,11095
3,pg,U,wide,bus,157,187563,11095
3,pg,U,wide,bus,158,194181,11095
3,pg,U,wide,bus,159,223245,11095
3,pg,U,wide,bus,160,183541,11095
3,pg,U,wide,bus,161,191482,11095
3,pg,U,wide,bus,162,190738,11095
3,pg,U,wide,bus,163,198977,11095
3,pg,U,wide,bus,164,189860,11095
3,pg,U,wide,bus,165,193250,11095
3,pg,U,wide,bus,166,191968,11095
3,pg,U,wide,bus,167,195550,11095
3,pg,U,wide,bus,168,193202,11095
3,pg,U,wide,bus,169,194839,11095
3,pg,U,wide,bus,170,191639,11095
3,pg,U,wide,bus,171,190893,11095
3,pg,U,wide,bus,172,186953,11095
3,pg,U,wide,bus,173,190194,11095
3,pg,U,wide,bus,174,195814,11095
3,pg,U,wide,bus,175,226372,11095
3,pg,U,wide,bus,176,224102,11095
3,pg,U,wide,bus,177,211854,11095
3,pg,U,wide,bus,178,209077,11095
3,pg,U,wide,bus,179,224903,11095
3,pg,U,wide,bus,180,218123,11095
3,pg,U,wide,bus,181,200211,11095
3,pg,U,wide,bus,182,197077,11095
3,pg,U,wide,bus,183,194289,11095
3,pg,U,wide,bus,184,196370,11095
3,pg,U,wide,bus,185,193585,11095
3,pg,U,wide,bus,186,194453,11095
3,pg,U,wide,bus,187,197090,11095
3,pg,U,wide,bus,188,190656,11095
3,pg,U,wide,bus,189,187761,11095
3,pg,U,wide,bus,190,183520,11095
3,pg,U,wide,bus,191,189539,11095
3,pg,U,wide,bus,192,188463,11095
3,pg,U,wide,bus,193,189212,11095
3,pg,U,wide,bus,194,198807,11095
3,pg,U,wide,bus,195,192871,11095
3,pg,U,wide,bus,196,204110,11095
3,pg,U,wide,bus,197,191587,11095
3,pg,U,wide,bus,198,192542,11095
3,pg,U,wide,bus,199,193037,11095
3,mongo,S,medium,bike,0,24419,1434
3,mongo,S,medium,bike,1,22774,1434
3,mongo,S,medium,bike,2,28955,1434
3,mongo,S,medium,bike,3,19846,1434
3,mongo,S,medium,bike,4,18445,1434
3,mongo,S,medium,bike,5,16658,1434
3,mongo,S,medium,bike,6,18857,1434
3,mongo,S,medium,bike,7,17652,1434
3,mongo,S,medium,bike,8,19420,1434
3,mongo,S,medium,bike,9,18760,1434
3,mongo,S,medium,bike,10,18736,1434
3,mongo,S,medium,bike,11,17229,1434
3,mongo,S,medium,bike,12,18553,1434
3,mongo,S,medium,bike,13,16734,1434
3,mongo,S,medium,bike,14,17698,1434
3,mongo,S,medium,bike,15,17812,1434
3,mongo,S,medium,bike,16,18084,1434
3,mongo,S,medium,bike,17,17887,1434
3,mongo,S,medium,bike,18,18466,1434
3,mongo,S,medium,bike,19,18919,1434
3,mongo,S,medium,bike,20,16176,1434
3,mongo,S,medium,bike,21,16052,1434
3,mongo,S,medium,bike,22,18068,1434
3,mongo,S,medium,bike,23,17963,1434
3,mongo,S,medium,bike,24,16756,1434
3,mongo,S,medium,bike,25,16290,1434
3,mongo,S,medium,bike,26,18419,1434
3,mongo,S,medium,bike,27,17463,1434
3,mongo,S,medium,bike,28,15951,1434
3,mongo,S,medium,bike,29,16030,1434
3,mongo,S,medium,bike,30,19652,1434
3,mongo,S,medium,bike,31,15846,1434
3,mongo,S,medium,bike,32,17516,1434
3,mongo,S,medium,bike,33,17675,1434
3,mongo,S,medium,bike,34,18884,1434
3,mongo,S,medium,bike,35,16243,1434
3,mongo,S,medium,bike,36,17688,1434
3,mongo,S,medium,bike,37,19856,1434
3,mongo,S,medium,bike,38,16754,1434
3,mongo,S,medium,bike,39,15866,1434
3,mongo,S,medium,bike,40,16141,1434
3,mongo,S,medium,bike,41,17649,1434
3,mongo,S,medium,bike,42,18910,1434
3,mongo,S,medium,bike,43,16047,1434
3,mongo,S,medium,bike,44,18846,1434
3,mongo,S,medium,bike,45,16030,1434
3,mongo,S,medium,bike,46,18027,1434
3,mongo,S,medium,bike,47,16721,1434
3,mongo,S,medium,bike,48,18241,1434
3,mongo,S,medium,bike,49,16487,1434
3,mongo,S,medium,bike,50,17865,1434
3,mongo,S,medium,bike,51,20046,1434
3,mongo,S,medium,bike,52,27237,1434
3,mongo,S,medium,bike,53,20232,1434
3,mongo,S,medium,bike,54,19321,1434
3,mongo,S,medium,bike,55,18792,1434
3,mongo,S,medium,bike,56,23056,1434
3,mongo,S,medium,bike,57,26258,1434
3,mongo,S,medium,bike,58,24654,1434
3,mongo,S,medium,bike,59,22296,1434
3,mongo,S,medium,bike,60,19160,1434
3,mongo,S,medium,bike,61,19331,1434
3,mongo,S,medium,bike,62,18782,1434
3,mongo,S,medium,bike,63,19814,1434
3,mongo,S,medium,bike,64,19933,1434
3,mongo,S,medium,bike,65,16324,1434
3,mongo,S,medium,bike,66,20302,1434
3,mongo,S,medium,bike,67,19865,1434
3,mongo,S,medium,bike,68,20940,1434
3,mongo,S,medium,bike,69,19535,1434
3,mongo,S,medium,bike,70,20277,1434
3,mongo,S,medium,bike,71,19762,1434
3,mongo,S,medium,bike,72,19442,1434
3,mongo,S,medium,bike,73,26044,1434
3,mongo,S,medium,bike,74,20359,1434
3,mongo,S,medium,bike,75,24617,1434
3,mongo,S,medium,bike,76,22758,1434
3,mongo,S,medium,bike,77,24856,1434
3,mongo,S,medium,bike,78,18528,1434
3,mongo,S,medium,bike,79,20894,1434
3,mongo,S,medium,bike,80,19860,1434
3,mongo,S,medium,bike,81,19188,1434
3,mongo,S,medium,bike,82,20566,1434
3,mongo,S,medium,bike,83,21802,1434
3,mongo,S,medium,bike,84,24093,1434
3,mongo,S,medium,bike,85,20747,1434
3,mongo,S,medium,bike,86,18683,1434
3,mongo,S,medium,bike,87,21526,1434
3,mongo,S,medium,bike,88,20407,1434
3,mongo,S,medium,bike,89,19867,1434
3,mongo,S,medium,bike,90,21639,1434
3,mongo,S,medium,bike,91,20959,1434
3,mongo,S,medium,bike,92,20289,1434
3,mongo,S,medium,bike,93,21125,1434
3,mongo,S,medium,bike,94,20573,1434
3,mongo,S,medium,bike,95,19988,1434
3,mongo,S,medium,bike,96,18828,1434
3,mongo,S,medium,bike,97,16213,1434
3,mongo,S,medium,bike,98,18391,1434
3,mongo,S,medium,bike,99,19478,1434
3,mongo,S,medium,bike,100,16819,1434
3,mongo,S,medium,bike,101,18848,1434
3,mongo,S,medium,bike,102,19516,1434
3,mongo,S,medium,bike,103,21205,1434
3,mongo,S,medium,bike,104,19586,1434
3,mongo,S,medium,bike,105,24552,1434
3,mongo,S,medium,bike,106,20091,1434
3,mongo,S,medium,bike,107,20070,1434
3,mongo,S,medium,bike,108,19580,1434
3,mongo,S,medium,bike,109,17849,1434
3,mongo,S,medium,bike,110,19957,1434
3,mongo,S,medium,bike,111,18588,1434
3,mongo,S,medium,bike,112,17597,1434
3,mongo,S,medium,bike,113,19187,1434
3,mongo,S,medium,bike,114,20226,1434
3,mongo,S,medium,bike,115,17986,1434
3,mongo,S,medium,bike,116,18188,1434
3,mongo,S,medium,bike,117,19188,1434
3,mongo,S,medium,bike,118,20332,1434
3,mongo,S,medium,bike,119,19026,1434
3,mongo,S,medium,bike,120,17112,1434
3,mongo,S,medium,bike,121,19413,1434
3,mongo,S,medium,bike,122,17769,1434
3,mongo,S,medium,bike,123,18863,1434
3,mongo,S,medium,bike,124,18227,1434
3,mongo,S,medium,bike,125,18091,1434
3,mongo,S,medium,bike,126,18723,1434
3,mongo,S,medium,bike,127,17635,1434
3,mongo,S,medium,bike,128,18964,1434
3,mongo,S,medium,bike,129,18583,1434
3,mongo,S,medium,bike,130,19254,1434
3,mongo,S,medium,bike,131,16961,1434
3,mongo,S,medium,bike,132,18748,1434
3,mongo,S,medium,bike,133,18630,1434
3,mongo,S,medium,bike,134,17243,1434
3,mongo,S,medium,bike,135,18721,1434
3,mongo,S,medium,bike,136,21405,1434
3,mongo,S,medium,bike,137,19320,1434
3,mongo,S,medium,bike,138,17340,1434
3,mongo,S,medium,bike,139,19445,1434
3,mongo,S,medium,bike,140,18876,1434
3,mongo,S,medium,bike,141,18252,1434
3,mongo,S,medium,bike,142,18005,1434
3,mongo,S,medium,bike,143,16830,1434
3,mongo,S,medium,bike,144,18559,1434
3,mongo,S,medium,bike,145,18663,1434
3,mongo,S,medium,bike,146,17742,1434
3,mongo,S,medium,bike,147,17980,1434
3,mongo,S,medium,bike,148,18878,1434
3,mongo,S,medium,bike,149,17245,1434
3,mongo,S,medium,bike,150,19280,1434
3,mongo,S,medium,bike,151,17138,1434
3,mongo,S,medium,bike,152,18915,1434
3,mongo,S,medium,bike,153,19537,1434
3,mongo,S,medium,bike,154,17377,1434
3,mongo,S,medium,bike,155,19216,1434
3,mongo,S,medium,bike,156,18611,1434
3,mongo,S,medium,bike,157,18199,1434
3,mongo,S,medium,bike,158,18180,1434
3,mongo,S,medium,bike,159,18786,1434
3,mongo,S,medium,bike,160,17112,1434
3,mongo,S,medium,bike,161,19149,1434
3,mongo,S,medium,bike,162,22239,1434
3,mongo,S,medium,bike,163,22377,1434
3,mongo,S,medium,bike,164,20586,1434
3,mongo,S,medium,bike,165,19645,1434
3,mongo,S,medium,bike,166,17772,1434
3,mongo,S,medium,bike,167,17272,1434
3,mongo,S,medium,bike,168,19854,1434
3,mongo,S,medium,bike,169,20008,1434
3,mongo,S,medium,bike,170,19149,1434
3,mongo,S,medium,bike,171,16408,1434
3,mongo,S,medium,bike,172,20209,1434
3,mongo,S,medium,bike,173,18930,1434
3,mongo,S,medium,bike,174,17645,1434
3,mongo,S,medium,bike,175,18566,1434
3,mongo,S,medium,bike,176,16879,1434
3,mongo,S,medium,bike,177,18357,1434
3,mongo,S,medium,bike,178,16592,1434
3,mongo,S,medium,bike,179,18141,1434
3,mongo,S,medium,bike,180,18690,1434
3,mongo,S,medium,bike,181,18798,1434
3,mongo,S,medium,bike,182,16733,1434
3,mongo,S,medium,bike,183,18185,1434
3,mongo,S,medium,bike,184,17034,1434
3,mongo,S,medium,bike,185,17969,1434
3,mongo,S,medium,bike,186,17882,1434
3,mongo,S,medium,bike,187,17740,1434
3,mongo,S,medium,bike,188,20654,1434
3,mongo,S,medium,bike,189,20714,1434
3,mongo,S,medium,bike,190,21105,1434
3,mongo,S,medium,bike,191,16518,1434
3,mongo,S,medium,bike,192,18202,1434
3,mongo,S,medium,bike,193,20055,1434
3,mongo,S,medium,bike,194,19994,1434
3,mongo,S,medium,bike,195,19427,1434
3,mongo,S,medium,bike,196,18044,1434
3,mongo,S,medium,bike,197,19142,1434
3,mongo,S,medium,bike,198,16745,1434
3,mongo,S,medium,bike,199,19494,1434
3,mongo,S,narrow,bus,0,9220,518
3,mongo,S,narrow,bus,1,6664,518
3,mongo,S,narrow,bus,2,7342,518
3,mongo,S,narrow,bus,3,6739,518
3,mongo,S,narrow,bus,4,6517,518
3,mongo,S,narrow,bus,5,7138,518
3,mongo,S,narrow,bus,6,7428,518
3,mongo,S,narrow,bus,7,8129,518
3,mongo,S,narrow,bus,8,6753,518
3,mongo,S,narrow,bus,9,7558,518
3,mongo,S,narrow,bus,10,7033,518
3,mongo,S,narrow,bus,11,6266,518
3,mongo,S,narrow,bus,12,6667,518
3,mongo,S,narrow,bus,13,7387,518
3,mongo,S,narrow,bus,14,7243,518
3,mongo,S,narrow,bus,15,6556,518
3,mongo,S,narrow,bus,16,6860,518
3,mongo,S,narrow,bus,17,7135,518
3,mongo,S,narrow,bus,18,7415,518
3,mongo,S,narrow,bus,19,7489,518
3,mongo,S,narrow,bus,20,7199,518
3,mongo,S,narrow,bus,21,6484,518
3,mongo,S,narrow,bus,22,6743,518
3,mongo,S,narrow,bus,23,7258,518
3,mongo,S,narrow,bus,24,7146,518
3,mongo,S,narrow,bus,25,7511,518
3,mongo,S,narrow,bus,26,6759,518
3,mongo,S,narrow,bus,27,6837,518
3,mongo,S,narrow,bus,28,6558,518
3,mongo,S,narrow,bus,29,9029,518
3,mongo,S,narrow,bus,30,7503,518
3,mongo,S,narrow,bus,31,6581,518
3,mongo,S,narrow,bus,32,6675,518
3,mongo,S,narrow,bus,33,7332,518
3,mongo,S,narrow,bus,34,6136,518
3,mongo,S,narrow,bus,35,6873,518
3,mongo,S,narrow,bus,36,8464,518
3,mongo,S,narrow,bus,37,6284,518
3,mongo,S,narrow,bus,38,6587,518
3,mongo,S,narrow,bus,39,8123,518
3,mongo,S,narrow,bus,40,6615,518
3,mongo,S,narrow,bus,41,7706,518
3,mongo,S,narrow,bus,42,7015,518
3,mongo,S,narrow,bus,43,6349,518
3,mongo,S,narrow,bus,44,6619,518
3,mongo,S,narrow,bus,45,6478,518
3,mongo,S,narrow,bus,46,6684,518
3,mongo,S,narrow,bus,47,7160,518
3,mongo,S,narrow,bus,48,7021,518
3,mongo,S,narrow,bus,49,6498,518
3,mongo,S,narrow,bus,50,8095,518
3,mongo,S,narrow,bus,51,5636,518
3,mongo,S,narrow,bus,52,6848,518
3,mongo,S,narrow,bus,53,7815,518
3,mongo,S,narrow,bus,54,5816,518
3,mongo,S,narrow,bus,55,6370,518
3,mongo,S,narrow,bus,56,6652,518
3,mongo,S,narrow,bus,57,5835,518
3,mongo,S,narrow,bus,58,7597,518
3,mongo,S,narrow,bus,59,6655,518
3,mongo,S,narrow,bus,60,6226,518
3,mongo,S,narrow,bus,61,7225,518
3,mongo,S,narrow,bus,62,6716,518
3,mongo,S,narrow,bus,63,6728,518
3,mongo,S,narrow,bus,64,7395,518
3,mongo,S,narrow,bus,65,6868,518
3,mongo,S,narrow,bus,66,6952,518
3,mongo,S,narrow,bus,67,6870,518
3,mongo,S,narrow,bus,68,6743,518
3,mongo,S,narrow,bus,69,7163,518
3,mongo,S,narrow,bus,70,7299,518
3,mongo,S,narrow,bus,71,6769,518
3,mongo,S,narrow,bus,72,6504,518
3,mongo,S,narrow,bus,73,7004,518
3,mongo,S,narrow,bus,74,6426,518
3,mongo,S,narrow,bus,75,5721,518
3,mongo,S,narrow,bus,76,8152,518
3,mongo,S,narrow,bus,77,7335,518
3,mongo,S,narrow,bus,78,6928,518
3,mongo,S,narrow,bus,79,6264,518
3,mongo,S,narrow,bus,80,6401,518
3,mongo,S,narrow,bus,81,8309,518
3,mongo,S,narrow,bus,82,6829,518
3,mongo,S,narrow,bus,83,7123,518
3,mongo,S,narrow,bus,84,6668,518
3,mongo,S,narrow,bus,85,6382,518
3,mongo,S,narrow,bus,86,7314,518
3,mongo,S,narrow,bus,87,6923,518
3,mongo,S,narrow,bus,88,6888,518
3,mongo,S,narrow,bus,89,6833,518
3,mongo,S,narrow,bus,90,6345,518
3,mongo,S,narrow,bus,91,7022,518
3,mongo,S,narrow,bus,92,8324,518
3,mongo,S,narrow,bus,93,6747,518
3,mongo,S,narrow,bus,94,6433,518
3,mongo,S,narrow,bus,95,7251,518
3,mongo,S,narrow,bus,96,7140,518
3,mongo,S,narrow,bus,97,6510,518
3,mongo,S,narrow,bus,98,7955,518
3,mongo,S,narrow,bus,99,7051,518
3,mongo,S,narrow,bus,100,6796,518
3,mongo,S,narrow,bus,101,6467,518
3,mongo,S,narrow,bus,102,7275,518
3,mongo,S,narrow,bus,103,7451,518
3,mongo,S,narrow,bus,104,7418,518
3,mongo,S,narrow,bus,105,7522,518
3,mongo,S,narrow,bus,106,6191,518
3,mongo,S,narrow,bus,107,6611,518
3,mongo,S,narrow,bus,108,6497,518
3,mongo,S,narrow,bus,109,7429,518
3,mongo,S,narrow,bus,110,6772,518
3,mongo,S,narrow,bus,111,6285,518
3,mongo,S,narrow,bus,112,7235,518
3,mongo,S,narrow,bus,113,7338,518
3,mongo,S,narrow,bus,114,7891,518
3,mongo,S,narrow,bus,115,7137,518
3,mongo,S,narrow,bus,116,8672,518
3,mongo,S,narrow,bus,117,7354,518
3,mongo,S,narrow,bus,118,6170,518
3,mongo,S,narrow,bus,119,6913,518
3,mongo,S,narrow,bus,120,7186,518
3,mongo,S,narrow,bus,121,7651,518
3,mongo,S,narrow,bus,122,6725,518
3,mongo,S,narrow,bus,123,6180,518
3,mongo,S,narrow,bus,124,7428,518
3,mongo,S,narrow,bus,125,7549,518
3,mongo,S,narrow,bus,126,7003,518
3,mongo,S,narrow,bus,127,7546,518
3,mongo,S,narrow,bus,128,6719,518
3,mongo,S,narrow,bus,129,5807,518
3,mongo,S,narrow,bus,130,6819,518
3,mongo,S,narrow,bus,131,6584,518
3,mongo,S,narrow,bus,132,7426,518
3,mongo,S,narrow,bus,133,7457,518
3,mongo,S,narrow,bus,134,6514,518
3,mongo,S,narrow,bus,135,6839,518
3,mongo,S,narrow,bus,136,6285,518
3,mongo,S,narrow,bus,137,6928,518
3,mongo,S,narrow,bus,138,7397,518
3,mongo,S,narrow,bus,139,6505,518
3,mongo,S,narrow,bus,140,7233,518
3,mongo,S,narrow,bus,141,6372,518
3,mongo,S,narrow,bus,142,6642,518
3,mongo,S,narrow,bus,143,7280,518
3,mongo,S,narrow,bus,144,7011,518
3,mongo,S,narrow,bus,145,6551,518
3,mongo,S,narrow,bus,146,8617,518
3,mongo,S,narrow,bus,147,6268,518
3,mongo,S,narrow,bus,148,6640,518
3,mongo,S,narrow,bus,149,7854,518
3,mongo,S,narrow,bus,150,6439,518
3,mongo,S,narrow,bus,151,7401,518
3,mongo,S,narrow,bus,152,6802,518
3,mongo,S,narrow,bus,153,6381,518
3,mongo,S,narrow,bus,154,6349,518
3,mongo,S,narrow,bus,155,8342,518
3,mongo,S,narrow,bus,156,8526,518
3,mongo,S,narrow,bus,157,6343,518
3,mongo,S,narrow,bus,158,7144,518
3,mongo,S,narrow,bus,159,6571,518
3,mongo,S,narrow,bus,160,6861,518
3,mongo,S,narrow,bus,161,7802,518
3,mongo,S,narrow,bus,162,6987,518
3,mongo,S,narrow,bus,163,7405,518
3,mongo,S,narrow,bus,164,6420,518
3,mongo,S,narrow,bus,165,6624,518
3,mongo,S,narrow,bus,166,6488,518
3,mongo,S,narrow,bus,167,7957,518
3,mongo,S,narrow,bus,168,6741,518
3,mongo,S,narrow,bus,169,6577,518
3,mongo,S,narrow,bus,170,6982,518
3,mongo,S,narrow,bus,171,6849,518
3,mongo,S,narrow,bus,172,6622,518
3,mongo,S,narrow,bus,173,8732,518
3,mongo,S,narrow,bus,174,8194,518
3,mongo,S,narrow,bus,175,7925,518
3,mongo,S,narrow,bus,176,14859,518
3,mongo,S,narrow,bus,177,11845,518
3,mongo,S,narrow,bus,178,7154,518
3,mongo,S,narrow,bus,179,7397,518
3,mongo,S,narrow,bus,180,6528,518
3,mongo,S,narrow,bus,181,6896,518
3,mongo,S,narrow,bus,182,6917,518
3,mongo,S,narrow,bus,183,7013,518
3,mongo,S,narrow,bus,184,7004,518
3,mongo,S,narrow,bus,185,7301,518
3,mongo,S,narrow,bus,186,6971,518
3,mongo,S,narrow,bus,187,6726,518
3,mongo,S,narrow,bus,188,7537,518
3,mongo,S,narrow,bus,189,8386,518
3,mongo,S,narrow,bus,190,8403,518
3,mongo,S,narrow,bus,191,8540,518
3,mongo,S,narrow,bus,192,7628,518
3,mongo,S,narrow,bus,193,7796,518
3,mongo,S,narrow,bus,194,8461,518
3,mongo,S,narrow,bus,195,16457,518
3,mongo,S,narrow,bus,196,7677,518
3,mongo,S,narrow,bus,197,8267,518
3,mongo,S,narrow,bus,198,6486,518
3,mongo,S,narrow,bus,199,7228,518
3,mongo,U,medium,both,0,77835,7648
3,mongo,U,medium,both,1,67615,7648
3,mongo,U,medium,both,2,69848,7648
3,mongo,U,medium,both,3,65609,7648
3,mongo,U,medium,both,4,63839,7648
3,mongo,U,medium,both,5,70706,7648
3,mongo,U,medium,both,6,65895,7648
3,mongo,U,medium,both,7,65320,7648
3,mongo,U,medium,both,8,65755,7648
3,mongo,U,medium,both,9,72663,7648
3,mongo,U,medium,both,10,63802,7648
3,mongo,U,medium,both,11,63122,7648
3,mongo,U,medium,both,12,68717,7648
3,mongo,U,medium,both,13,66304,7648
3,mongo,U,medium,both,14,66521,7648
3,mongo,U,medium,both,15,66409,7648
3,mongo,U,medium,both,16,69998,7648
3,mongo,U,medium,both,17,78984,7648
3,mongo,U,medium,both,18,72996,7648
3,mongo,U,medium,both,19,73428,7648
3,mongo,U,medium,both,20,77934,7648
3,mongo,U,medium,both,21,71342,7648
3,mongo,U,medium,both,22,75505,7648
3,mongo,U,medium,both,23,78450,7648
3,mongo,U,medium,both,24,76836,7648
3,mongo,U,medium,both,25,72045,7648
3,mongo,U,medium,both,26,76541,7648
3,mongo,U,medium,both,27,81412,7648
3,mongo,U,medium,both,28,86134,7648
3,mongo,U,medium,both,29,74525,7648
3,mongo,U,medium,both,30,80085,7648
3,mongo,U,medium,both,31,74480,7648
3,mongo,U,medium,both,32,71624,7648
3,mongo,U,medium,both,33,78099,7648
3,mongo,U,medium,both,34,72920,7648
3,mongo,U,medium,both,35,65842,7648
3,mongo,U,medium,both,36,68634,7648
3,mongo,U,medium,both,37,66505,7648
3,mongo,U,medium,both,38,64597,7648
3,mongo,U,medium,both,39,68767,7648
3,mongo,U,medium,both,40,68665,7648
3,mongo,U,medium,both,41,67053,7648
3,mongo,U,medium,both,42,68763,7648
3,mongo,U,medium,both,43,69067,7648
3,mongo,U,medium,both,44,69221,7648
3,mongo,U,medium,both,45,66580,7648
3,mongo,U,medium,both,46,66491,7648
3,mongo,U,medium,both,47,77737,7648
3,mongo,U,medium,both,48,71165,7648
3,mongo,U,medium,both,49,66219,7648
3,mongo,U,medium,both,50,66496,7648
3,mongo,U,medium,both,51,70243,7648
3,mongo,U,medium,both,52,65878,7648
3,mongo,U,medium,both,53,68720,7648
3,mongo,U,medium,both,54,67882,7648
3,mongo,U,medium,both,55,66506,7648
3,mongo,U,medium,both,56,65002,7648
3,mongo,U,medium,both,57,75265,7648
3,mongo,U,medium,both,58,70029,7648
3,mongo,U,medium,both,59,64180,7648
3,mongo,U,medium,both,60,68165,7648
3,mongo,U,medium,both,61,64409,7648
3,mongo,U,medium,both,62,68227,7648
3,mongo,U,medium,both,63,64771,7648
3,mongo,U,medium,both,64,64268,7648
3,mongo,U,medium,both,65,71680,7648
3,mongo,U,medium,both,66,68247,7648
3,mongo,U,medium,both,67,64322,7648
3,mongo,U,medium,both,68,76151,7648
3,mongo,U,medium,both,69,63607,7648
3,mongo,U,medium,both,70,64448,7648
3,mongo,U,medium,both,71,63772,7648
3,mongo,U,medium,both,72,66714,7648
3,mongo,U,medium,both,73,65674,7648
3,mongo,U,medium,both,74,65643,7648
3,mongo,U,medium,both,75,69712,7648
3,mongo,U,medium,both,76,65585,7648
3,mongo,U,medium,both,77,66766,7648
3,mongo,U,medium,both,78,67787,7648
3,mongo,U,medium,both,79,69301,7648
3,mongo,U,medium,both,80,63711,7648
3,mongo,U,medium,both,81,68014,7648
3,mongo,U,medium,both,82,67410,7648
3,mongo,U,medium,both,83,64711,7648
3,mongo,U,medium,both,84,68435,7648
3,mongo,U,medium,both,85,66245,7648
3,mongo,U,medium,both,86,71159,7648
3,mongo,U,medium,both,87,65935,7648
3,mongo,U,medium,both,88,76848,7648
3,mongo,U,medium,both,89,67373,7648
3,mongo,U,medium,both,90,65580,7648
3,mongo,U,medium,both,91,65160,7648
3,mongo,U,medium,both,92,68455,7648
3,mongo,U,medium,both,93,68571,7648
3,mongo,U,medium,both,94,66592,7648
3,mongo,U,medium,both,95,82699,7648
3,mongo,U,medium,both,96,76610,7648
3,mongo,U,medium,both,97,68351,7648
3,mongo,U,medium,both,98,76247,7648
3,mongo,U,medium,both,99,74276,7648
3,mongo,U,medium,both,100,79970,7648
3,mongo,U,medium,both,101,77800,7648
3,mongo,U,medium,both,102,67601,7648
3,mongo,U,medium,both,103,68234,7648
3,mongo,U,medium,both,104,65554,7648
3,mongo,U,medium,both,105,64089,7648
3,mongo,U,medium,both,106,62103,7648
3,mongo,U,medium,both,107,83201,7648
3,mongo,U,medium,both,108,73636,7648
3,mongo,U,medium,both,109,81549,7648
3,mongo,U,medium,both,110,74356,7648
3,mongo,U,medium,both,111,73470,7648
3,mongo,U,medium,both,112,69007,7648
3,mongo,U,medium,both,113,66586,7648
3,mongo,U,medium,both,114,82845,7648
3,mongo,U,medium,both,115,64175,7648
3,mongo,U,medium,both,116,70586,7648
3,mongo,U,medium,both,117,80347,7648
3,mongo,U,medium,both,118,66202,7648
3,mongo,U,medium,both,119,68168,7648
3,mongo,U,medium,both,120,66657,7648
3,mongo,U,medium,both,121,67302,7648
3,mongo,U,medium,both,122,66800,7648
3,mongo,U,medium,both,123,65035,7648
3,mongo,U,medium,both,124,65428,7648
3,mongo,U,medium,both,125,70294,7648
3,mongo,U,medium,both,126,73951,7648
3,mongo,U,medium,both,127,66071,7648
3,mongo,U,medium,both,128,70821,7648
3,mongo,U,medium,both,129,65885,7648
3,mongo,U,medium,both,130,66664,7648
3,mongo,U,medium,both,131,67556,7648
3,mongo,U,medium,both,132,66945,7648
3,mongo,U,medium,both,133,65364,7648
3,mongo,U,medium,both,134,71325,7648
3,mongo,U,medium,both,135,70340,7648
3,mongo,U,medium,both,136,65353,7648
3,mongo,U,medium,both,137,67023,7648
3,mongo,U,medium,both,138,66557,7648
3,mongo,U,medium,both,139,65650,7648
3,mongo,U,medium,both,140,81881,7648
3,mongo,U,medium,both,141,67177,7648
3,mongo,U,medium,both,142,70422,7648
3,mongo,U,medium,both,143,66305,7648
3,mongo,U,medium,both,144,66509,7648
3,mongo,U,medium,both,145,66867,7648
3,mongo,U,medium,both,146,63777,7648
3,mongo,U,medium,both,147,80851,7648
3,mongo,U,medium,both,148,69467,7648
3,mongo,U,medium,both,149,65801,7648
3,mongo,U,medium,both,150,63480,7648
3,mongo,U,medium,both,151,63723,7648
3,mongo,U,medium,both,152,65458,7648
3,mongo,U,medium,both,153,63540,7648
3,mongo,U,medium,both,154,63332,7648
3,mongo,U,medium,both,155,63038,7648
3,mongo,U,medium,both,156,71743,7648
3,mongo,U,medium,both,157,62757,7648
3,mongo,U,medium,both,158,64627,7648
3,mongo,U,medium,both,159,64954,7648
3,mongo,U,medium,both,160,66133,7648
3,mongo,U,medium,both,161,62972,7648
3,mongo,U,medium,both,162,67536,7648
3,mongo,U,medium,both,163,71392,7648
3,mongo,U,medium,both,164,63677,7648
3,mongo,U,medium,both,165,71713,7648
3,mongo,U,medium,both,166,67282,7648
3,mongo,U,medium,both,167,67288,7648
3,mongo,U,medium,both,168,68734,7648
3,mongo,U,medium,both,169,66015,7648
3,mongo,U,medium,both,170,70350,7648
3,mongo,U,medium,both,171,65371,7648
3,mongo,U,medium,both,172,139537,7648
3,mongo,U,medium,both,173,82994,7648
3,mongo,U,medium,both,174,83702,7648
3,mongo,U,medium,both,175,73346,7648
3,mongo,U,medium,both,176,88914,7648
3,mongo,U,medium,both,177,94245,7648
3,mongo,U,medium,both,178,77501,7648
3,mongo,U,medium,both,179,75867,7648
3,mongo,U,medium,both,180,66614,7648
3,mongo,U,medium,both,181,66212,7648
3,mongo,U,medium,both,182,66246,7648
3,mongo,U,medium,both,183,65125,7648
3,mongo,U,medium,both,184,68831,7648
3,mongo,U,medium,both,185,67311,7648
3,mongo,U,medium,both,186,82974,7648
3,mongo,U,medium,both,187,80279,7648
3,mongo,U,medium,both,188,80190,7648
3,mongo,U,medium,both,189,72637,7648
3,mongo,U,medium,both,190,75540,7648
3,mongo,U,medium,both,191,75610,7648
3,mongo,U,medium,both,192,74449,7648
3,mongo,U,medium,both,193,66189,7648
3,mongo,U,medium,both,194,67666,7648
3,mongo,U,medium,both,195,63938,7648
3,mongo,U,medium,both,196,66328,7648
3,mongo,U,medium,both,197,64439,7648
3,mongo,U,medium,both,198,66053,7648
3,mongo,U,medium,both,199,64543,7648
3,mongo,U,wide,bike,0,31951,2748
3,mongo,U,wide,bike,1,28775,2748
3,mongo,U,wide,bike,2,28380,2748
3,mongo,U,wide,bike,3,31262,2748
3,mongo,U,wide,bike,4,31692,2748
3,mongo,U,wide,bike,5,30854,2748
3,mongo,U,wide,bike,6,30016,2748
3,mongo,U,wide,bike,7,28133,2748
3,mongo,U,wide,bike,8,28998,2748
3,mongo,U,wide,bike,9,29872,2748
3,mongo,U,wide,bike,10,28825,2748
3,mongo,U,wide,bike,11,31822,2748
3,mongo,U,wide,bike,12,39180,2748
3,mongo,U,wide,bike,13,35064,2748
3,mongo,U,wide,bike,14,29180,2748
3,mongo,U,wide,bike,15,28306,2748
3,mongo,U,wide,bike,16,29351,2748
3,mongo,U,wide,bike,17,29371,2748
3,mongo,U,wide,bike,18,30446,2748
3,mongo,U,wide,bike,19,29091,2748
3,mongo,U,wide,bike,20,27679,2748
3,mongo,U,wide,bike,21,29982,2748
3,mongo,U,wide,bike,22,29775,2748
3,mongo,U,wide,bike,23,28992,2748
3,mongo,U,wide,bike,24,31502,2748
3,mongo,U,wide,bike,25,36929,2748
3,mongo,U,wide,bike,26,30744,2748
3,mongo,U,wide,bike,27,30493,2748
3,mongo,U,wide,bike,28,30014,2748
3,mongo,U,wide,bike,29,29998,2748
3,mongo,U,wide,bike,30,29398,2748
3,mongo,U,wide,bike,31,31466,2748
3,mongo,U,wide,bike,32,29044,2748
3,mongo,U,wide,bike,33,30235,2748
3,mongo,U,wide,bike,34,29107,2748
3,mongo,U,wide,bike,35,29635,2748
3,mongo,U,wide,bike,36,29371,2748
3,mongo,U,wide,bike,37,29411,2748
3,mongo,U,wide,bike,38,31292,2748
3,mongo,U,wide,bike,39,28533,2748
3,mongo,U,wide,bike,40,29941,2748
3,mongo,U,wide,bike,41,31653,2748
3,mongo,U,wide,bike,42,29299,2748
3,mongo,U,wide,bike,43,31000,2748
3,mongo,U,wide,bike,44,31168,2748
3,mongo,U,wide,bike,45,29350,2748
3,mongo,U,wide,bike,46,32359,2748
3,mongo,U,wide,bike,47,30438,2748
3,mongo,U,wide,bike,48,30915,2748
3,mongo,U,wide,bike,49,29252,2748
3,mongo,U,wide,bike,50,31239,2748
3,mongo,U,wide,bike,51,32002,2748
3,mongo,U,wide,bike,52,30519,2748
3,mongo,U,wide,bike,53,30768,2748
3,mongo,U,wide,bike,54,31159,2748
3,mongo,U,wide,bike,55,30787,2748
3,mongo,U,wide,bike,56,28870,2748
3,mongo,U,wide,bike,57,31654,2748
3,mongo,U,wide,bike,58,30338,2748
3,mongo,U,wide,bike,59,28968,2748
3,mongo,U,wide,bike,60,30513,2748
3,mongo,U,wide,bike,61,32077,2748
3,mongo,U,wide,bike,62,31087,2748
3,mongo,U,wide,bike,63,35059,2748
3,mongo,U,wide,bike,64,29617,2748
3,mongo,U,wide,bike,65,30341,2748
3,mongo,U,wide,bike,66,30867,2748
3,mongo,U,wide,bike,67,31230,2748
3,mongo,U,wide,bike,68,34682,2748
3,mongo,U,wide,bike,69,33527,2748
3,mongo,U,wide,bike,70,33430,2748
3,mongo,U,wide,bike,71,30877,2748
3,mongo,U,wide,bike,72,30422,2748
3,mongo,U,wide,bike,73,29150,2748
3,mongo,U,wide,bike,74,28414,2748
3,mongo,U,wide,bike,75,28937,2748
3,mongo,U,wide,bike,76,32847,2748
3,mongo,U,wide,bike,77,28633,2748
3,mongo,U,wide,bike,78,30972,2748
3,mongo,U,wide,bike,79,33955,2748
3,mongo,U,wide,bike,80,40335,2748
3,mongo,U,wide,bike,81,31089,2748
3,mongo,U,wide,bike,82,28882,2748
3,mongo,U,wide,bike,83,29671,2748
3,mongo,U,wide,bike,84,30677,2748
3,mongo,U,wide,bike,85,30374,2748
3,mongo,U,wide,bike,86,28903,2748
3,mongo,U,wide,bike,87,30799,2748
3,mongo,U,wide,bike,88,29268,2748
3,mongo,U,wide,bike,89,30202,2748
3,mongo,U,wide,bike,90,29887,2748
3,mongo,U,wide,bike,91,29180,2748
3,mongo,U,wide,bike,92,30760,2748
3,mongo,U,wide,bike,93,28747,2748
3,mongo,U,wide,bike,94,29547,2748
3,mongo,U,wide,bike,95,27732,2748
3,mongo,U,wide,bike,96,28753,2748
3,mongo,U,wide,bike,97,30429,2748
3,mongo,U,wide,bike,98,29187,2748
3,mongo,U,wide,bike,99,27402,2748
3,mongo,U,wide,bike,100,30472,2748
3,mongo,U,wide,bike,101,29402,2748
3,mongo,U,wide,bike,102,28754,2748
3,mongo,U,wide,bike,103,28630,2748
3,mongo,U,wide,bike,104,28780,2748
3,mongo,U,wide,bike,105,32981,2748
3,mongo,U,wide,bike,106,28384,2748
3,mongo,U,wide,bike,107,29617,2748
3,mongo,U,wide,bike,108,30823,2748
3,mongo,U,wide,bike,109,29874,2748
3,mongo,U,wide,bike,110,31879,2748
3,mongo,U,wide,bike,111,28692,2748
3,mongo,U,wide,bike,112,27897,2748
3,mongo,U,wide,bike,113,30026,2748
3,mongo,U,wide,bike,114,29194,2748
3,mongo,U,wide,bike,115,29955,2748
3,mongo,U,wide,bike,116,30170,2748
3,mongo,U,wide,bike,117,37312,2748
3,mongo,U,wide,bike,118,34663,2748
3,mongo,U,wide,bike,119,35626,2748
3,mongo,U,wide,bike,120,33024,2748
3,mongo,U,wide,bike,121,31520,2748
3,mongo,U,wide,bike,122,32272,2748
3,mongo,U,wide,bike,123,36233,2748
3,mongo,U,wide,bike,124,32166,2748
3,mongo,U,wide,bike,125,37517,2748
3,mongo,U,wide,bike,126,31916,2748
3,mongo,U,wide,bike,127,36072,2748
3,mongo,U,wide,bike,128,33190,2748
3,mongo,U,wide,bike,129,33958,2748
3,mongo,U,wide,bike,130,33879,2748
3,mongo,U,wide,bike,131,31657,2748
3,mongo,U,wide,bike,132,29720,2748
3,mongo,U,wide,bike,133,30013,2748
3,mongo,U,wide,bike,134,30231,2748
3,mongo,U,wide,bike,135,29118,2748
3,mongo,U,wide,bike,136,30605,2748
3,mongo,U,wide,bike,137,29676,2748
3,mongo,U,wide,bike,138,29772,2748
3,mongo,U,wide,bike,139,30239,2748
3,mongo,U,wide,bike,140,31723,2748
3,mongo,U,wide,bike,141,32493,2748
3,mongo,U,wide,bike,142,30080,2748
3,mongo,U,wide,bike,143,29030,2748
3,mongo,U,wide,bike,144,30447,2748
3,mongo,U,wide,bike,145,34935,2748
3,mongo,U,wide,bike,146,39451,2748
3,mongo,U,wide,bike,147,45320,2748
3,mongo,U,wide,bike,148,41646,2748
3,mongo,U,wide,bike,149,37644,2748
3,mongo,U,wide,bike,150,33298,2748
3,mongo,U,wide,bike,151,31472,2748
3,mongo,U,wide,bike,152,37124,2748
3,mongo,U,wide,bike,153,32928,2748
3,mongo,U,wide,bike,154,35135,2748
3,mongo,U,wide,bike,155,34959,2748
3,mongo,U,wide,bike,156,38123,2748
3,mongo,U,wide,bike,157,34434,2748
3,mongo,U,wide,bike,158,33546,2748
3,mongo,U,wide,bike,159,32983,2748
3,mongo,U,wide,bike,160,36319,2748
3,mongo,U,wide,bike,161,34951,2748
3,mongo,U,wide,bike,162,33827,2748
3,mongo,U,wide,bike,163,30135,2748
3,mongo,U,wide,bike,164,33919,2748
3,mongo,U,wide,bike,165,40324,2748
3,mongo,U,wide,bike,166,37617,2748
3,mongo,U,wide,bike,167,31053,2748
3,mongo,U,wide,bike,168,29058,2748
3,mongo,U,wide,bike,169,28658,2748
3,mongo,U,wide,bike,170,30998,2748
3,mongo,U,wide,bike,171,28345,2748
3,mongo,U,wide,bike,172,29086,2748
3,mongo,U,wide,bike,173,28228,2748
3,mongo,U,wide,bike,174,28425,2748
3,mongo,U,wide,bike,175,28556,2748
3,mongo,U,wide,bike,176,29059,2748
3,mongo,U,wide,bike,177,30011,2748
3,mongo,U,wide,bike,178,32081,2748
3,mongo,U,wide,bike,179,28975,2748
3,mongo,U,wide,bike,180,27845,2748
3,mongo,U,wide,bike,181,31295,2748
3,mongo,U,wide,bike,182,29329,2748
3,mongo,U,wide,bike,183,31015,2748
3,mongo,U,wide,bike,184,36882,2748
3,mongo,U,wide,bike,185,28303,2748
3,mongo,U,wide,bike,186,30172,2748
3,mongo,U,wide,bike,187,27814,2748
3,mongo,U,wide,bike,188,28262,2748
3,mongo,U,wide,bike,189,28101,2748
3,mongo,U,wide,bike,190,27588,2748
3,mongo,U,wide,bike,191,31158,2748
3,mongo,U,wide,bike,192,29746,2748
3,mongo,U,wide,bike,193,28075,2748
3,mongo,U,wide,bike,194,30105,2748
3,mongo,U,wide,bike,195,28683,2748
3,mongo,U,wide,bike,196,27862,2748
3,mongo,U,wide,bike,197,29199,2748
3,mongo,U,wide,bike,198,27506,2748
3,mongo,U,wide,bike,199,30261,2748
3,mongo,S,wide,both,0,128361,13843
3,mongo,S,wide,both,1,119912,13843
3,mongo,S,wide,both,2,124139,13843
3,mongo,S,wide,both,3,119280,13843
3,mongo,S,wide,both,4,121099,13843
3,mongo,S,wide,both,5,119709,13843
3,mongo,S,wide,both,6,120237,13843
3,mongo,S,wide,both,7,116361,13843
3,mongo,S,wide,both,8,118712,13843
3,mongo,S,wide,both,9,118291,13843
3,mongo,S,wide,both,10,116372,13843
3,mongo,S,wide,both,11,116189,13843
3,mongo,S,wide,both,12,118162,13843
3,mongo,S,wide,both,13,116901,13843
3,mongo,S,wide,both,14,117162,13843
3,mongo,S,wide,both,15,117434,13843
3,mongo,S,wide,both,16,116155,13843
3,mongo,S,wide,both,17,114191,13843
3,mongo,S,wide,both,18,112224,13843
3,mongo,S,wide,both,19,112856,13843
3,mongo,S,wide,both,20,142503,13843
3,mongo,S,wide,both,21,122955,13843
3,mongo,S,wide,both,22,113033,13843
3,mongo,S,wide,both,23,135549,13843
3,mongo,S,wide,both,24,124604,13843
3,mongo,S,wide,both,25,117593,13843
3,mongo,S,wide,both,26,127443,13843
3,mongo,S,wide,both,27,121201,13843
3,mongo,S,wide,both,28,127385,13843
3,mongo,S,wide,both,29,120504,13843
3,mongo,S,wide,both,30,114773,13843
3,mongo,S,wide,both,31,121119,13843
3,mongo,S,wide,both,32,118688,13843
3,mongo,S,wide,both,33,132869,13843
3,mongo,S,wide,both,34,145910,13843
3,mongo,S,wide,both,35,140091,13843
3,mongo,S,wide,both,36,155435,13843
3,mongo,S,wide,both,37,141735,13843
3,mongo,S,wide,both,38,113148,13843
3,mongo,S,wide,both,39,113939,13843
3,mongo,S,wide,both,40,117520,13843
3,mongo,S,wide,both,41,115037,13843
3,mongo,S,wide,both,42,112506,13843
3,mongo,S,wide,both,43,114776,13843
3,mongo,S,wide,both,44,117219,13843
3,mongo,S,wide,both,45,120630,13843
3,mongo,S,wide,both,46,120422,13843
3,mongo,S,wide,both,47,117670,13843
3,mongo,S,wide,both,48,115934,13843
3,mongo,S,wide,both,49,114340,13843
3,mongo,S,wide,both,50,123152,13843
3,mongo,S,wide,both,51,113270,13843
3,mongo,S,wide,both,52,115095,13843
3,mongo,S,wide,both,53,112533,13843
3,mongo,S,wide,both,54,124934,13843
3,mongo,S,wide,both,55,114193,13843
3,mongo,S,wide,both,56,121144,13843
3,mongo,S,wide,both,57,114017,13843
3,mongo,S,wide,both,58,116119,13843
3,mongo,S,wide,both,59,121963,13843
3,mongo,S,wide,both,60,126294,13843
3,mongo,S,wide,both,61,118686,13843
3,mongo,S,wide,both,62,115788,13843
3,mongo,S,wide,both,63,116796,13843
3,mongo,S,wide,both,64,117797,13843
3,mongo,S,wide,both,65,115650,13843
3,mongo,S,wide,both,66,113263,13843
3,mongo,S,wide,both,67,117416,13843
3,mongo,S,wide,both,68,117675,13843
3,mongo,S,wide,both,69,115955,13843
3,mongo,S,wide,both,70,124807,13843
3,mongo,S,wide,both,71,138296,13843
3,mongo,S,wide,both,72,120765,13843
3,mongo,S,wide,both,73,122326,13843
3,mongo,S,wide,both,74,118998,13843
3,mongo,S,wide,both,75,134865,13843
3,mongo,S,wide,both,76,116737,13843
3,mongo,S,wide,both,77,116451,13843
3,mongo,S,wide,both,78,112117,13843
3,mongo,S,wide,both,79,123454,13843
3,mongo,S,wide,both,80,139984,13843
3,mongo,S,wide,both,81,140997,13843
3,mongo,S,wide,both,82,132381,13843
3,mongo,S,wide,both,83,136143,13843
3,mongo,S,wide,both,84,118601,13843
3,mongo,S,wide,both,85,117027,13843
3,mongo,S,wide,both,86,112737,13843
3,mongo,S,wide,both,87,116389,13843
3,mongo,S,wide,both,88,124499,13843
3,mongo,S,wide,both,89,114934,13843
3,mongo,S,wide,both,90,115265,13843
3,mongo,S,wide,both,91,116269,13843
3,mongo,S,wide,both,92,121530,13843
3,mongo,S,wide,both,93,119021,13843
3,mongo,S,wide,both,94,114697,13843
3,mongo,S,wide,both,95,115307,13843
3,mongo,S,wide,both,96,113822,13843
3,mongo,S,wide,both,97,116248,13843
3,mongo,S,wide,both,98,113316,13843
3,mongo,S,wide,both,99,113248,13843
3,mongo,S,wide,both,100,123035,13843
3,mongo,S,wide,both,101,115918,13843
3,mongo,S,wide,both,102,115616,13843
3,mongo,S,wide,both,103,114712,13843
3,mongo,S,wide,both,104,119360,13843
3,mongo,S,wide,both,105,128408,13843
3,mongo,S,wide,both,106,118594,13843
3,mongo,S,wide,both,107,123889,13843
3,mongo,S,wide,both,108,134046,13843
3,mongo,S,wide,both,109,118642,13843
3,mongo,S,wide,both,110,116067,13843
3,mongo,S,wide,both,111,129274,13843
3,mongo,S,wide,both,112,119479,13843
3,mongo,S,wide,both,113,115460,13843
3,mongo,S,wide,both,114,131939,13843
3,mongo,S,wide,both,115,113762,13843
3,mongo,S,wide,both,116,115298,13843
3,mongo,S,wide,both,117,134522,13843
3,mongo,S,wide,both,118,129084,13843
3,mongo,S,wide,both,119,125437,13843
3,mongo,S,wide,both,120,515406,13843
3,mongo,S,wide,both,121,148594,13843
3,mongo,S,wide,both,122,146998,13843
3,mongo,S,wide,both,123,1417039,13843
3,mongo,S,wide,both,124,692607,13843
3,mongo,S,wide,both,125,1128361,13843
3,mongo,S,wide,both,126,505607,13843
3,mongo,S,wide,both,127,185032,13843
3,mongo,S,wide,both,128,174348,13843
3,mongo,S,wide,both,129,124595,13843
3,mongo,S,wide,both,130,145430,13843
3,mongo,S,wide,both,131,132741,13843
3,mongo,S,wide,both,132,124590,13843
3,mongo,S,wide,both,133,142960,13843
3,mongo,S,wide,both,134,169669,13843
3,mongo,S,wide,both,135,148237,13843
3,mongo,S,wide,both,136,130021,13843
3,mongo,S,wide,both,137,134114,13843
3,mongo,S,wide,both,138,130353,13843
3,mongo,S,wide,both,139,118648,13843
3,mongo,S,wide,both,140,142870,13843
3,mongo,S,wide,both,141,134008,13843
3,mongo,S,wide,both,142,138469,13843
3,mongo,S,wide,both,143,114327,13843
3,mongo,S,wide,both,144,139550,13843
3,mongo,S,wide,both,145,122493,13843
3,mongo,S,wide,both,146,116238,13843
3,mongo,S,wide,both,147,111897,13843
3,mongo,S,wide,both,148,119563,13843
3,mongo,S,wide,both,149,118162,13843
3,mongo,S,wide,both,150,116537,13843
3,mongo,S,wide,both,151,110538,13843
3,mongo,S,wide,both,152,114720,13843
3,mongo,S,wide,both,153,103140,13843
3,mongo,S,wide,both,154,114421,13843
3,mongo,S,wide,both,155,266387,13843
3,mongo,S,wide,both,156,211230,13843
3,mongo,S,wide,both,157,197563,13843
3,mongo,S,wide,both,158,125420,13843
3,mongo,S,wide,both,159,123549,13843
3,mongo,S,wide,both,160,117368,13843
3,mongo,S,wide,both,161,121982,13843
3,mongo,S,wide,both,162,148055,13843
3,mongo,S,wide,both,163,222418,13843
3,mongo,S,wide,both,164,1313264,13843
3,mongo,S,wide,both,165,534972,13843
3,mongo,S,wide,both,166,323185,13843
3,mongo,S,wide,both,167,259508,13843
3,mongo,S,wide,both,168,228779,13843
3,mongo,S,wide,both,169,175298,13843
3,mongo,S,wide,both,170,129041,13843
3,mongo,S,wide,both,171,152343,13843
3,mongo,S,wide,both,172,235757,13843
3,mongo,S,wide,both,173,345037,13843
3,mongo,S,wide,both,174,150963,13843
3,mongo,S,wide,both,175,153861,13843
3,mongo,S,wide,both,176,153582,13843
3,mongo,S,wide,both,177,129723,13843
3,mongo,S,wide,both,178,121149,13843
3,mongo,S,wide,both,179,124748,13843
3,mongo,S,wide,both,180,182161,13843
3,mongo,S,wide,both,181,152830,13843
3,mongo,S,wide,both,182,126472,13843
3,mongo,S,wide,both,183,129226,13843
3,mongo,S,wide,both,184,134105,13843
3,mongo,S,wide,both,185,136790,13843
3,mongo,S,wide,both,186,172275,13843
3,mongo,S,wide,both,187,144315,13843
3,mongo,S,wide,both,188,142561,13843
3,mongo,S,wide,both,189,143290,13843
3,mongo,S,wide,both,190,121288,13843
3,mongo,S,wide,both,191,112704,13843
3,mongo,S,wide,both,192,122193,13843
3,mongo,S,wide,both,193,119559,13843
3,mongo,S,wide,both,194,122067,13843
3,mongo,S,wide,both,195,119674,13843
3,mongo,S,wide,both,196,119677,13843
3,mongo,S,wide,both,197,114628,13843
3,mongo,S,wide,both,198,109083,13843
3,mongo,S,wide,both,199,112406,13843
3,pg,U,narrow,both,0,23070,684
3,pg,U,narrow,both,1,18588,684
3,pg,U,narrow,both,2,18342,684
3,pg,U,narrow,both,3,16750,684
3,pg,U,narrow,both,4,14161,684
3,pg,U,narrow,both,5,14150,684
3,pg,U,narrow,both,6,13709,684
3,pg,U,narrow,both,7,13970,684
3,pg,U,narrow,both,8,13640,684
3,pg,U,narrow,both,9,13690,684
3,pg,U,narrow,both,10,13600,684
3,pg,U,narrow,both,11,16040,684
3,pg,U,narrow,both,12,13360,684
3,pg,U,narrow,both,13,13501,684
3,pg,U,narrow,both,14,14812,684
3,pg,U,narrow,both,15,17180,684
3,pg,U,narrow,both,16,16575,684
3,pg,U,narrow,both,17,15954,684
3,pg,U,narrow,both,18,20482,684
3,pg,U,narrow,both,19,23622,684
3,pg,U,narrow,both,20,20564,684
3,pg,U,narrow,both,21,24761,684
3,pg,U,narrow,both,22,19537,684
3,pg,U,narrow,both,23,23345,684
3,pg,U,narrow,both,24,17669,684
3,pg,U,narrow,both,25,14789,684
3,pg,U,narrow,both,26,17607,684
3,pg,U,narrow,both,27,20648,684
3,pg,U,narrow,both,28,16920,684
3,pg,U,narrow,both,29,29864,684
3,pg,U,narrow,both,30,26242,684
3,pg,U,narrow,both,31,23697,684
3,pg,U,narrow,both,32,27860,684
3,pg,U,narrow,both,33,36812,684
3,pg,U,narrow,both,34,19523,684
3,pg,U,narrow,both,35,18459,684
3,pg,U,narrow,both,36,18514,684
3,pg,U,narrow,both,37,18658,684
3,pg,U,narrow,both,38,18287,684
3,pg,U,narrow,both,39,16769,684
3,pg,U,narrow,both,40,23120,684
3,pg,U,narrow,both,41,17431,684
3,pg,U,narrow,both,42,19985,684
3,pg,U,narrow,both,43,22675,684
3,pg,U,narrow,both,44,26131,684
3,pg,U,narrow,both,45,19812,684
3,pg,U,narrow,both,46,15128,684
3,pg,U,narrow,both,47,15820,684
3,pg,U,narrow,both,48,24555,684
3,pg,U,narrow,both,49,15366,684
3,pg,U,narrow,both,50,14389,684
3,pg,U,narrow,both,51,16169,684
3,pg,U,narrow,both,52,18827,684
3,pg,U,narrow,both,53,16213,684
3,pg,U,narrow,both,54,14320,684
3,pg,U,narrow,both,55,14733,684
3,pg,U,narrow,both,56,14495,684
3,pg,U,narrow,both,57,16232,684
3,pg,U,narrow,both,58,14650,684
3,pg,U,narrow,both,59,16122,684
3,pg,U,narrow,both,60,15533,684
3,pg,U,narrow,both,61,16014,684
3,pg,U,narrow,both,62,16503,684
3,pg,U,narrow,both,63,13730,684
3,pg,U,narrow,both,64,18527,684
3,pg,U,narrow,both,65,14276,684
3,pg,U,narrow,both,66,13599,684
3,pg,U,narrow,both,67,14481,684
3,pg,U,narrow,both,68,14253,684
3,pg,U,narrow,both,69,13911,684
3,pg,U,narrow,both,70,16051,684
3,pg,U,narrow,both,71,13224,684
3,pg,U,narrow,both,72,15824,684
3,pg,U,narrow,both,73,13179,684
3,pg,U,narrow,both,74,13581,684
3,pg,U,narrow,both,75,16224,684
3,pg,U,narrow,both,76,16491,684
3,pg,U,narrow,both,77,13204,684
3,pg,U,narrow,both,78,17185,684
3,pg,U,narrow,both,79,16483,684
3,pg,U,narrow,both,80,13564,684
3,pg,U,narrow,both,81,15660,684
3,pg,U,narrow,both,82,13983,684
3,pg,U,narrow,both,83,13805,684
3,pg,U,narrow,both,84,13514,684
3,pg,U,narrow,both,85,13641,684
3,pg,U,narrow,both,86,13423,684
3,pg,U,narrow,both,87,13488,684
3,pg,U,narrow,both,88,15889,684
3,pg,U,narrow,both,89,13641,684
3,pg,U,narrow,both,90,13588,684
3,pg,U,narrow,both,91,13057,684
3,pg,U,narrow,both,92,13202,684
3,pg,U,narrow,both,93,13673,684
3,pg,U,narrow,both,94,16633,684
3,pg,U,narrow,both,95,14147,684
3,pg,U,narrow,both,96,13302,684
3,pg,U,narrow,both,97,13552,684
3,pg,U,narrow,both,98,13833,684
3,pg,U,narrow,both,99,14018,684
3,pg,U,narrow,both,100,13323,684
3,pg,U,narrow,both,101,13145,684
3,pg,U,narrow,both,102,13480,684
3,pg,U,narrow,both,103,13137,684
3,pg,U,narrow,both,104,13606,684
3,pg,U,narrow,both,105,13512,684
3,pg,U,narrow,both,106,13733,684
3,pg,U,narrow,both,107,13663,684
3,pg,U,narrow,both,108,15225,684
3,pg,U,narrow,both,109,13165,684
3,pg,U,narrow,both,110,13533,684
3,pg,U,narrow,both,111,13730,684
3,pg,U,narrow,both,112,14531,684
3,pg,U,narrow,both,113,14476,684
3,pg,U,narrow,both,114,14050,684
3,pg,U,narrow,both,115,13275,684
3,pg,U,narrow,both,116,13642,684
3,pg,U,narrow,both,117,13848,684
3,pg,U,narrow,both,118,13188,684
3,pg,U,narrow,both,119,13440,684
3,pg,U,narrow,both,120,14143,684
3,pg,U,narrow,both,121,14204,684
3,pg,U,narrow,both,122,13647,684
3,pg,U,narrow,both,123,13660,684
3,pg,U,narrow,both,124,13481,684
3,pg,U,narrow,both,125,13280,684
3,pg,U,narrow,both,126,17036,684
3,pg,U,narrow,both,127,13693,684
3,pg,U,narrow,both,128,13282,684
3,pg,U,narrow,both,129,13594,684
3,pg,U,narrow,both,130,13629,684
3,pg,U,narrow,both,131,13953,684
3,pg,U,narrow,both,132,13755,684
3,pg,U,narrow,both,133,13805,684
3,pg,U,narrow,both,134,13786,684
3,pg,U,narrow,both,135,15867,684
3,pg,U,narrow,both,136,13426,684
3,pg,U,narrow,both,137,13255,684
3,pg,U,narrow,both,138,13864,684
3,pg,U,narrow,both,139,15953,684
3,pg,U,narrow,both,140,12995,684
3,pg,U,narrow,both,141,14343,684
3,pg,U,narrow,both,142,13299,684
3,pg,U,narrow,both,143,15898,684
3,pg,U,narrow,both,144,13631,684
3,pg,U,narrow,both,145,15087,684
3,pg,U,narrow,both,146,14614,684
3,pg,U,narrow,both,147,14376,684
3,pg,U,narrow,both,148,14072,684
3,pg,U,narrow,both,149,14028,684
3,pg,U,narrow,both,150,15505,684
3,pg,U,narrow,both,151,13347,684
3,pg,U,narrow,both,152,14128,684
3,pg,U,narrow,both,153,16098,684
3,pg,U,narrow,both,154,13349,684
3,pg,U,narrow,both,155,16726,684
3,pg,U,narrow,both,156,16074,684
3,pg,U,narrow,both,157,13375,684
3,pg,U,narrow,both,158,14092,684
3,pg,U,narrow,both,159,13808,684
3,pg,U,narrow,both,160,13569,684
3,pg,U,narrow,both,161,13919,684
3,pg,U,narrow,both,162,15441,684
3,pg,U,narrow,both,163,14466,684
3,pg,U,narrow,both,164,14398,684
3,pg,U,narrow,both,165,15103,684
3,pg,U,narrow,both,166,16680,684
3,pg,U,narrow,both,167,14559,684
3,pg,U,narrow,both,168,16012,684
3,pg,U,narrow,both,169,16331,684
3,pg,U,narrow,both,170,16535,684
3,pg,U,narrow,both,171,14105,684
3,pg,U,narrow,both,172,13694,684
3,pg,U,narrow,both,173,15903,684
3,pg,U,narrow,both,174,13520,684
3,pg,U,narrow,both,175,13599,684
3,pg,U,narrow,both,176,15958,684
3,pg,U,narrow,both,177,16826,684
3,pg,U,narrow,both,178,13977,684
3,pg,U,narrow,both,179,13408,684
3,pg,U,narrow,both,180,13974,684
3,pg,U,narrow,both,181,14301,684
3,pg,U,narrow,both,182,17031,684
3,pg,U,narrow,both,183,14032,684
3,pg,U,narrow,both,184,15855,684
3,pg,U,narrow,both,185,15851,684
3,pg,U,narrow,both,186,13619,684
3,pg,U,narrow,both,187,16269,684
3,pg,U,narrow,both,188,13434,684
3,pg,U,narrow,both,189,13273,684
3,pg,U,narrow,both,190,15825,684
3,pg,U,narrow,both,191,15875,684
3,pg,U,narrow,both,192,16001,684
3,pg,U,narrow,both,193,15765,684
3,pg,U,narrow,both,194,13712,684
3,pg,U,narrow,both,195,15078,684
3,pg,U,narrow,both,196,15452,684
3,pg,U,narrow,both,197,13766,684
3,pg,U,narrow,both,198,13541,684
3,pg,U,narrow,both,199,14197,684
3,pg,S,wide,both,0,267675,13842
3,pg,S,wide,both,1,254762,13842
3,pg,S,wide,both,2,235623,13842
3,pg,S,wide,both,3,243026,13842
3,pg,S,wide,both,4,237687,13842
3,pg,S,wide,both,5,300923,13842
3,pg,S,wide,both,6,256227,13842
3,pg,S,wide,both,7,240848,13842
3,pg,S,wide,both,8,236356,13842
3,pg,S,wide,both,9,233196,13842
3,pg,S,wide,both,10,232696,13842
3,pg,S,wide,both,11,277809,13842
3,pg,S,wide,both,12,373759,13842
3,pg,S,wide,both,13,314671,13842
3,pg,S,wide,both,14,289648,13842
3,pg,S,wide,both,15,276869,13842
3,pg,S,wide,both,16,231485,13842
3,pg,S,wide,both,17,229653,13842
3,pg,S,wide,both,18,234783,13842
3,pg,S,wide,both,19,229377,13842
3,pg,S,wide,both,20,278194,13842
3,pg,S,wide,both,21,298327,13842
3,pg,S,wide,both,22,237847,13842
3,pg,S,wide,both,23,231956,13842
3,pg,S,wide,both,24,232603,13842
3,pg,S,wide,both,25,290357,13842
3,pg,S,wide,both,26,242729,13842
3,pg,S,wide,both,27,279282,13842
3,pg,S,wide,both,28,261358,13842
3,pg,S,wide,both,29,248300,13842
3,pg,S,wide,both,30,242654,13842
3,pg,S,wide,both,31,289159,13842
3,pg,S,wide,both,32,294866,13842
3,pg,S,wide,both,33,268208,13842
3,pg,S,wide,both,34,254195,13842
3,pg,S,wide,both,35,233681,13842
3,pg,S,wide,both,36,286129,13842
3,pg,S,wide,both,37,233070,13842
3,pg,S,wide,both,38,241252,13842
3,pg,S,wide,both,39,294718,13842
3,pg,S,wide,both,40,235639,13842
3,pg,S,wide,both,41,238346,13842
3,pg,S,wide,both,42,233100,13842
3,pg,S,wide,both,43,237348,13842
3,pg,S,wide,both,44,290077,13842
3,pg,S,wide,both,45,235022,13842
3,pg,S,wide,both,46,243684,13842
3,pg,S,wide,both,47,234677,13842
3,pg,S,wide,both,48,235617,13842
3,pg,S,wide,both,49,229982,13842
3,pg,S,wide,both,50,279585,13842
3,pg,S,wide,both,51,291022,13842
3,pg,S,wide,both,52,306348,13842
3,pg,S,wide,both,53,349353,13842
3,pg,S,wide,both,54,264764,13842
3,pg,S,wide,both,55,273945,13842
3,pg,S,wide,both,56,291689,13842
3,pg,S,wide,both,57,238406,13842
3,pg,S,wide,both,58,233880,13842
3,pg,S,wide,both,59,232787,13842
3,pg,S,wide,both,60,230258,13842
3,pg,S,wide,both,61,235810,13842
3,pg,S,wide,both,62,238030,13842
3,pg,S,wide,both,63,241008,13842
3,pg,S,wide,both,64,231447,13842
3,pg,S,wide,both,65,230216,13842
3,pg,S,wide,both,66,281982,13842
3,pg,S,wide,both,67,284410,13842
3,pg,S,wide,both,68,234239,13842
3,pg,S,wide,both,69,233939,13842
3,pg,S,wide,both,70,249061,13842
3,pg,S,wide,both,71,239745,13842
3,pg,S,wide,both,72,230836,13842
3,pg,S,wide,both,73,230107,13842
3,pg,S,wide,both,74,251387,13842
3,pg,S,wide,both,75,251680,13842
3,pg,S,wide,both,76,268155,13842
3,pg,S,wide,both,77,261921,13842
3,pg,S,wide,both,78,300609,13842
3,pg,S,wide,both,79,234411,13842
3,pg,S,wide,both,80,240982,13842
3,pg,S,wide,both,81,240225,13842
3,pg,S,wide,both,82,233897,13842
3,pg,S,wide,both,83,235026,13842
3,pg,S,wide,both,84,244696,13842
3,pg,S,wide,both,85,232967,13842
3,pg,S,wide,both,86,284282,13842
3,pg,S,wide,both,87,287461,13842
3,pg,S,wide,both,88,232678,13842
3,pg,S,wide,both,89,232113,13842
3,pg,S,wide,both,90,278288,13842
3,pg,S,wide,both,91,235293,13842
3,pg,S,wide,both,92,233701,13842
3,pg,S,wide,both,93,235937,13842
3,pg,S,wide,both,94,234011,13842
3,pg,S,wide,both,95,249408,13842
3,pg,S,wide,both,96,247139,13842
3,pg,S,wide,both,97,252094,13842
3,pg,S,wide,both,98,276693,13842
3,pg,S,wide,both,99,270936,13842
3,pg,S,wide,both,100,292944,13842
3,pg,S,wide,both,101,284736,13842
3,pg,S,wide,both,102,243641,13842
3,pg,S,wide,both,103,245912,13842
3,pg,S,wide,both,104,234975,13842
3,pg,S,wide,both,105,232742,13842
3,pg,S,wide,both,106,279041,13842
3,pg,S,wide,both,107,284222,13842
3,pg,S,wide,both,108,281650,13842
3,pg,S,wide,both,109,230618,13842
3,pg,S,wide,both,110,231283,13842
3,pg,S,wide,both,111,274045,13842
3,pg,S,wide,both,112,340111,13842
3,pg,S,wide,both,113,276011,13842
3,pg,S,wide,both,114,269560,13842
3,pg,S,wide,both,115,242557,13842
3,pg,S,wide,both,116,285882,13842
3,pg,S,wide,both,117,387148,13842
3,pg,S,wide,both,118,371150,13842
3,pg,S,wide,both,119,340439,13842
3,pg,S,wide,both,120,247479,13842
3,pg,S,wide,both,121,236252,13842
3,pg,S,wide,both,122,234007,13842
3,pg,S,wide,both,123,229926,13842
3,pg,S,wide,both,124,237529,13842
3,pg,S,wide,both,125,238367,13842
3,pg,S,wide,both,126,252893,13842
3,pg,S,wide,both,127,281611,13842
3,pg,S,wide,both,128,233032,13842
3,pg,S,wide,both,129,232299,13842
3,pg,S,wide,both,130,234918,13842
3,pg,S,wide,both,131,236649,13842
3,pg,S,wide,both,132,241402,13842
3,pg,S,wide,both,133,232350,13842
3,pg,S,wide,both,134,239058,13842
3,pg,S,wide,both,135,239380,13842
3,pg,S,wide,both,136,233034,13842
3,pg,S,wide,both,137,245753,13842
3,pg,S,wide,both,138,270436,13842
3,pg,S,wide,both,139,247622,13842
3,pg,S,wide,both,140,237306,13842
3,pg,S,wide,both,141,355305,13842
3,pg,S,wide,both,142,362636,13842
3,pg,S,wide,both,143,260938,13842
3,pg,S,wide,both,144,330784,13842
3,pg,S,wide,both,145,362495,13842
3,pg,S,wide,both,146,247069,13842
3,pg,S,wide,both,147,250623,13842
3,pg,S,wide,both,148,244565,13842
3,pg,S,wide,both,149,313970,13842
3,pg,S,wide,both,150,241656,13842
3,pg,S,wide,both,151,270782,13842
3,pg,S,wide,both,152,248101,13842
3,pg,S,wide,both,153,244130,13842
3,pg,S,wide,both,154,289703,13842
3,pg,S,wide,both,155,299274,13842
3,pg,S,wide,both,156,299083,13842
3,pg,S,wide,both,157,468133,13842
3,pg,S,wide,both,158,304343,13842
3,pg,S,wide,both,159,298855,13842
3,pg,S,wide,both,160,292821,13842
3,pg,S,wide,both,161,314020,13842
3,pg,S,wide,both,162,305790,13842
3,pg,S,wide,both,163,249302,13842
3,pg,S,wide,both,164,234873,13842
3,pg,S,wide,both,165,287986,13842
3,pg,S,wide,both,166,286699,13842
3,pg,S,wide,both,167,254855,13842
3,pg,S,wide,both,168,249125,13842
3,pg,S,wide,both,169,261311,13842
3,pg,S,wide,both,170,245497,13842
3,pg,S,wide,both,171,253157,13842
3,pg,S,wide,both,172,244856,13842
3,pg,S,wide,both,173,239516,13842
3,pg,S,wide,both,174,292271,13842
3,pg,S,wide,both,175,357623,13842
3,pg,S,wide,both,176,290068,13842
3,pg,S,wide,both,177,300222,13842
3,pg,S,wide,both,178,263496,13842
3,pg,S,wide,both,179,287436,13842
3,pg,S,wide,both,180,267819,13842
3,pg,S,wide,both,181,292317,13842
3,pg,S,wide,both,182,237898,13842
3,pg,S,wide,both,183,231851,13842
3,pg,S,wide,both,184,235690,13842
3,pg,S,wide,both,185,231978,13842
3,pg,S,wide,both,186,248529,13842
3,pg,S,wide,both,187,244866,13842
3,pg,S,wide,both,188,236851,13842
3,pg,S,wide,both,189,238741,13842
3,pg,S,wide,both,190,239529,13842
3,pg,S,wide,both,191,245665,13842
3,pg,S,wide,both,192,237480,13842
3,pg,S,wide,both,193,234289,13842
3,pg,S,wide,both,194,234452,13842
3,pg,S,wide,both,195,256441,13842
3,pg,S,wide,both,196,245058,13842
3,pg,S,wide,both,197,231573,13842
3,pg,S,wide,both,198,303990,13842
3,pg,S,wide,both,199,305280,13842
3,mongo,U,single,,0,6314,1
3,mongo,U,single,,1,944,1
3,mongo,U,single,,2,1257,1
3,mongo,U,single,,3,2177,1
3,mongo,U,single,,4,792,1
3,mongo,U,single,,5,969,1
3,mongo,U,single,,6,869,1
3,mongo,U,single,,7,857,1
3,mongo,U,single,,8,655,1
3,mongo,U,single,,9,705,1
3,mongo,U,single,,10,1411,1
3,mongo,U,single,,11,866,1
3,mongo,U,single,,12,652,1
3,mongo,U,single,,13,741,1
3,mongo,U,single,,14,640,1
3,mongo,U,single,,15,777,1
3,mongo,U,single,,16,1005,1
3,mongo,U,single,,17,924,1
3,mongo,U,single,,18,1519,1
3,mongo,U,single,,19,876,1
3,mongo,U,single,,20,690,1
3,mongo,U,single,,21,772,1
3,mongo,U,single,,22,957,1
3,mongo,U,single,,23,761,1
3,mongo,U,single,,24,760,1
3,mongo,U,single,,25,1634,1
3,mongo,U,single,,26,989,1
3,mongo,U,single,,27,913,1
3,mongo,U,single,,28,880,1
3,mongo,U,single,,29,850,1
3,mongo,U,single,,30,707,1
3,mongo,U,single,,31,776,1
3,mongo,U,single,,32,743,1
3,mongo,U,single,,33,808,1
3,mongo,U,single,,34,1196,1
3,mongo,U,single,,35,841,1
3,mongo,U,single,,36,716,1
3,mongo,U,single,,37,761,1
3,mongo,U,single,,38,732,1
3,mongo,U,single,,39,925,1
3,mongo,U,single,,40,808,1
3,mongo,U,single,,41,832,1
3,mongo,U,single,,42,809,1
3,mongo,U,single,,43,922,1
3,mongo,U,single,,44,780,1
3,mongo,U,single,,45,828,1
3,mongo,U,single,,46,615,1
3,mongo,U,single,,47,744,1
3,mongo,U,single,,48,744,1
3,mongo,U,single,,49,761,1
3,mongo,U,single,,50,1374,1
3,mongo,U,single,,51,777,1
3,mongo,U,single,,52,658,1
3,mongo,U,single,,53,704,1
3,mongo,U,single,,54,660,1
3,mongo,U,single,,55,612,1
3,mongo,U,single,,56,574,1
3,mongo,U,single,,57,596,1
3,mongo,U,single,,58,663,1
3,mongo,U,single,,59,1355,1
3,mongo,U,single,,60,837,1
3,mongo,U,single,,61,712,1
3,mongo,U,single,,62,781,1
3,mongo,U,single,,63,845,1
3,mongo,U,single,,64,854,1
3,mongo,U,single,,65,859,1
3,mongo,U,single,,66,1686,1
3,mongo,U,single,,67,1280,1
3,mongo,U,single,,68,625,1
3,mongo,U,single,,69,626,1
3,mongo,U,single,,70,685,1
3,mongo,U,single,,71,602,1
3,mongo,U,single,,72,648,1
3,mongo,U,single,,73,853,1
3,mongo,U,single,,74,996,1
3,mongo,U,single,,75,1019,1
3,mongo,U,single,,76,596,1
3,mongo,U,single,,77,632,1
3,mongo,U,single,,78,673,1
3,mongo,U,single,,79,590,1
3,mongo,U,single,,80,554,1
3,mongo,U,single,,81,614,1
3,mongo,U,single,,82,539,1
3,mongo,U,single,,83,569,1
3,mongo,U,single,,84,690,1
3,mongo,U,single,,85,1216,1
3,mongo,U,single,,86,680,1
3,mongo,U,single,,87,592,1
3,mongo,U,single,,88,551,1
3,mongo,U,single,,89,705,1
3,mongo,U,single,,90,837,1
3,mongo,U,single,,91,657,1
3,mongo,U,single,,92,745,1
3,mongo,U,single,,93,631,1
3,mongo,U,single,,94,1067,1
3,mongo,U,single,,95,935,1
3,mongo,U,single,,96,799,1
3,mongo,U,single,,97,613,1
3,mongo,U,single,,98,592,1
3,mongo,U,single,,99,776,1
3,mongo,U,single,,100,653,1
3,mongo,U,single,,101,676,1
3,mongo,U,single,,102,798,1
3,mongo,U,single,,103,1106,1
3,mongo,U,single,,104,864,1
3,mongo,U,single,,105,683,1
3,mongo,U,single,,106,637,1
3,mongo,U,single,,107,661,1
3,mongo,U,single,,108,705,1
3,mongo,U,single,,109,659,1
3,mongo,U,single,,110,604,1
3,mongo,U,single,,111,648,1
3,mongo,U,single,,112,663,1
3,mongo,U,single,,113,965,1
3,mongo,U,single,,114,865,1
3,mongo,U,single,,115,879,1
3,mongo,U,single,,116,906,1
3,mongo,U,single,,117,725,1
3,mongo,U,single,,118,683,1
3,mongo,U,single,,119,699,1
3,mongo,U,single,,120,644,1
3,mongo,U,single,,121,715,1
3,mongo,U,single,,122,977,1
3,mongo,U,single,,123,709,1
3,mongo,U,single,,124,705,1
3,mongo,U,single,,125,699,1
3,mongo,U,single,,126,675,1
3,mongo,U,single,,127,598,1
3,mongo,U,single,,128,673,1
3,mongo,U,single,,129,737,1
3,mongo,U,single,,130,647,1
3,mongo,U,single,,131,1315,1
3,mongo,U,single,,132,830,1
3,mongo,U,single,,133,674,1
3,mongo,U,single,,134,665,1
3,mongo,U,single,,135,699,1
3,mongo,U,single,,136,652,1
3,mongo,U,single,,137,946,1
3,mongo,U,single,,138,661,1
3,mongo,U,single,,139,601,1
3,mongo,U,single,,140,1194,1
3,mongo,U,single,,141,674,1
3,mongo,U,single,,142,558,1
3,mongo,U,single,,143,717,1
3,mongo,U,single,,144,690,1
3,mongo,U,single,,145,680,1
3,mongo,U,single,,146,652,1
3,mongo,U,single,,147,664,1
3,mongo,U,single,,148,687,1
3,mongo,U,single,,149,715,1
3,mongo,U,single,,150,1053,1
3,mongo,U,single,,151,795,1
3,mongo,U,single,,152,696,1
3,mongo,U,single,,153,620,1
3,mongo,U,single,,154,719,1
3,mongo,U,single,,155,685,1
3,mongo,U,single,,156,673,1
3,mongo,U,single,,157,712,1
3,mongo,U,single,,158,933,1
3,mongo,U,single,,159,1044,1
3,mongo,U,single,,160,932,1
3,mongo,U,single,,161,817,1
3,mongo,U,single,,162,760,1
3,mongo,U,single,,163,672,1
3,mongo,U,single,,164,604,1
3,mongo,U,single,,165,622,1
3,mongo,U,single,,166,565,1
3,mongo,U,single,,167,698,1
3,mongo,U,single,,168,1231,1
3,mongo,U,single,,169,821,1
3,mongo,U,single,,170,659,1
3,mongo,U,single,,171,658,1
3,mongo,U,single,,172,655,1
3,mongo,U,single,,173,606,1
3,mongo,U,single,,174,690,1
3,mongo,U,single,,175,603,1
3,mongo,U,single,,176,694,1
3,mongo,U,single,,177,1600,1
3,mongo,U,single,,178,763,1
3,mongo,U,single,,179,702,1
3,mongo,U,single,,180,750,1
3,mongo,U,single,,181,564,1
3,mongo,U,single,,182,697,1
3,mongo,U,single,,183,722,1
3,mongo,U,single,,184,731,1
3,mongo,U,single,,185,815,1
3,mongo,U,single,,186,947,1
3,mongo,U,single,,187,852,1
3,mongo,U,single,,188,700,1
3,mongo,U,single,,189,649,1
3,mongo,U,single,,190,651,1
3,mongo,U,single,,191,653,1
3,mongo,U,single,,192,662,1
3,mongo,U,single,,193,656,1
3,mongo,U,single,,194,523,1
3,mongo,U,single,,195,987,1
3,mongo,U,single,,196,942,1
3,mongo,U,single,,197,745,1
3,mongo,U,single,,198,826,1
3,mongo,U,single,,199,889,1
3,pg,U,narrow,bus,0,11207,518
3,pg,U,narrow,bus,1,10273,518
3,pg,U,narrow,bus,2,9968,518
3,pg,U,narrow,bus,3,10038,518
3,pg,U,narrow,bus,4,12367,518
3,pg,U,narrow,bus,5,9831,518
3,pg,U,narrow,bus,6,9964,518
3,pg,U,narrow,bus,7,12473,518
3,pg,U,narrow,bus,8,11932,518
3,pg,U,narrow,bus,9,11045,518
3,pg,U,narrow,bus,10,12158,518
3,pg,U,narrow,bus,11,12770,518
3,pg,U,narrow,bus,12,12477,518
3,pg,U,narrow,bus,13,10356,518
3,pg,U,narrow,bus,14,10590,518
3,pg,U,narrow,bus,15,10953,518
3,pg,U,narrow,bus,16,10814,518
3,pg,U,narrow,bus,17,10216,518
3,pg,U,narrow,bus,18,10164,518
3,pg,U,narrow,bus,19,10939,518
3,pg,U,narrow,bus,20,11383,518
3,pg,U,narrow,bus,21,11521,518
3,pg,U,narrow,bus,22,11674,518
3,pg,U,narrow,bus,23,11006,518
3,pg,U,narrow,bus,24,10817,518
3,pg,U,narrow,bus,25,13154,518
3,pg,U,narrow,bus,26,15951,518
3,pg,U,narrow,bus,27,13825,518
3,pg,U,narrow,bus,28,12543,518
3,pg,U,narrow,bus,29,12393,518
3,pg,U,narrow,bus,30,11663,518
3,pg,U,narrow,bus,31,13113,518
3,pg,U,narrow,bus,32,11906,518
3,pg,U,narrow,bus,33,11421,518
3,pg,U,narrow,bus,34,11220,518
3,pg,U,narrow,bus,35,10197,518
3,pg,U,narrow,bus,36,11094,518
3,pg,U,narrow,bus,37,10718,518
3,pg,U,narrow,bus,38,11486,518
3,pg,U,narrow,bus,39,11184,518
3,pg,U,narrow,bus,40,12510,518
3,pg,U,narrow,bus,41,12414,518
3,pg,U,narrow,bus,42,12497,518
3,pg,U,narrow,bus,43,13096,518
3,pg,U,narrow,bus,44,10182,518
3,pg,U,narrow,bus,45,10271,518
3,pg,U,narrow,bus,46,10164,518
3,pg,U,narrow,bus,47,10111,518
3,pg,U,narrow,bus,48,11487,518
3,pg,U,narrow,bus,49,12139,518
3,pg,U,narrow,bus,50,10023,518
3,pg,U,narrow,bus,51,10486,518
3,pg,U,narrow,bus,52,11343,518
3,pg,U,narrow,bus,53,10551,518
3,pg,U,narrow,bus,54,10388,518
3,pg,U,narrow,bus,55,10872,518
3,pg,U,narrow,bus,56,11823,518
3,pg,U,narrow,bus,57,10987,518
3,pg,U,narrow,bus,58,11460,518
3,pg,U,narrow,bus,59,11219,518
3,pg,U,narrow,bus,60,12052,518
3,pg,U,narrow,bus,61,10185,518
3,pg,U,narrow,bus,62,10181,518
3,pg,U,narrow,bus,63,10022,518
3,pg,U,narrow,bus,64,10635,518
3,pg,U,narrow,bus,65,10045,518
3,pg,U,narrow,bus,66,10288,518
3,pg,U,narrow,bus,67,10133,518
3,pg,U,narrow,bus,68,10387,518
3,pg,U,narrow,bus,69,10723,518
3,pg,U,narrow,bus,70,10027,518
3,pg,U,narrow,bus,71,10372,518
3,pg,U,narrow,bus,72,10187,518
3,pg,U,narrow,bus,73,10179,518
3,pg,U,narrow,bus,74,9885,518
3,pg,U,narrow,bus,75,10105,518
3,pg,U,narrow,bus,76,11061,518
3,pg,U,narrow,bus,77,11257,518
3,pg,U,narrow,bus,78,11824,518
3,pg,U,narrow,bus,79,10257,518
3,pg,U,narrow,bus,80,9907,518
3,pg,U,narrow,bus,81,9939,518
3,pg,U,narrow,bus,82,9611,518
3,pg,U,narrow,bus,83,9511,518
3,pg,U,narrow,bus,84,9410,518
3,pg,U,narrow,bus,85,9416,518
3,pg,U,narrow,bus,86,11127,518
3,pg,U,narrow,bus,87,9853,518
3,pg,U,narrow,bus,88,9928,518
3,pg,U,narrow,bus,89,11110,518
3,pg,U,narrow,bus,90,10114,518
3,pg,U,narrow,bus,91,11320,518
3,pg,U,narrow,bus,92,9785,518
3,pg,U,narrow,bus,93,9668,518
3,pg,U,narrow,bus,94,10006,518
3,pg,U,narrow,bus,95,9884,518
3,pg,U,narrow,bus,96,9300,518
3,pg,U,narrow,bus,97,9674,518
3,pg,U,narrow,bus,98,10007,518
3,pg,U,narrow,bus,99,10092,518
3,pg,U,narrow,bus,100,9667,518
3,pg,U,narrow,bus,101,9380,518
3,pg,U,narrow,bus,102,9699,518
3,pg,U,narrow,bus,103,10042,518
3,pg,U,narrow,bus,104,9862,518
3,pg,U,narrow,bus,105,10280,518
3,pg,U,narrow,bus,106,10051,518
3,pg,U,narrow,bus,107,9496,518
3,pg,U,narrow,bus,108,9614,518
3,pg,U,narrow,bus,109,9661,518
3,pg,U,narrow,bus,110,9735,518
3,pg,U,narrow,bus,111,10059,518
3,pg,U,narrow,bus,112,9981,518
3,pg,U,narrow,bus,113,9936,518
3,pg,U,narrow,bus,114,10011,518
3,pg,U,narrow,bus,115,10186,518
3,pg,U,narrow,bus,116,9977,518
3,pg,U,narrow,bus,117,10320,518
3,pg,U,narrow,bus,118,10289,518
3,pg,U,narrow,bus,119,9943,518
3,pg,U,narrow,bus,120,10631,518
3,pg,U,narrow,bus,121,9877,518
3,pg,U,narrow,bus,122,9976,518
3,pg,U,narrow,bus,123,9486,518
3,pg,U,narrow,bus,124,11999,518
3,pg,U,narrow,bus,125,9595,518
3,pg,U,narrow,bus,126,10691,518
3,pg,U,narrow,bus,127,9993,518
3,pg,U,narrow,bus,128,9779,518
3,pg,U,narrow,bus,129,11874,518
3,pg,U,narrow,bus,130,10137,518
3,pg,U,narrow,bus,131,9582,518
3,pg,U,narrow,bus,132,9442,518
3,pg,U,narrow,bus,133,9720,518
3,pg,U,narrow,bus,134,10047,518
3,pg,U,narrow,bus,135,9965,518
3,pg,U,narrow,bus,136,9918,518
3,pg,U,narrow,bus,137,9891,518
3,pg,U,narrow,bus,138,9399,518
3,pg,U,narrow,bus,139,9641,518
3,pg,U,narrow,bus,140,9947,518
3,pg,U,narrow,bus,141,9648,518
3,pg,U,narrow,bus,142,9723,518
3,pg,U,narrow,bus,143,9798,518
3,pg,U,narrow,bus,144,11113,518
3,pg,U,narrow,bus,145,11166,518
3,pg,U,narrow,bus,146,11056,518
3,pg,U,narrow,bus,147,10957,518
3,pg,U,narrow,bus,148,11594,518
3,pg,U,narrow,bus,149,9917,518
3,pg,U,narrow,bus,150,11031,518
3,pg,U,narrow,bus,151,10322,518
3,pg,U,narrow,bus,152,11242,518
3,pg,U,narrow,bus,153,9496,518
3,pg,U,narrow,bus,154,9912,518
3,pg,U,narrow,bus,155,10033,518
3,pg,U,narrow,bus,156,11287,518
3,pg,U,narrow,bus,157,11225,518
3,pg,U,narrow,bus,158,9842,518
3,pg,U,narrow,bus,159,9568,518
3,pg,U,narrow,bus,160,9697,518
3,pg,U,narrow,bus,161,9616,518
3,pg,U,narrow,bus,162,9498,518
3,pg,U,narrow,bus,163,9693,518
3,pg,U,narrow,bus,164,9493,518
3,pg,U,narrow,bus,165,9723,518
3,pg,U,narrow,bus,166,9737,518
3,pg,U,narrow,bus,167,9991,518
3,pg,U,narrow,bus,168,9542,518
3,pg,U,narrow,bus,169,10582,518
3,pg,U,narrow,bus,170,11191,518
3,pg,U,narrow,bus,171,11350,518
3,pg,U,narrow,bus,172,9576,518
3,pg,U,narrow,bus,173,10958,518
3,pg,U,narrow,bus,174,9879,518
3,pg,U,narrow,bus,175,10128,518
3,pg,U,narrow,bus,176,9530,518
3,pg,U,narrow,bus,177,10251,518
3,pg,U,narrow,bus,178,9738,518
3,pg,U,narrow,bus,179,9519,518
3,pg,U,narrow,bus,180,11325,518
3,pg,U,narrow,bus,181,11191,518
3,pg,U,narrow,bus,182,9829,518
3,pg,U,narrow,bus,183,9416,518
3,pg,U,narrow,bus,184,9964,518
3,pg,U,narrow,bus,185,11109,518
3,pg,U,narrow,bus,186,10938,518
3,pg,U,narrow,bus,187,11590,518
3,pg,U,narrow,bus,188,11172,518
3,pg,U,narrow,bus,189,9753,518
3,pg,U,narrow,bus,190,9813,518
3,pg,U,narrow,bus,191,9397,518
3,pg,U,narrow,bus,192,9602,518
3,pg,U,narrow,bus,193,9369,518
3,pg,U,narrow,bus,194,9805,518
3,pg,U,narrow,bus,195,9822,518
3,pg,U,narrow,bus,196,9551,518
3,pg,U,narrow,bus,197,9592,518
3,pg,U,narrow,bus,198,9709,518
3,pg,U,narrow,bus,199,10030,518
3,pg,S,medium,bus,0,97734,6217
3,pg,S,medium,bus,1,98179,6217
3,pg,S,medium,bus,2,106004,6217
3,pg,S,medium,bus,3,95981,6217
3,pg,S,medium,bus,4,98049,6217
3,pg,S,medium,bus,5,99005,6217
3,pg,S,medium,bus,6,106967,6217
3,pg,S,medium,bus,7,102905,6217
3,pg,S,medium,bus,8,100489,6217
3,pg,S,medium,bus,9,96473,6217
3,pg,S,medium,bus,10,95974,6217
3,pg,S,medium,bus,11,114431,6217
3,pg,S,medium,bus,12,96146,6217
3,pg,S,medium,bus,13,96070,6217
3,pg,S,medium,bus,14,98391,6217
3,pg,S,medium,bus,15,97591,6217
3,pg,S,medium,bus,16,99706,6217
3,pg,S,medium,bus,17,99456,6217
3,pg,S,medium,bus,18,97758,6217
3,pg,S,medium,bus,19,116591,6217
3,pg,S,medium,bus,20,115436,6217
3,pg,S,medium,bus,21,115350,6217
3,pg,S,medium,bus,22,116899,6217
3,pg,S,medium,bus,23,97796,6217
3,pg,S,medium,bus,24,99033,6217
3,pg,S,medium,bus,25,112102,6217
3,pg,S,medium,bus,26,111857,6217
3,pg,S,medium,bus,27,129782,6217
3,pg,S,medium,bus,28,129126,6217
3,pg,S,medium,bus,29,120970,6217
3,pg,S,medium,bus,30,112786,6217
3,pg,S,medium,bus,31,124397,6217
3,pg,S,medium,bus,32,189750,6217
3,pg,S,medium,bus,33,153130,6217
3,pg,S,medium,bus,34,114010,6217
3,pg,S,medium,bus,35,105953,6217
3,pg,S,medium,bus,36,100516,6217
3,pg,S,medium,bus,37,101102,6217
3,pg,S,medium,bus,38,97330,6217
3,pg,S,medium,bus,39,96767,6217
3,pg,S,medium,bus,40,116851,6217
3,pg,S,medium,bus,41,119464,6217
3,pg,S,medium,bus,42,126729,6217
3,pg,S,medium,bus,43,114461,6217
3,pg,S,medium,bus,44,102547,6217
3,pg,S,medium,bus,45,97084,6217
3,pg,S,medium,bus,46,97528,6217
3,pg,S,medium,bus,47,125342,6217
3,pg,S,medium,bus,48,96999,6217
3,pg,S,medium,bus,49,96234,6217
3,pg,S,medium,bus,50,102181,6217
3,pg,S,medium,bus,51,112895,6217
3,pg,S,medium,bus,52,132383,6217
3,pg,S,medium,bus,53,101661,6217
3,pg,S,medium,bus,54,99286,6217
3,pg,S,medium,bus,55,113798,6217
3,pg,S,medium,bus,56,103382,6217
3,pg,S,medium,bus,57,101379,6217
3,pg,S,medium,bus,58,116809,6217
3,pg,S,medium,bus,59,101204,6217
3,pg,S,medium,bus,60,98208,6217
3,pg,S,medium,bus,61,99116,6217
3,pg,S,medium,bus,62,108997,6217
3,pg,S,medium,bus,63,116933,6217
3,pg,S,medium,bus,64,115150,6217
3,pg,S,medium,bus,65,99250,6217
3,pg,S,medium,bus,66,98130,6217
3,pg,S,medium,bus,67,116284,6217
3,pg,S,medium,bus,68,117809,6217
3,pg,S,medium,bus,69,99024,6217
3,pg,S,medium,bus,70,99871,6217
3,pg,S,medium,bus,71,102034,6217
3,pg,S,medium,bus,72,99763,6217
3,pg,S,medium,bus,73,97864,6217
3,pg,S,medium,bus,74,108745,6217
3,pg,S,medium,bus,75,122970,6217
3,pg,S,medium,bus,76,120999,6217
3,pg,S,medium,bus,77,110971,6217
3,pg,S,medium,bus,78,118762,6217
3,pg,S,medium,bus,79,101196,6217
3,pg,S,medium,bus,80,126097,6217
3,pg,S,medium,bus,81,177390,6217
3,pg,S,medium,bus,82,116498,6217
3,pg,S,medium,bus,83,123373,6217
3,pg,S,medium,bus,84,114920,6217
3,pg,S,medium,bus,85,115409,6217
3,pg,S,medium,bus,86,108971,6217
3,pg,S,medium,bus,87,102565,6217
3,pg,S,medium,bus,88,103773,6217
3,pg,S,medium,bus,89,102550,6217
3,pg,S,medium,bus,90,101174,6217
3,pg,S,medium,bus,91,101739,6217
3,pg,S,medium,bus,92,104388,6217
3,pg,S,medium,bus,93,107753,6217
3,pg,S,medium,bus,94,101885,6217
3,pg,S,medium,bus,95,102901,6217
3,pg,S,medium,bus,96,122393,6217
3,pg,S,medium,bus,97,102522,6217
3,pg,S,medium,bus,98,110781,6217
3,pg,S,medium,bus,99,141340,6217
3,pg,S,medium,bus,100,112993,6217
3,pg,S,medium,bus,101,107533,6217
3,pg,S,medium,bus,102,102523,6217
3,pg,S,medium,bus,103,101396,6217
3,pg,S,medium,bus,104,101625,6217
3,pg,S,medium,bus,105,100505,6217
3,pg,S,medium,bus,106,119563,6217
3,pg,S,medium,bus,107,105879,6217
3,pg,S,medium,bus,108,101006,6217
3,pg,S,medium,bus,109,101635,6217
3,pg,S,medium,bus,110,100218,6217
3,pg,S,medium,bus,111,96886,6217
3,pg,S,medium,bus,112,97672,6217
3,pg,S,medium,bus,113,98600,6217
3,pg,S,medium,bus,114,100379,6217
3,pg,S,medium,bus,115,99941,6217
3,pg,S,medium,bus,116,101384,6217
3,pg,S,medium,bus,117,99639,6217
3,pg,S,medium,bus,118,97224,6217
3,pg,S,medium,bus,119,115783,6217
3,pg,S,medium,bus,120,104191,6217
3,pg,S,medium,bus,121,102133,6217
3,pg,S,medium,bus,122,103892,6217
3,pg,S,medium,bus,123,102121,6217
3,pg,S,medium,bus,124,102695,6217
3,pg,S,medium,bus,125,117090,6217
3,pg,S,medium,bus,126,108194,6217
3,pg,S,medium,bus,127,112578,6217
3,pg,S,medium,bus,128,115594,6217
3,pg,S,medium,bus,129,106616,6217
3,pg,S,medium,bus,130,101751,6217
3,pg,S,medium,bus,131,101927,6217
3,pg,S,medium,bus,132,101412,6217
3,pg,S,medium,bus,133,128725,6217
3,pg,S,medium,bus,134,109329,6217
3,pg,S,medium,bus,135,107542,6217
3,pg,S,medium,bus,136,108585,6217
3,pg,S,medium,bus,137,102737,6217
3,pg,S,medium,bus,138,102081,6217
3,pg,S,medium,bus,139,103678,6217
3,pg,S,medium,bus,140,129018,6217
3,pg,S,medium,bus,141,116951,6217
3,pg,S,medium,bus,142,100128,6217
3,pg,S,medium,bus,143,99601,6217
3,pg,S,medium,bus,144,98870,6217
3,pg,S,medium,bus,145,98639,6217
3,pg,S,medium,bus,146,119331,6217
3,pg,S,medium,bus,147,115678,6217
3,pg,S,medium,bus,148,116865,6217
3,pg,S,medium,bus,149,100543,6217
3,pg,S,medium,bus,150,116425,6217
3,pg,S,medium,bus,151,98710,6217
3,pg,S,medium,bus,152,100674,6217
3,pg,S,medium,bus,153,98975,6217
3,pg,S,medium,bus,154,98119,6217
3,pg,S,medium,bus,155,99004,6217
3,pg,S,medium,bus,156,99109,6217
3,pg,S,medium,bus,157,99308,6217
3,pg,S,medium,bus,158,124521,6217
3,pg,S,medium,bus,159,117627,6217
3,pg,S,medium,bus,160,116180,6217
3,pg,S,medium,bus,161,99378,6217
3,pg,S,medium,bus,162,96518,6217
3,pg,S,medium,bus,163,98195,6217
3,pg,S,medium,bus,164,117992,6217
3,pg,S,medium,bus,165,97924,6217
3,pg,S,medium,bus,166,96381,6217
3,pg,S,medium,bus,167,98399,6217
3,pg,S,medium,bus,168,96635,6217
3,pg,S,medium,bus,169,117184,6217
3,pg,S,medium,bus,170,100062,6217
3,pg,S,medium,bus,171,98330,6217
3,pg,S,medium,bus,172,100143,6217
3,pg,S,medium,bus,173,102199,6217
3,pg,S,medium,bus,174,98385,6217
3,pg,S,medium,bus,175,99019,6217
3,pg,S,medium,bus,176,115405,6217
3,pg,S,medium,bus,177,109832,6217
3,pg,S,medium,bus,178,114867,6217
3,pg,S,medium,bus,179,110638,6217
3,pg,S,medium,bus,180,113965,6217
3,pg,S,medium,bus,181,109668,6217
3,pg,S,medium,bus,182,102576,6217
3,pg,S,medium,bus,183,125024,6217
3,pg,S,medium,bus,184,121329,6217
3,pg,S,medium,bus,185,116486,6217
3,pg,S,medium,bus,186,151834,6217
3,pg,S,medium,bus,187,139712,6217
3,pg,S,medium,bus,188,102889,6217
3,pg,S,medium,bus,189,100073,6217
3,pg,S,medium,bus,190,100080,6217
3,pg,S,medium,bus,191,101831,6217
3,pg,S,medium,bus,192,119523,6217
3,pg,S,medium,bus,193,118713,6217
3,pg,S,medium,bus,194,98047,6217
3,pg,S,medium,bus,195,98648,6217
3,pg,S,medium,bus,196,102912,6217
3,pg,S,medium,bus,197,98914,6217
3,pg,S,medium,bus,198,101375,6217
3,pg,S,medium,bus,199,99490,6217
3,pg,S,narrow,bus,0,11484,518
3,pg,S,narrow,bus,1,10941,518
3,pg,S,narrow,bus,2,9780,518
3,pg,S,narrow,bus,3,9526,518
3,pg,S,narrow,bus,4,9785,518
3,pg,S,narrow,bus,5,9347,518
3,pg,S,narrow,bus,6,8898,518
3,pg,S,narrow,bus,7,8802,518
3,pg,S,narrow,bus,8,9576,518
3,pg,S,narrow,bus,9,9231,518
3,pg,S,narrow,bus,10,9985,518
3,pg,S,narrow,bus,11,10142,518
3,pg,S,narrow,bus,12,9446,518
3,pg,S,narrow,bus,13,10848,518
3,pg,S,narrow,bus,14,9242,518
3,pg,S,narrow,bus,15,9659,518
3,pg,S,narrow,bus,16,11034,518
3,pg,S,narrow,bus,17,10431,518
3,pg,S,narrow,bus,18,9414,518
3,pg,S,narrow,bus,19,10665,518
3,pg,S,narrow,bus,20,10883,518
3,pg,S,narrow,bus,21,10923,518
3,pg,S,narrow,bus,22,9323,518
3,pg,S,narrow,bus,23,9215,518
3,pg,S,narrow,bus,24,9597,518
3,pg,S,narrow,bus,25,9100,518
3,pg,S,narrow,bus,26,9154,518
3,pg,S,narrow,bus,27,10650,518
3,pg,S,narrow,bus,28,9205,518
3,pg,S,narrow,bus,29,10619,518
3,pg,S,narrow,bus,30,10339,518
3,pg,S,narrow,bus,31,10775,518
3,pg,S,narrow,bus,32,10871,518
3,pg,S,narrow,bus,33,9185,518
3,pg,S,narrow,bus,34,9080,518
3,pg,S,narrow,bus,35,9615,518
3,pg,S,narrow,bus,36,9672,518
3,pg,S,narrow,bus,37,9018,518
3,pg,S,narrow,bus,38,9609,518
3,pg,S,narrow,bus,39,9272,518
3,pg,S,narrow,bus,40,10583,518
3,pg,S,narrow,bus,41,9220,518
3,pg,S,narrow,bus,42,9029,518
3,pg,S,narrow,bus,43,8944,518
3,pg,S,narrow,bus,44,9898,518
3,pg,S,narrow,bus,45,9247,518
3,pg,S,narrow,bus,46,9353,518
3,pg,S,narrow,bus,47,9462,518
3,pg,S,narrow,bus,48,9092,518
3,pg,S,narrow,bus,49,8854,518
3,pg,S,narrow,bus,50,9133,518
3,pg,S,narrow,bus,51,9249,518
3,pg,S,narrow,bus,52,11217,518
3,pg,S,narrow,bus,53,11232,518
3,pg,S,narrow,bus,54,10926,518
3,pg,S,narrow,bus,55,9087,518
3,pg,S,narrow,bus,56,9406,518
3,pg,S,narrow,bus,57,9331,518
3,pg,S,narrow,bus,58,9547,518
3,pg,S,narrow,bus,59,9535,518
3,pg,S,narrow,bus,60,10629,518
3,pg,S,narrow,bus,61,10930,518
3,pg,S,narrow,bus,62,9425,518
3,pg,S,narrow,bus,63,9165,518
3,pg,S,narrow,bus,64,9758,518
3,pg,S,narrow,bus,65,9431,518
3,pg,S,narrow,bus,66,9771,518
3,pg,S,narrow,bus,67,8889,518
3,pg,S,narrow,bus,68,9339,518
3,pg,S,narrow,bus,69,9652,518
3,pg,S,narrow,bus,70,9647,518
3,pg,S,narrow,bus,71,9105,518
3,pg,S,narrow,bus,72,9158,518
3,pg,S,narrow,bus,73,8871,518
3,pg,S,narrow,bus,74,8844,518
3,pg,S,narrow,bus,75,9353,518
3,pg,S,narrow,bus,76,8909,518
3,pg,S,narrow,bus,77,9425,518
3,pg,S,narrow,bus,78,9702,518
3,pg,S,narrow,bus,79,9171,518
3,pg,S,narrow,bus,80,9597,518
3,pg,S,narrow,bus,81,9552,518
3,pg,S,narrow,bus,82,9323,518
3,pg,S,narrow,bus,83,8941,518
3,pg,S,narrow,bus,84,9428,518
3,pg,S,narrow,bus,85,10476,518
3,pg,S,narrow,bus,86,11022,518
3,pg,S,narrow,bus,87,9478,518
3,pg,S,narrow,bus,88,9870,518
3,pg,S,narrow,bus,89,9494,518
3,pg,S,narrow,bus,90,11107,518
3,pg,S,narrow,bus,91,9457,518
3,pg,S,narrow,bus,92,9480,518
3,pg,S,narrow,bus,93,10907,518
3,pg,S,narrow,bus,94,10447,518
3,pg,S,narrow,bus,95,11017,518
3,pg,S,narrow,bus,96,10748,518
3,pg,S,narrow,bus,97,9982,518
3,pg,S,narrow,bus,98,10271,518
3,pg,S,narrow,bus,99,9683,518
3,pg,S,narrow,bus,100,9203,518
3,pg,S,narrow,bus,101,10604,518
3,pg,S,narrow,bus,102,10901,518
3,pg,S,narrow,bus,103,10120,518
3,pg,S,narrow,bus,104,10465,518
3,pg,S,narrow,bus,105,9694,518
3,pg,S,narrow,bus,106,9084,518
3,pg,S,narrow,bus,107,9002,518
3,pg,S,narrow,bus,108,9609,518
3,pg,S,narrow,bus,109,9146,518
3,pg,S,narrow,bus,110,10854,518
3,pg,S,narrow,bus,111,9314,518
3,pg,S,narrow,bus,112,9442,518
3,pg,S,narrow,bus,113,11964,518
3,pg,S,narrow,bus,114,11859,518
3,pg,S,narrow,bus,115,11102,518
3,pg,S,narrow,bus,116,9336,518
3,pg,S,narrow,bus,117,9216,518
3,pg,S,narrow,bus,118,9257,518
3,pg,S,narrow,bus,119,9472,518
3,pg,S,narrow,bus,120,11001,518
3,pg,S,narrow,bus,121,10786,518
3,pg,S,narrow,bus,122,9280,518
3,pg,S,narrow,bus,123,9336,518
3,pg,S,narrow,bus,124,9401,518
3,pg,S,narrow,bus,125,9173,518
3,pg,S,narrow,bus,126,9814,518
3,pg,S,narrow,bus,127,9158,518
3,pg,S,narrow,bus,128,8788,518
3,pg,S,narrow,bus,129,9353,518
3,pg,S,narrow,bus,130,9384,518
3,pg,S,narrow,bus,131,9344,518
3,pg,S,narrow,bus,132,9297,518
3,pg,S,narrow,bus,133,9567,518
3,pg,S,narrow,bus,134,9475,518
3,pg,S,narrow,bus,135,11100,518
3,pg,S,narrow,bus,136,9396,518
3,pg,S,narrow,bus,137,9242,518
3,pg,S,narrow,bus,138,9049,518
3,pg,S,narrow,bus,139,9043,518
3,pg,S,narrow,bus,140,9652,518
3,pg,S,narrow,bus,141,9390,518
3,pg,S,narrow,bus,142,9655,518
3,pg,S,narrow,bus,143,8960,518
3,pg,S,narrow,bus,144,8994,518
3,pg,S,narrow,bus,145,9200,518
3,pg,S,narrow,bus,146,9771,518
3,pg,S,narrow,bus,147,9083,518
3,pg,S,narrow,bus,148,9112,518
3,pg,S,narrow,bus,149,10901,518
3,pg,S,narrow,bus,150,9551,518
3,pg,S,narrow,bus,151,9772,518
3,pg,S,narrow,bus,152,10635,518
3,pg,S,narrow,bus,153,9160,518
3,pg,S,narrow,bus,154,9591,518
3,pg,S,narrow,bus,155,8800,518
3,pg,S,narrow,bus,156,9281,518
3,pg,S,narrow,bus,157,9783,518
3,pg,S,narrow,bus,158,9059,518
3,pg,S,narrow,bus,159,9417,518
3,pg,S,narrow,bus,160,9762,518
3,pg,S,narrow,bus,161,8879,518
3,pg,S,narrow,bus,162,9598,518
3,pg,S,narrow,bus,163,9207,518
3,pg,S,narrow,bus,164,9246,518
3,pg,S,narrow,bus,165,9365,518
3,pg,S,narrow,bus,166,8906,518
3,pg,S,narrow,bus,167,9439,518
3,pg,S,narrow,bus,168,9283,518
3,pg,S,narrow,bus,169,9158,518
3,pg,S,narrow,bus,170,9674,518
3,pg,S,narrow,bus,171,10157,518
3,pg,S,narrow,bus,172,10445,518
3,pg,S,narrow,bus,173,10179,518
3,pg,S,narrow,bus,174,11945,518
3,pg,S,narrow,bus,175,9700,518
3,pg,S,narrow,bus,176,9426,518
3,pg,S,narrow,bus,177,9474,518
3,pg,S,narrow,bus,178,9434,518
3,pg,S,narrow,bus,179,9260,518
3,pg,S,narrow,bus,180,9206,518
3,pg,S,narrow,bus,181,9362,518
3,pg,S,narrow,bus,182,9177,518
3,pg,S,narrow,bus,183,9320,518
3,pg,S,narrow,bus,184,10667,518
3,pg,S,narrow,bus,185,10624,518
3,pg,S,narrow,bus,186,9319,518
3,pg,S,narrow,bus,187,9592,518
3,pg,S,narrow,bus,188,9380,518
3,pg,S,narrow,bus,189,9280,518
3,pg,S,narrow,bus,190,9825,518
3,pg,S,narrow,bus,191,9393,518
3,pg,S,narrow,bus,192,9306,518
3,pg,S,narrow,bus,193,9103,518
3,pg,S,narrow,bus,194,8845,518
3,pg,S,narrow,bus,195,9158,518
3,pg,S,narrow,bus,196,9209,518
3,pg,S,narrow,bus,197,9425,518
3,pg,S,narrow,bus,198,9197,518
3,pg,S,narrow,bus,199,9171,518
3,pg,U,medium,bus,0,259217,6217
3,pg,U,medium,bus,1,118380,6217
3,pg,U,medium,bus,2,112157,6217
3,pg,U,medium,bus,3,110837,6217
3,pg,U,medium,bus,4,130965,6217
3,pg,U,medium,bus,5,128475,6217
3,pg,U,medium,bus,6,113604,6217
3,pg,U,medium,bus,7,124796,6217
3,pg,U,medium,bus,8,112101,6217
3,pg,U,medium,bus,9,106469,6217
3,pg,U,medium,bus,10,112114,6217
3,pg,U,medium,bus,11,119601,6217
3,pg,U,medium,bus,12,116547,6217
3,pg,U,medium,bus,13,101303,6217
3,pg,U,medium,bus,14,128722,6217
3,pg,U,medium,bus,15,123458,6217
3,pg,U,medium,bus,16,116294,6217
3,pg,U,medium,bus,17,117706,6217
3,pg,U,medium,bus,18,113188,6217
3,pg,U,medium,bus,19,106391,6217
3,pg,U,medium,bus,20,105006,6217
3,pg,U,medium,bus,21,105022,6217
3,pg,U,medium,bus,22,102381,6217
3,pg,U,medium,bus,23,103968,6217
3,pg,U,medium,bus,24,101887,6217
3,pg,U,medium,bus,25,122650,6217
3,pg,U,medium,bus,26,126483,6217
3,pg,U,medium,bus,27,102020,6217
3,pg,U,medium,bus,28,105566,6217
3,pg,U,medium,bus,29,102056,6217
3,pg,U,medium,bus,30,117994,6217
3,pg,U,medium,bus,31,118675,6217
3,pg,U,medium,bus,32,103127,6217
3,pg,U,medium,bus,33,107596,6217
3,pg,U,medium,bus,34,102177,6217
3,pg,U,medium,bus,35,102922,6217
3,pg,U,medium,bus,36,118086,6217
3,pg,U,medium,bus,37,101328,6217
3,pg,U,medium,bus,38,101393,6217
3,pg,U,medium,bus,39,101630,6217
3,pg,U,medium,bus,40,102268,6217
3,pg,U,medium,bus,41,118052,6217
3,pg,U,medium,bus,42,101292,6217
3,pg,U,medium,bus,43,102041,6217
3,pg,U,medium,bus,44,118631,6217
3,pg,U,medium,bus,45,101044,6217
3,pg,U,medium,bus,46,101029,6217
3,pg,U,medium,bus,47,101003,6217
3,pg,U,medium,bus,48,100570,6217
3,pg,U,medium,bus,49,101493,6217
3,pg,U,medium,bus,50,101606,6217
3,pg,U,medium,bus,51,100846,6217
3,pg,U,medium,bus,52,126019,6217
3,pg,U,medium,bus,53,118425,6217
3,pg,U,medium,bus,54,102507,6217
3,pg,U,medium,bus,55,101085,6217
3,pg,U,medium,bus,56,103249,6217
3,pg,U,medium,bus,57,107459,6217
3,pg,U,medium,bus,58,108849,6217
3,pg,U,medium,bus,59,106355,6217
3,pg,U,medium,bus,60,122246,6217
3,pg,U,medium,bus,61,101383,6217
3,pg,U,medium,bus,62,117869,6217
3,pg,U,medium,bus,63,101670,6217
3,pg,U,medium,bus,64,126037,6217
3,pg,U,medium,bus,65,132593,6217
3,pg,U,medium,bus,66,109798,6217
3,pg,U,medium,bus,67,106901,6217
3,pg,U,medium,bus,68,103764,6217
3,pg,U,medium,bus,69,106652,6217
3,pg,U,medium,bus,70,119452,6217
3,pg,U,medium,bus,71,107903,6217
3,pg,U,medium,bus,72,104133,6217
3,pg,U,medium,bus,73,102200,6217
3,pg,U,medium,bus,74,119205,6217
3,pg,U,medium,bus,75,101764,6217
3,pg,U,medium,bus,76,102550,6217
3,pg,U,medium,bus,77,100949,6217
3,pg,U,medium,bus,78,100664,6217
3,pg,U,medium,bus,79,100946,6217
3,pg,U,medium,bus,80,101759,6217
3,pg,U,medium,bus,81,118253,6217
3,pg,U,medium,bus,82,106213,6217
3,pg,U,medium,bus,83,101737,6217
3,pg,U,medium,bus,84,117886,6217
3,pg,U,medium,bus,85,118831,6217
3,pg,U,medium,bus,86,101079,6217
3,pg,U,medium,bus,87,101587,6217
3,pg,U,medium,bus,88,117782,6217
3,pg,U,medium,bus,89,103610,6217
3,pg,U,medium,bus,90,126351,6217
3,pg,U,medium,bus,91,103806,6217
3,pg,U,medium,bus,92,100961,6217
3,pg,U,medium,bus,93,101926,6217
3,pg,U,medium,bus,94,102505,6217
3,pg,U,medium,bus,95,101310,6217
3,pg,U,medium,bus,96,118173,6217
3,pg,U,medium,bus,97,118964,6217
3,pg,U,medium,bus,98,118769,6217
3,pg,U,medium,bus,99,118506,6217
3,pg,U,medium,bus,100,102763,6217
3,pg,U,medium,bus,101,118023,6217
3,pg,U,medium,bus,102,101325,6217
3,pg,U,medium,bus,103,101368,6217
3,pg,U,medium,bus,104,109638,6217
3,pg,U,medium,bus,105,132744,6217
3,pg,U,medium,bus,106,133604,6217
3,pg,U,medium,bus,107,126015,6217
3,pg,U,medium,bus,108,142770,6217
3,pg,U,medium,bus,109,102109,6217
3,pg,U,medium,bus,110,117899,6217
3,pg,U,medium,bus,111,117326,6217
3,pg,U,medium,bus,112,101567,6217
3,pg,U,medium,bus,113,117718,6217
3,pg,U,medium,bus,114,110543,6217
3,pg,U,medium,bus,115,111463,6217
3,pg,U,medium,bus,116,130176,6217
3,pg,U,medium,bus,117,102830,6217
3,pg,U,medium,bus,118,100991,6217
3,pg,U,medium,bus,119,102011,6217
3,pg,U,medium,bus,120,100793,6217
3,pg,U,medium,bus,121,100878,6217
3,pg,U,medium,bus,122,101807,6217
3,pg,U,medium,bus,123,101491,6217
3,pg,U,medium,bus,124,101149,6217
3,pg,U,medium,bus,125,99410,6217
3,pg,U,medium,bus,126,101934,6217
3,pg,U,medium,bus,127,105248,6217
3,pg,U,medium,bus,128,118793,6217
3,pg,U,medium,bus,129,117897,6217
3,pg,U,medium,bus,130,100365,6217
3,pg,U,medium,bus,131,102160,6217
3,pg,U,medium,bus,132,99815,6217
3,pg,U,medium,bus,133,101183,6217
3,pg,U,medium,bus,134,100521,6217
3,pg,U,medium,bus,135,118018,6217
3,pg,U,medium,bus,136,121453,6217
3,pg,U,medium,bus,137,118139,6217
3,pg,U,medium,bus,138,101696,6217
3,pg,U,medium,bus,139,100610,6217
3,pg,U,medium,bus,140,101458,6217
3,pg,U,medium,bus,141,100506,6217
3,pg,U,medium,bus,142,101300,6217
3,pg,U,medium,bus,143,117648,6217
3,pg,U,medium,bus,144,102076,6217
3,pg,U,medium,bus,145,100969,6217
3,pg,U,medium,bus,146,109254,6217
3,pg,U,medium,bus,147,121266,6217
3,pg,U,medium,bus,148,101787,6217
3,pg,U,medium,bus,149,100587,6217
3,pg,U,medium,bus,150,101296,6217
3,pg,U,medium,bus,151,102698,6217
3,pg,U,medium,bus,152,101026,6217
3,pg,U,medium,bus,153,101445,6217
3,pg,U,medium,bus,154,119218,6217
3,pg,U,medium,bus,155,131082,6217
3,pg,U,medium,bus,156,126694,6217
3,pg,U,medium,bus,157,129139,6217
3,pg,U,medium,bus,158,101258,6217
3,pg,U,medium,bus,159,101948,6217
3,pg,U,medium,bus,160,101192,6217
3,pg,U,medium,bus,161,100743,6217
3,pg,U,medium,bus,162,117753,6217
3,pg,U,medium,bus,163,102835,6217
3,pg,U,medium,bus,164,112139,6217
3,pg,U,medium,bus,165,114577,6217
3,pg,U,medium,bus,166,108658,6217
3,pg,U,medium,bus,167,108391,6217
3,pg,U,medium,bus,168,102323,6217
3,pg,U,medium,bus,169,118487,6217
3,pg,U,medium,bus,170,117680,6217
3,pg,U,medium,bus,171,100850,6217
3,pg,U,medium,bus,172,101726,6217
3,pg,U,medium,bus,173,101313,6217
3,pg,U,medium,bus,174,100310,6217
3,pg,U,medium,bus,175,100651,6217
3,pg,U,medium,bus,176,100374,6217
3,pg,U,medium,bus,177,100517,6217
3,pg,U,medium,bus,178,103538,6217
3,pg,U,medium,bus,179,102730,6217
3,pg,U,medium,bus,180,118398,6217
3,pg,U,medium,bus,181,103108,6217
3,pg,U,medium,bus,182,101830,6217
3,pg,U,medium,bus,183,102303,6217
3,pg,U,medium,bus,184,102352,6217
3,pg,U,medium,bus,185,109443,6217
3,pg,U,medium,bus,186,101368,6217
3,pg,U,medium,bus,187,124549,6217
3,pg,U,medium,bus,188,107470,6217
3,pg,U,medium,bus,189,103765,6217
3,pg,U,medium,bus,190,102428,6217
3,pg,U,medium,bus,191,102439,6217
3,pg,U,medium,bus,192,102389,6217
3,pg,U,medium,bus,193,100836,6217
3,pg,U,medium,bus,194,100057,6217
3,pg,U,medium,bus,195,118257,6217
3,pg,U,medium,bus,196,125723,6217
3,pg,U,medium,bus,197,101136,6217
3,pg,U,medium,bus,198,106513,6217
3,pg,U,medium,bus,199,101309,6217
3,mongo,S,narrow,bike,0,7065,166
3,mongo,S,narrow,bike,1,4260,166
3,mongo,S,narrow,bike,2,4650,166
3,mongo,S,narrow,bike,3,4259,166
3,mongo,S,narrow,bike,4,5161,166
3,mongo,S,narrow,bike,5,4387,166
3,mongo,S,narrow,bike,6,3858,166
3,mongo,S,narrow,bike,7,3819,166
3,mongo,S,narrow,bike,8,3944,166
3,mongo,S,narrow,bike,9,3323,166
3,mongo,S,narrow,bike,10,4714,166
3,mongo,S,narrow,bike,11,3993,166
3,mongo,S,narrow,bike,12,3618,166
3,mongo,S,narrow,bike,13,3400,166
3,mongo,S,narrow,bike,14,3771,166
3,mongo,S,narrow,bike,15,4447,166
3,mongo,S,narrow,bike,16,4166,166
3,mongo,S,narrow,bike,17,4747,166
3,mongo,S,narrow,bike,18,6104,166
3,mongo,S,narrow,bike,19,4141,166
3,mongo,S,narrow,bike,20,3885,166
3,mongo,S,narrow,bike,21,3139,166
3,mongo,S,narrow,bike,22,4005,166
3,mongo,S,narrow,bike,23,3777,166
3,mongo,S,narrow,bike,24,4368,166
3,mongo,S,narrow,bike,25,5085,166
3,mongo,S,narrow,bike,26,4302,166
3,mongo,S,narrow,bike,27,4363,166
3,mongo,S,narrow,bike,28,4691,166
3,mongo,S,narrow,bike,29,3831,166
3,mongo,S,narrow,bike,30,4076,166
3,mongo,S,narrow,bike,31,4220,166
3,mongo,S,narrow,bike,32,3692,166
3,mongo,S,narrow,bike,33,4169,166
3,mongo,S,narrow,bike,34,3694,166
3,mongo,S,narrow,bike,35,4484,166
3,mongo,S,narrow,bike,36,3875,166
3,mongo,S,narrow,bike,37,4370,166
3,mongo,S,narrow,bike,38,4879,166
3,mongo,S,narrow,bike,39,3641,166
3,mongo,S,narrow,bike,40,4309,166
3,mongo,S,narrow,bike,41,4034,166
3,mongo,S,narrow,bike,42,3810,166
3,mongo,S,narrow,bike,43,3927,166
3,mongo,S,narrow,bike,44,4505,166
3,mongo,S,narrow,bike,45,3969,166
3,mongo,S,narrow,bike,46,4383,166
3,mongo,S,narrow,bike,47,8076,166
3,mongo,S,narrow,bike,48,4574,166
3,mongo,S,narrow,bike,49,4258,166
3,mongo,S,narrow,bike,50,4149,166
3,mongo,S,narrow,bike,51,3849,166
3,mongo,S,narrow,bike,52,4707,166
3,mongo,S,narrow,bike,53,4289,166
3,mongo,S,narrow,bike,54,3973,166
3,mongo,S,narrow,bike,55,3684,166
3,mongo,S,narrow,bike,56,5168,166
3,mongo,S,narrow,bike,57,7115,166
3,mongo,S,narrow,bike,58,6485,166
3,mongo,S,narrow,bike,59,7962,166
3,mongo,S,narrow,bike,60,9116,166
3,mongo,S,narrow,bike,61,5407,166
3,mongo,S,narrow,bike,62,3992,166
3,mongo,S,narrow,bike,63,4250,166
3,mongo,S,narrow,bike,64,3479,166
3,mongo,S,narrow,bike,65,4493,166
3,mongo,S,narrow,bike,66,4545,166
3,mongo,S,narrow,bike,67,5188,166
3,mongo,S,narrow,bike,68,4549,166
3,mongo,S,narrow,bike,69,4558,166
3,mongo,S,narrow,bike,70,4760,166
3,mongo,S,narrow,bike,71,4300,166
3,mongo,S,narrow,bike,72,4073,166
3,mongo,S,narrow,bike,73,3622,166
3,mongo,S,narrow,bike,74,4459,166
3,mongo,S,narrow,bike,75,4141,166
3,mongo,S,narrow,bike,76,3995,166
3,mongo,S,narrow,bike,77,3648,166
3,mongo,S,narrow,bike,78,4377,166
3,mongo,S,narrow,bike,79,5854,166
3,mongo,S,narrow,bike,80,4340,166
3,mongo,S,narrow,bike,81,4228,166
3,mongo,S,narrow,bike,82,4165,166
3,mongo,S,narrow,bike,83,3911,166
3,mongo,S,narrow,bike,84,4084,166
3,mongo,S,narrow,bike,85,5132,166
3,mongo,S,narrow,bike,86,3555,166
3,mongo,S,narrow,bike,87,4033,166
3,mongo,S,narrow,bike,88,4899,166
3,mongo,S,narrow,bike,89,3947,166
3,mongo,S,narrow,bike,90,5076,166
3,mongo,S,narrow,bike,91,4122,166
3,mongo,S,narrow,bike,92,4857,166
3,mongo,S,narrow,bike,93,4318,166
3,mongo,S,narrow,bike,94,4313,166
3,mongo,S,narrow,bike,95,4445,166
3,mongo,S,narrow,bike,96,4284,166
3,mongo,S,narrow,bike,97,4307,166
3,mongo,S,narrow,bike,98,4794,166
3,mongo,S,narrow,bike,99,5081,166
3,mongo,S,narrow,bike,100,6186,166
3,mongo,S,narrow,bike,101,6301,166
3,mongo,S,narrow,bike,102,5220,166
3,mongo,S,narrow,bike,103,4942,166
3,mongo,S,narrow,bike,104,7634,166
3,mongo,S,narrow,bike,105,7625,166
3,mongo,S,narrow,bike,106,5887,166
3,mongo,S,narrow,bike,107,4176,166
3,mongo,S,narrow,bike,108,4449,166
3,mongo,S,narrow,bike,109,4751,166
3,mongo,S,narrow,bike,110,3922,166
3,mongo,S,narrow,bike,111,3659,166
3,mongo,S,narrow,bike,112,5021,166
3,mongo,S,narrow,bike,113,4516,166
3,mongo,S,narrow,bike,114,4346,166
3,mongo,S,narrow,bike,115,5635,166
3,mongo,S,narrow,bike,116,5756,166
3,mongo,S,narrow,bike,117,4893,166
3,mongo,S,narrow,bike,118,4423,166
3,mongo,S,narrow,bike,119,6066,166
3,mongo,S,narrow,bike,120,5042,166
3,mongo,S,narrow,bike,121,5321,166
3,mongo,S,narrow,bike,122,6012,166
3,mongo,S,narrow,bike,123,5323,166
3,mongo,S,narrow,bike,124,4696,166
3,mongo,S,narrow,bike,125,4721,166
3,mongo,S,narrow,bike,126,5710,166
3,mongo,S,narrow,bike,127,4666,166
3,mongo,S,narrow,bike,128,4377,166
3,mongo,S,narrow,bike,129,4855,166
3,mongo,S,narrow,bike,130,5050,166
3,mongo,S,narrow,bike,131,4500,166
3,mongo,S,narrow,bike,132,4504,166
3,mongo,S,narrow,bike,133,4509,166
3,mongo,S,narrow,bike,134,5019,166
3,mongo,S,narrow,bike,135,4847,166
3,mongo,S,narrow,bike,136,4614,166
3,mongo,S,narrow,bike,137,4725,166
3,mongo,S,narrow,bike,138,4807,166
3,mongo,S,narrow,bike,139,4040,166
3,mongo,S,narrow,bike,140,4451,166
3,mongo,S,narrow,bike,141,4470,166
3,mongo,S,narrow,bike,142,4093,166
3,mongo,S,narrow,bike,143,5297,166
3,mongo,S,narrow,bike,144,4904,166
3,mongo,S,narrow,bike,145,4555,166
3,mongo,S,narrow,bike,146,4855,166
3,mongo,S,narrow,bike,147,5094,166
3,mongo,S,narrow,bike,148,4751,166
3,mongo,S,narrow,bike,149,5067,166
3,mongo,S,narrow,bike,150,5837,166
3,mongo,S,narrow,bike,151,5371,166
3,mongo,S,narrow,bike,152,4689,166
3,mongo,S,narrow,bike,153,5321,166
3,mongo,S,narrow,bike,154,5377,166
3,mongo,S,narrow,bike,155,4437,166
3,mongo,S,narrow,bike,156,5015,166
3,mongo,S,narrow,bike,157,5378,166
3,mongo,S,narrow,bike,158,5380,166
3,mongo,S,narrow,bike,159,4886,166
3,mongo,S,narrow,bike,160,4380,166
3,mongo,S,narrow,bike,161,4886,166
3,mongo,S,narrow,bike,162,4682,166
3,mongo,S,narrow,bike,163,4694,166
3,mongo,S,narrow,bike,164,4931,166
3,mongo,S,narrow,bike,165,5301,166
3,mongo,S,narrow,bike,166,5019,166
3,mongo,S,narrow,bike,167,5369,166
3,mongo,S,narrow,bike,168,5120,166
3,mongo,S,narrow,bike,169,5603,166
3,mongo,S,narrow,bike,170,4624,166
3,mongo,S,narrow,bike,171,4531,166
3,mongo,S,narrow,bike,172,4864,166
3,mongo,S,narrow,bike,173,4851,166
3,mongo,S,narrow,bike,174,4619,166
3,mongo,S,narrow,bike,175,5040,166
3,mongo,S,narrow,bike,176,4904,166
3,mongo,S,narrow,bike,177,4465,166
3,mongo,S,narrow,bike,178,5294,166
3,mongo,S,narrow,bike,179,5544,166
3,mongo,S,narrow,bike,180,5357,166
3,mongo,S,narrow,bike,181,4840,166
3,mongo,S,narrow,bike,182,5154,166
3,mongo,S,narrow,bike,183,5357,166
3,mongo,S,narrow,bike,184,4766,166
3,mongo,S,narrow,bike,185,4458,166
3,mongo,S,narrow,bike,186,4693,166
3,mongo,S,narrow,bike,187,4918,166
3,mongo,S,narrow,bike,188,4874,166
3,mongo,S,narrow,bike,189,5256,166
3,mongo,S,narrow,bike,190,6621,166
3,mongo,S,narrow,bike,191,5231,166
3,mongo,S,narrow,bike,192,4917,166
3,mongo,S,narrow,bike,193,7455,166
3,mongo,S,narrow,bike,194,8032,166
3,mongo,S,narrow,bike,195,5203,166
3,mongo,S,narrow,bike,196,4692,166
3,mongo,S,narrow,bike,197,4959,166
3,mongo,S,narrow,bike,198,5107,166
3,mongo,S,narrow,bike,199,4273,166
3,pg,U,wide,both,0,243435,13842
3,pg,U,wide,both,1,231251,13842
3,pg,U,wide,both,2,255947,13842
3,pg,U,wide,both,3,333220,13842
3,pg,U,wide,both,4,327307,13842
3,pg,U,wide,both,5,325824,13842
3,pg,U,wide,both,6,299511,13842
3,pg,U,wide,both,7,254110,13842
3,pg,U,wide,both,8,242859,13842
3,pg,U,wide,both,9,239895,13842
3,pg,U,wide,both,10,249656,13842
3,pg,U,wide,both,11,246967,13842
3,pg,U,wide,both,12,239059,13842
3,pg,U,wide,both,13,246015,13842
3,pg,U,wide,both,14,242893,13842
3,pg,U,wide,both,15,234125,13842
3,pg,U,wide,both,16,283549,13842
3,pg,U,wide,both,17,235008,13842
3,pg,U,wide,both,18,231578,13842
3,pg,U,wide,both,19,255088,13842
3,pg,U,wide,both,20,256305,13842
3,pg,U,wide,both,21,234922,13842
3,pg,U,wide,both,22,235084,13842
3,pg,U,wide,both,23,256972,13842
3,pg,U,wide,both,24,361374,13842
3,pg,U,wide,both,25,255116,13842
3,pg,U,wide,both,26,258596,13842
3,pg,U,wide,both,27,272152,13842
3,pg,U,wide,both,28,251731,13842
3,pg,U,wide,both,29,266060,13842
3,pg,U,wide,both,30,256347,13842
3,pg,U,wide,both,31,256543,13842
3,pg,U,wide,both,32,256400,13842
3,pg,U,wide,both,33,248334,13842
3,pg,U,wide,both,34,259359,13842
3,pg,U,wide,both,35,272836,13842
3,pg,U,wide,both,36,256641,13842
3,pg,U,wide,both,37,272259,13842
3,pg,U,wide,both,38,273592,13842
3,pg,U,wide,both,39,300078,13842
3,pg,U,wide,both,40,259794,13842
3,pg,U,wide,both,41,288474,13842
3,pg,U,wide,both,42,266737,13842
3,pg,U,wide,both,43,276596,13842
3,pg,U,wide,both,44,268239,13842
3,pg,U,wide,both,45,281813,13842
3,pg,U,wide,both,46,244734,13842
3,pg,U,wide,both,47,237671,13842
3,pg,U,wide,both,48,237869,13842
3,pg,U,wide,both,49,231965,13842
3,pg,U,wide,both,50,237831,13842
3,pg,U,wide,both,51,228781,13842
3,pg,U,wide,both,52,240551,13842
3,pg,U,wide,both,53,241202,13842
3,pg,U,wide,both,54,236894,13842
3,pg,U,wide,both,55,237996,13842
3,pg,U,wide,both,56,236458,13842
3,pg,U,wide,both,57,234529,13842
3,pg,U,wide,both,58,236682,13842
3,pg,U,wide,both,59,288153,13842
3,pg,U,wide,both,60,286754,13842
3,pg,U,wide,both,61,261948,13842
3,pg,U,wide,both,62,272332,13842
3,pg,U,wide,both,63,247276,13842
3,pg,U,wide,both,64,280248,13842
3,pg,U,wide,both,65,256182,13842
3,pg,U,wide,both,66,260025,13842
3,pg,U,wide,both,67,242625,13842
3,pg,U,wide,both,68,235688,13842
3,pg,U,wide,both,69,240149,13842
3,pg,U,wide,both,70,257128,13842
3,pg,U,wide,both,71,239905,13842
3,pg,U,wide,both,72,239893,13842
3,pg,U,wide,both,73,233741,13842
3,pg,U,wide,both,74,234789,13842
3,pg,U,wide,both,75,234090,13842
3,pg,U,wide,both,76,288128,13842
3,pg,U,wide,both,77,236586,13842
3,pg,U,wide,both,78,244263,13842
3,pg,U,wide,both,79,234265,13842
3,pg,U,wide,both,80,234476,13842
3,pg,U,wide,both,81,229105,13842
3,pg,U,wide,both,82,283212,13842
3,pg,U,wide,both,83,308807,13842
3,pg,U,wide,both,84,294961,13842
3,pg,U,wide,both,85,245456,13842
3,pg,U,wide,both,86,245407,13842
3,pg,U,wide,both,87,250743,13842
3,pg,U,wide,both,88,249622,13842
3,pg,U,wide,both,89,285881,13842
3,pg,U,wide,both,90,286931,13842
3,pg,U,wide,both,91,269765,13842
3,pg,U,wide,both,92,260365,13842
3,pg,U,wide,both,93,242056,13842
3,pg,U,wide,both,94,261761,13842
3,pg,U,wide,both,95,255673,13842
3,pg,U,wide,both,96,241217,13842
3,pg,U,wide,both,97,249757,13842
3,pg,U,wide,both,98,239602,13842
3,pg,U,wide,both,99,233573,13842
3,pg,U,wide,both,100,236720,13842
3,pg,U,wide,both,101,260661,13842
3,pg,U,wide,both,102,292924,13842
3,pg,U,wide,both,103,285950,13842
3,pg,U,wide,both,104,280179,13842
3,pg,U,wide,both,105,269305,13842
3,pg,U,wide,both,106,249445,13842
3,pg,U,wide,both,107,255478,13842
3,pg,U,wide,both,108,272259,13842
3,pg,U,wide,both,109,337522,13842
3,pg,U,wide,both,110,279752,13842
3,pg,U,wide,both,111,255172,13842
3,pg,U,wide,both,112,233686,13842
3,pg,U,wide,both,113,268347,13842
3,pg,U,wide,both,114,257017,13842
3,pg,U,wide,both,115,248248,13842
3,pg,U,wide,both,116,247627,13842
3,pg,U,wide,both,117,256918,13842
3,pg,U,wide,both,118,306641,13842
3,pg,U,wide,both,119,247198,13842
3,pg,U,wide,both,120,243769,13842
3,pg,U,wide,both,121,233110,13842
3,pg,U,wide,both,122,242125,13842
3,pg,U,wide,both,123,286519,13842
3,pg,U,wide,both,124,244579,13842
3,pg,U,wide,both,125,277099,13842
3,pg,U,wide,both,126,278346,13842
3,pg,U,wide,both,127,246671,13842
3,pg,U,wide,both,128,284980,13842
3,pg,U,wide,both,129,310032,13842
3,pg,U,wide,both,130,279118,13842
3,pg,U,wide,both,131,312409,13842
3,pg,U,wide,both,132,242456,13842
3,pg,U,wide,both,133,257981,13842
3,pg,U,wide,both,134,249280,13842
3,pg,U,wide,both,135,246965,13842
3,pg,U,wide,both,136,246498,13842
3,pg,U,wide,both,137,242828,13842
3,pg,U,wide,both,138,251024,13842
3,pg,U,wide,both,139,255549,13842
3,pg,U,wide,both,140,257288,13842
3,pg,U,wide,both,141,299880,13842
3,pg,U,wide,both,142,299159,13842
3,pg,U,wide,both,143,239488,13842
3,pg,U,wide,both,144,242996,13842
3,pg,U,wide,both,145,248379,13842
3,pg,U,wide,both,146,280477,13842
3,pg,U,wide,both,147,295240,13842
3,pg,U,wide,both,148,276431,13842
3,pg,U,wide,both,149,281763,13842
3,pg,U,wide,both,150,408682,13842
3,pg,U,wide,both,151,329437,13842
3,pg,U,wide,both,152,259603,13842
3,pg,U,wide,both,153,262317,13842
3,pg,U,wide,both,154,256944,13842
3,pg,U,wide,both,155,245945,13842
3,pg,U,wide,both,156,292359,13842
3,pg,U,wide,both,157,238505,13842
3,pg,U,wide,both,158,233232,13842
3,pg,U,wide,both,159,237961,13842
3,pg,U,wide,both,160,235987,13842
3,pg,U,wide,both,161,237789,13842
3,pg,U,wide,both,162,282513,13842
3,pg,U,wide,both,163,233895,13842
3,pg,U,wide,both,164,265196,13842
3,pg,U,wide,both,165,250456,13842
3,pg,U,wide,both,166,310311,13842
3,pg,U,wide,both,167,286675,13842
3,pg,U,wide,both,168,278629,13842
3,pg,U,wide,both,169,285158,13842
3,pg,U,wide,both,170,235792,13842
3,pg,U,wide,both,171,292217,13842
3,pg,U,wide,both,172,267610,13842
3,pg,U,wide,both,173,249084,13842
3,pg,U,wide,both,174,234640,13842
3,pg,U,wide,both,175,282918,13842
3,pg,U,wide,both,176,285856,13842
3,pg,U,wide,both,177,232560,13842
3,pg,U,wide,both,178,286180,13842
3,pg,U,wide,both,179,237306,13842
3,pg,U,wide,both,180,235535,13842
3,pg,U,wide,both,181,235695,13842
3,pg,U,wide,both,182,236259,13842
3,pg,U,wide,both,183,233696,13842
3,pg,U,wide,both,184,282729,13842
3,pg,U,wide,both,185,236413,13842
3,pg,U,wide,both,186,270963,13842
3,pg,U,wide,both,187,254244,13842
3,pg,U,wide,both,188,251913,13842
3,pg,U,wide,both,189,233269,13842
3,pg,U,wide,both,190,234233,13842
3,pg,U,wide,both,191,235748,13842
3,pg,U,wide,both,192,233649,13842
3,pg,U,wide,both,193,253783,13842
3,pg,U,wide,both,194,249501,13842
3,pg,U,wide,both,195,234855,13842
3,pg,U,wide,both,196,245593,13842
3,pg,U,wide,both,197,293008,13842
3,pg,U,wide,both,198,232416,13842
3,pg,U,wide,both,199,234022,13842
3,mongo,U,narrow,both,0,15737,684
3,mongo,U,narrow,both,1,9227,684
3,mongo,U,narrow,both,2,8535,684
3,mongo,U,narrow,both,3,8111,684
3,mongo,U,narrow,both,4,8701,684
3,mongo,U,narrow,both,5,7680,684
3,mongo,U,narrow,both,6,8038,684
3,mongo,U,narrow,both,7,7982,684
3,mongo,U,narrow,both,8,9118,684
3,mongo,U,narrow,both,9,9969,684
3,mongo,U,narrow,both,10,7345,684
3,mongo,U,narrow,both,11,7486,684
3,mongo,U,narrow,both,12,8923,684
3,mongo,U,narrow,both,13,8756,684
3,mongo,U,narrow,both,14,8725,684
3,mongo,U,narrow,both,15,7981,684
3,mongo,U,narrow,both,16,8951,684
3,mongo,U,narrow,both,17,6826,684
3,mongo,U,narrow,both,18,8242,684
3,mongo,U,narrow,both,19,8663,684
3,mongo,U,narrow,both,20,8805,684
3,mongo,U,narrow,both,21,8170,684
3,mongo,U,narrow,both,22,8072,684
3,mongo,U,narrow,both,23,8957,684
3,mongo,U,narrow,both,24,9361,684
3,mongo,U,narrow,both,25,8165,684
3,mongo,U,narrow,both,26,7683,684
3,mongo,U,narrow,both,27,7279,684
3,mongo,U,narrow,both,28,9171,684
3,mongo,U,narrow,both,29,8325,684
3,mongo,U,narrow,both,30,10367,684
3,mongo,U,narrow,both,31,10316,684
3,mongo,U,narrow,both,32,8936,684
3,mongo,U,narrow,both,33,7669,684
3,mongo,U,narrow,both,34,7751,684
3,mongo,U,narrow,both,35,8596,684
3,mongo,U,narrow,both,36,9953,684
3,mongo,U,narrow,both,37,7537,684
3,mongo,U,narrow,both,38,8704,684
3,mongo,U,narrow,both,39,8848,684
3,mongo,U,narrow,both,40,9259,684
3,mongo,U,narrow,both,41,7592,684
3,mongo,U,narrow,both,42,7591,684
3,mongo,U,narrow,both,43,6963,684
3,mongo,U,narrow,both,44,8640,684
3,mongo,U,narrow,both,45,8859,684
3,mongo,U,narrow,both,46,8414,684
3,mongo,U,narrow,both,47,7849,684
3,mongo,U,narrow,both,48,8044,684
3,mongo,U,narrow,both,49,8723,684
3,mongo,U,narrow,both,50,8425,684
3,mongo,U,narrow,both,51,8450,684
3,mongo,U,narrow,both,52,7594,684
3,mongo,U,narrow,both,53,7187,684
3,mongo,U,narrow,both,54,7984,684
3,mongo,U,narrow,both,55,7514,684
3,mongo,U,narrow,both,56,7769,684
3,mongo,U,narrow,both,57,7144,684
3,mongo,U,narrow,both,58,8791,684
3,mongo,U,narrow,both,59,8891,684
3,mongo,U,narrow,both,60,8513,684
3,mongo,U,narrow,both,61,9113,684
3,mongo,U,narrow,both,62,9000,684
3,mongo,U,narrow,both,63,8038,684
3,mongo,U,narrow,both,64,7404,684
3,mongo,U,narrow,both,65,7858,684
3,mongo,U,narrow,both,66,9096,684
3,mongo,U,narrow,both,67,7814,684
3,mongo,U,narrow,both,68,8366,684
3,mongo,U,narrow,both,69,8346,684
3,mongo,U,narrow,both,70,9135,684
3,mongo,U,narrow,both,71,9396,684
3,mongo,U,narrow,both,72,8553,684
3,mongo,U,narrow,both,73,7670,684
3,mongo,U,narrow,both,74,9242,684
3,mongo,U,narrow,both,75,8586,684
3,mongo,U,narrow,both,76,9283,684
3,mongo,U,narrow,both,77,8023,684
3,mongo,U,narrow,both,78,7419,684
3,mongo,U,narrow,both,79,8277,684
3,mongo,U,narrow,both,80,8356,684
3,mongo,U,narrow,both,81,10645,684
3,mongo,U,narrow,both,82,7945,684
3,mongo,U,narrow,both,83,8106,684
3,mongo,U,narrow,both,84,7912,684
3,mongo,U,narrow,both,85,7569,684
3,mongo,U,narrow,both,86,9171,684
3,mongo,U,narrow,both,87,7358,684
3,mongo,U,narrow,both,88,8699,684
3,mongo,U,narrow,both,89,11201,684
3,mongo,U,narrow,both,90,8318,684
3,mongo,U,narrow,both,91,7237,684
3,mongo,U,narrow,both,92,7721,684
3,mongo,U,narrow,both,93,7391,684
3,mongo,U,narrow,both,94,7501,684
3,mongo,U,narrow,both,95,9392,684
3,mongo,U,narrow,both,96,9235,684
3,mongo,U,narrow,both,97,8838,684
3,mongo,U,narrow,both,98,9133,684
3,mongo,U,narrow,both,99,8596,684
3,mongo,U,narrow,both,100,7706,684
3,mongo,U,narrow,both,101,8451,684
3,mongo,U,narrow,both,102,6972,684
3,mongo,U,narrow,both,103,9637,684
3,mongo,U,narrow,both,104,9086,684
3,mongo,U,narrow,both,105,8044,684
3,mongo,U,narrow,both,106,8271,684
3,mongo,U,narrow,both,107,8260,684
3,mongo,U,narrow,both,108,9740,684
3,mongo,U,narrow,both,109,8269,684
3,mongo,U,narrow,both,110,7967,684
3,mongo,U,narrow,both,111,9073,684
3,mongo,U,narrow,both,112,9471,684
3,mongo,U,narrow,both,113,8408,684
3,mongo,U,narrow,both,114,7264,684
3,mongo,U,narrow,both,115,8535,684
3,mongo,U,narrow,both,116,8220,684
3,mongo,U,narrow,both,117,9187,684
3,mongo,U,narrow,both,118,9992,684
3,mongo,U,narrow,both,119,8495,684
3,mongo,U,narrow,both,120,9041,684
3,mongo,U,narrow,both,121,8330,684
3,mongo,U,narrow,both,122,7326,684
3,mongo,U,narrow,both,123,8093,684
3,mongo,U,narrow,both,124,9896,684
3,mongo,U,narrow,both,125,8237,684
3,mongo,U,narrow,both,126,7956,684
3,mongo,U,narrow,both,127,8551,684
3,mongo,U,narrow,both,128,8527,684
3,mongo,U,narrow,both,129,7283,684
3,mongo,U,narrow,both,130,8949,684
3,mongo,U,narrow,both,131,8902,684
3,mongo,U,narrow,both,132,9855,684
3,mongo,U,narrow,both,133,7711,684
3,mongo,U,narrow,both,134,8657,684
3,mongo,U,narrow,both,135,9040,684
3,mongo,U,narrow,both,136,7078,684
3,mongo,U,narrow,both,137,8798,684
3,mongo,U,narrow,both,138,7542,684
3,mongo,U,narrow,both,139,8724,684
3,mongo,U,narrow,both,140,7138,684
3,mongo,U,narrow,both,141,7834,684
3,mongo,U,narrow,both,142,9266,684
3,mongo,U,narrow,both,143,8068,684
3,mongo,U,narrow,both,144,9434,684
3,mongo,U,narrow,both,145,7852,684
3,mongo,U,narrow,both,146,9144,684
3,mongo,U,narrow,both,147,11284,684
3,mongo,U,narrow,both,148,14077,684
3,mongo,U,narrow,both,149,12647,684
3,mongo,U,narrow,both,150,9698,684
3,mongo,U,narrow,both,151,8044,684
3,mongo,U,narrow,both,152,9814,684
3,mongo,U,narrow,both,153,8640,684
3,mongo,U,narrow,both,154,8708,684
3,mongo,U,narrow,both,155,9850,684
3,mongo,U,narrow,both,156,9222,684
3,mongo,U,narrow,both,157,9075,684
3,mongo,U,narrow,both,158,9201,684
3,mongo,U,narrow,both,159,8053,684
3,mongo,U,narrow,both,160,8005,684
3,mongo,U,narrow,both,161,10093,684
3,mongo,U,narrow,both,162,7458,684
3,mongo,U,narrow,both,163,9268,684
3,mongo,U,narrow,both,164,7268,684
3,mongo,U,narrow,both,165,7607,684
3,mongo,U,narrow,both,166,7360,684
3,mongo,U,narrow,both,167,7518,684
3,mongo,U,narrow,both,168,8561,684
3,mongo,U,narrow,both,169,9685,684
3,mongo,U,narrow,both,170,9423,684
3,mongo,U,narrow,both,171,7705,684
3,mongo,U,narrow,both,172,8803,684
3,mongo,U,narrow,both,173,8915,684
3,mongo,U,narrow,both,174,8125,684
3,mongo,U,narrow,both,175,9658,684
3,mongo,U,narrow,both,176,7571,684
3,mongo,U,narrow,both,177,9255,684
3,mongo,U,narrow,both,178,7310,684
3,mongo,U,narrow,both,179,7592,684
3,mongo,U,narrow,both,180,8912,684
3,mongo,U,narrow,both,181,9015,684
3,mongo,U,narrow,both,182,7181,684
3,mongo,U,narrow,both,183,8603,684
3,mongo,U,narrow,both,184,7840,684
3,mongo,U,narrow,both,185,7532,684
3,mongo,U,narrow,both,186,6835,684
3,mongo,U,narrow,both,187,7349,684
3,mongo,U,narrow,both,188,7984,684
3,mongo,U,narrow,both,189,7262,684
3,mongo,U,narrow,both,190,8412,684
3,mongo,U,narrow,both,191,7267,684
3,mongo,U,narrow,both,192,8645,684
3,mongo,U,narrow,both,193,7623,684
3,mongo,U,narrow,both,194,8644,684
3,mongo,U,narrow,both,195,7496,684
3,mongo,U,narrow,both,196,9947,684
3,mongo,U,narrow,both,197,8678,684
3,mongo,U,narrow,both,198,7636,684
3,mongo,U,narrow,both,199,10100,684
3,mongo,S,narrow,both,0,13145,684
3,mongo,S,narrow,both,1,16319,684
3,mongo,S,narrow,both,2,10820,684
3,mongo,S,narrow,both,3,10166,684
3,mongo,S,narrow,both,4,9590,684
3,mongo,S,narrow,both,5,8909,684
3,mongo,S,narrow,both,6,9698,684
3,mongo,S,narrow,both,7,9591,684
3,mongo,S,narrow,both,8,10322,684
3,mongo,S,narrow,both,9,8678,684
3,mongo,S,narrow,both,10,7819,684
3,mongo,S,narrow,both,11,11441,684
3,mongo,S,narrow,both,12,8560,684
3,mongo,S,narrow,both,13,7527,684
3,mongo,S,narrow,both,14,7644,684
3,mongo,S,narrow,both,15,11546,684
3,mongo,S,narrow,both,16,8353,684
3,mongo,S,narrow,both,17,7478,684
3,mongo,S,narrow,both,18,9574,684
3,mongo,S,narrow,both,19,9003,684
3,mongo,S,narrow,both,20,7744,684
3,mongo,S,narrow,both,21,12284,684
3,mongo,S,narrow,both,22,8143,684
3,mongo,S,narrow,both,23,8758,684
3,mongo,S,narrow,both,24,12800,684
3,mongo,S,narrow,both,25,11151,684
3,mongo,S,narrow,both,26,11769,684
3,mongo,S,narrow,both,27,11884,684
3,mongo,S,narrow,both,28,10986,684
3,mongo,S,narrow,both,29,9182,684
3,mongo,S,narrow,both,30,11179,684
3,mongo,S,narrow,both,31,9388,684
3,mongo,S,narrow,both,32,10560,684
3,mongo,S,narrow,both,33,9455,684
3,mongo,S,narrow,both,34,9410,684
3,mongo,S,narrow,both,35,9836,684
3,mongo,S,narrow,both,36,9225,684
3,mongo,S,narrow,both,37,8520,684
3,mongo,S,narrow,both,38,10411,684
3,mongo,S,narrow,both,39,9997,684
3,mongo,S,narrow,both,40,9831,684
3,mongo,S,narrow,both,41,9999,684
3,mongo,S,narrow,both,42,8474,684
3,mongo,S,narrow,both,43,9761,684
3,mongo,S,narrow,both,44,11521,684
3,mongo,S,narrow,both,45,10218,684
3,mongo,S,narrow,both,46,10856,684
3,mongo,S,narrow,both,47,11036,684
3,mongo,S,narrow,both,48,10348,684
3,mongo,S,narrow,both,49,11291,684
3,mongo,S,narrow,both,50,10830,684
3,mongo,S,narrow,both,51,10888,684
3,mongo,S,narrow,both,52,11304,684
3,mongo,S,narrow,both,53,11961,684
3,mongo,S,narrow,both,54,10657,684
3,mongo,S,narrow,both,55,10927,684
3,mongo,S,narrow,both,56,10848,684
3,mongo,S,narrow,both,57,10806,684
3,mongo,S,narrow,both,58,9137,684
3,mongo,S,narrow,both,59,12772,684
3,mongo,S,narrow,both,60,13745,684
3,mongo,S,narrow,both,61,11710,684
3,mongo,S,narrow,both,62,8848,684
3,mongo,S,narrow,both,63,9730,684
3,mongo,S,narrow,both,64,10649,684
3,mongo,S,narrow,both,65,8532,684
3,mongo,S,narrow,both,66,9570,684
3,mongo,S,narrow,both,67,10615,684
3,mongo,S,narrow,both,68,9923,684
3,mongo,S,narrow,both,69,10744,684
3,mongo,S,narrow,both,70,9960,684
3,mongo,S,narrow,both,71,11043,684
3,mongo,S,narrow,both,72,10453,684
3,mongo,S,narrow,both,73,10366,684
3,mongo,S,narrow,both,74,10360,684
3,mongo,S,narrow,both,75,10205,684
3,mongo,S,narrow,both,76,10126,684
3,mongo,S,narrow,both,77,8040,684
3,mongo,S,narrow,both,78,9693,684
3,mongo,S,narrow,both,79,10421,684
3,mongo,S,narrow,both,80,10398,684
3,mongo,S,narrow,both,81,10483,684
3,mongo,S,narrow,both,82,9546,684
3,mongo,S,narrow,both,83,9625,684
3,mongo,S,narrow,both,84,9176,684
3,mongo,S,narrow,both,85,9861,684
3,mongo,S,narrow,both,86,8433,684
3,mongo,S,narrow,both,87,9205,684
3,mongo,S,narrow,both,88,10064,684
3,mongo,S,narrow,both,89,8950,684
3,mongo,S,narrow,both,90,9103,684
3,mongo,S,narrow,both,91,10534,684
3,mongo,S,narrow,both,92,9623,684
3,mongo,S,narrow,both,93,9814,684
3,mongo,S,narrow,both,94,7756,684
3,mongo,S,narrow,both,95,9932,684
3,mongo,S,narrow,both,96,10011,684
3,mongo,S,narrow,both,97,7729,684
3,mongo,S,narrow,both,98,9568,684
3,mongo,S,narrow,both,99,10527,684
3,mongo,S,narrow,both,100,9401,684
3,mongo,S,narrow,both,101,9394,684
3,mongo,S,narrow,both,102,9664,684
3,mongo,S,narrow,both,103,9229,684
3,mongo,S,narrow,both,104,9909,684
3,mongo,S,narrow,both,105,9757,684
3,mongo,S,narrow,both,106,9137,684
3,mongo,S,narrow,both,107,9843,684
3,mongo,S,narrow,both,108,8617,684
3,mongo,S,narrow,both,109,8214,684
3,mongo,S,narrow,both,110,11279,684
3,mongo,S,narrow,both,111,9938,684
3,mongo,S,narrow,both,112,11272,684
3,mongo,S,narrow,both,113,8001,684
3,mongo,S,narrow,both,114,10066,684
3,mongo,S,narrow,both,115,9094,684
3,mongo,S,narrow,both,116,8992,684
3,mongo,S,narrow,both,117,11196,684
3,mongo,S,narrow,both,118,10134,684
3,mongo,S,narrow,both,119,10157,684
3,mongo,S,narrow,both,120,9277,684
3,mongo,S,narrow,both,121,9233,684
3,mongo,S,narrow,both,122,10377,684
3,mongo,S,narrow,both,123,7896,684
3,mongo,S,narrow,both,124,9854,684
3,mongo,S,narrow,both,125,9863,684
3,mongo,S,narrow,both,126,8016,684
3,mongo,S,narrow,both,127,9501,684
3,mongo,S,narrow,both,128,8512,684
3,mongo,S,narrow,both,129,8647,684
3,mongo,S,narrow,both,130,9288,684
3,mongo,S,narrow,both,131,8608,684
3,mongo,S,narrow,both,132,9417,684
3,mongo,S,narrow,both,133,9713,684
3,mongo,S,narrow,both,134,10238,684
3,mongo,S,narrow,both,135,8683,684
3,mongo,S,narrow,both,136,8765,684
3,mongo,S,narrow,both,137,9385,684
3,mongo,S,narrow,both,138,9232,684
3,mongo,S,narrow,both,139,10985,684
3,mongo,S,narrow,both,140,8788,684
3,mongo,S,narrow,both,141,9469,684
3,mongo,S,narrow,both,142,9548,684
3,mongo,S,narrow,both,143,8192,684
3,mongo,S,narrow,both,144,9108,684
3,mongo,S,narrow,both,145,9975,684
3,mongo,S,narrow,both,146,9745,684
3,mongo,S,narrow,both,147,9750,684
3,mongo,S,narrow,both,148,9350,684
3,mongo,S,narrow,both,149,10447,684
3,mongo,S,narrow,both,150,8946,684
3,mongo,S,narrow,both,151,9727,684
3,mongo,S,narrow,both,152,9010,684
3,mongo,S,narrow,both,153,10807,684
3,mongo,S,narrow,both,154,8794,684
3,mongo,S,narrow,both,155,9192,684
3,mongo,S,narrow,both,156,10476,684
3,mongo,S,narrow,both,157,10092,684
3,mongo,S,narrow,both,158,11409,684
3,mongo,S,narrow,both,159,9643,684
3,mongo,S,narrow,both,160,11460,684
3,mongo,S,narrow,both,161,11039,684
3,mongo,S,narrow,both,162,10362,684
3,mongo,S,narrow,both,163,9696,684
3,mongo,S,narrow,both,164,10595,684
3,mongo,S,narrow,both,165,8849,684
3,mongo,S,narrow,both,166,9961,684
3,mongo,S,narrow,both,167,8728,684
3,mongo,S,narrow,both,168,8489,684
3,mongo,S,narrow,both,169,9765,684
3,mongo,S,narrow,both,170,9042,684
3,mongo,S,narrow,both,171,8202,684
3,mongo,S,narrow,both,172,9706,684
3,mongo,S,narrow,both,173,9238,684
3,mongo,S,narrow,both,174,9262,684
3,mongo,S,narrow,both,175,8864,684
3,mongo,S,narrow,both,176,9698,684
3,mongo,S,narrow,both,177,7934,684
3,mongo,S,narrow,both,178,8610,684
3,mongo,S,narrow,both,179,9761,684
3,mongo,S,narrow,both,180,9140,684
3,mongo,S,narrow,both,181,9672,684
3,mongo,S,narrow,both,182,9873,684
3,mongo,S,narrow,both,183,8246,684
3,mongo,S,narrow,both,184,8366,684
3,mongo,S,narrow,both,185,8623,684
3,mongo,S,narrow,both,186,9672,684
3,mongo,S,narrow,both,187,8390,684
3,mongo,S,narrow,both,188,9769,684
3,mongo,S,narrow,both,189,8893,684
3,mongo,S,narrow,both,190,8643,684
3,mongo,S,narrow,both,191,8380,684
3,mongo,S,narrow,both,192,8924,684
3,mongo,S,narrow,both,193,8213,684
3,mongo,S,narrow,both,194,9236,684
3,mongo,S,narrow,both,195,8684,684
3,mongo,S,narrow,both,196,10619,684
3,mongo,S,narrow,both,197,8500,684
3,mongo,S,narrow,both,198,7333,684
3,mongo,S,narrow,both,199,8511,684
3,pg,U,narrow,bike,0,7983,166
3,pg,U,narrow,bike,1,7220,166
3,pg,U,narrow,bike,2,9072,166
3,pg,U,narrow,bike,3,8081,166
3,pg,U,narrow,bike,4,9591,166
3,pg,U,narrow,bike,5,8870,166
3,pg,U,narrow,bike,6,8422,166
3,pg,U,narrow,bike,7,6907,166
3,pg,U,narrow,bike,8,7586,166
3,pg,U,narrow,bike,9,7271,166
3,pg,U,narrow,bike,10,7005,166
3,pg,U,narrow,bike,11,6992,166
3,pg,U,narrow,bike,12,6937,166
3,pg,U,narrow,bike,13,7229,166
3,pg,U,narrow,bike,14,6867,166
3,pg,U,narrow,bike,15,7071,166
3,pg,U,narrow,bike,16,6683,166
3,pg,U,narrow,bike,17,6947,166
3,pg,U,narrow,bike,18,8223,166
3,pg,U,narrow,bike,19,8961,166
3,pg,U,narrow,bike,20,7168,166
3,pg,U,narrow,bike,21,10323,166
3,pg,U,narrow,bike,22,8480,166
3,pg,U,narrow,bike,23,7067,166
3,pg,U,narrow,bike,24,6781,166
3,pg,U,narrow,bike,25,6900,166
3,pg,U,narrow,bike,26,9665,166
3,pg,U,narrow,bike,27,8148,166
3,pg,U,narrow,bike,28,6594,166
3,pg,U,narrow,bike,29,8394,166
3,pg,U,narrow,bike,30,8326,166
3,pg,U,narrow,bike,31,7927,166
3,pg,U,narrow,bike,32,7271,166
3,pg,U,narrow,bike,33,8730,166
3,pg,U,narrow,bike,34,8827,166
3,pg,U,narrow,bike,35,7178,166
3,pg,U,narrow,bike,36,8488,166
3,pg,U,narrow,bike,37,7671,166
3,pg,U,narrow,bike,38,6397,166
3,pg,U,narrow,bike,39,6590,166
3,pg,U,narrow,bike,40,6469,166
3,pg,U,narrow,bike,41,6882,166
3,pg,U,narrow,bike,42,6992,166
3,pg,U,narrow,bike,43,8086,166
3,pg,U,narrow,bike,44,6987,166
3,pg,U,narrow,bike,45,7602,166
3,pg,U,narrow,bike,46,9275,166
3,pg,U,narrow,bike,47,8881,166
3,pg,U,narrow,bike,48,7995,166
3,pg,U,narrow,bike,49,7469,166
3,pg,U,narrow,bike,50,9775,166
3,pg,U,narrow,bike,51,6932,166
3,pg,U,narrow,bike,52,7235,166
3,pg,U,narrow,bike,53,7725,166
3,pg,U,narrow,bike,54,6539,166
3,pg,U,narrow,bike,55,6942,166
3,pg,U,narrow,bike,56,6659,166
3,pg,U,narrow,bike,57,6398,166
3,pg,U,narrow,bike,58,7020,166
3,pg,U,narrow,bike,59,6746,166
3,pg,U,narrow,bike,60,6224,166
3,pg,U,narrow,bike,61,6143,166
3,pg,U,narrow,bike,62,6186,166
3,pg,U,narrow,bike,63,6156,166
3,pg,U,narrow,bike,64,6255,166
3,pg,U,narrow,bike,65,7260,166
3,pg,U,narrow,bike,66,6097,166
3,pg,U,narrow,bike,67,6917,166
3,pg,U,narrow,bike,68,7047,166
3,pg,U,narrow,bike,69,6068,166
3,pg,U,narrow,bike,70,6128,166
3,pg,U,narrow,bike,71,6231,166
3,pg,U,narrow,bike,72,6570,166
3,pg,U,narrow,bike,73,5946,166
3,pg,U,narrow,bike,74,6292,166
3,pg,U,narrow,bike,75,5877,166
3,pg,U,narrow,bike,76,6209,166
3,pg,U,narrow,bike,77,6162,166
3,pg,U,narrow,bike,78,6509,166
3,pg,U,narrow,bike,79,6398,166
3,pg,U,narrow,bike,80,5970,166
3,pg,U,narrow,bike,81,6120,166
3,pg,U,narrow,bike,82,6661,166
3,pg,U,narrow,bike,83,7364,166
3,pg,U,narrow,bike,84,6351,166
3,pg,U,narrow,bike,85,6519,166
3,pg,U,narrow,bike,86,7246,166
3,pg,U,narrow,bike,87,6271,166
3,pg,U,narrow,bike,88,6086,166
3,pg,U,narrow,bike,89,5946,166
3,pg,U,narrow,bike,90,6085,166
3,pg,U,narrow,bike,91,6067,166
3,pg,U,narrow,bike,92,5979,166
3,pg,U,narrow,bike,93,6097,166
3,pg,U,narrow,bike,94,6621,166
3,pg,U,narrow,bike,95,6367,166
3,pg,U,narrow,bike,96,6409,166
3,pg,U,narrow,bike,97,6739,166
3,pg,U,narrow,bike,98,6005,166
3,pg,U,narrow,bike,99,6138,166
3,pg,U,narrow,bike,100,6087,166
3,pg,U,narrow,bike,101,6247,166
3,pg,U,narrow,bike,102,6226,166
3,pg,U,narrow,bike,103,6367,166
3,pg,U,narrow,bike,104,6192,166
3,pg,U,narrow,bike,105,6157,166
3,pg,U,narrow,bike,106,6000,166
3,pg,U,narrow,bike,107,7389,166
3,pg,U,narrow,bike,108,6205,166
3,pg,U,narrow,bike,109,5839,166
3,pg,U,narrow,bike,110,6528,166
3,pg,U,narrow,bike,111,6192,166
3,pg,U,narrow,bike,112,7017,166
3,pg,U,narrow,bike,113,7280,166
3,pg,U,narrow,bike,114,6222,166
3,pg,U,narrow,bike,115,6176,166
3,pg,U,narrow,bike,116,6122,166
3,pg,U,narrow,bike,117,6166,166
3,pg,U,narrow,bike,118,6295,166
3,pg,U,narrow,bike,119,6485,166
3,pg,U,narrow,bike,120,6240,166
3,pg,U,narrow,bike,121,6383,166
3,pg,U,narrow,bike,122,5982,166
3,pg,U,narrow,bike,123,5943,166
3,pg,U,narrow,bike,124,6081,166
3,pg,U,narrow,bike,125,5992,166
3,pg,U,narrow,bike,126,6012,166
3,pg,U,narrow,bike,127,6513,166
3,pg,U,narrow,bike,128,6141,166
3,pg,U,narrow,bike,129,6099,166
3,pg,U,narrow,bike,130,6179,166
3,pg,U,narrow,bike,131,7156,166
3,pg,U,narrow,bike,132,7218,166
3,pg,U,narrow,bike,133,7255,166
3,pg,U,narrow,bike,134,6369,166
3,pg,U,narrow,bike,135,6657,166
3,pg,U,narrow,bike,136,6121,166
3,pg,U,narrow,bike,137,6307,166
3,pg,U,narrow,bike,138,6182,166
3,pg,U,narrow,bike,139,6332,166
3,pg,U,narrow,bike,140,7166,166
3,pg,U,narrow,bike,141,5992,166
3,pg,U,narrow,bike,142,6876,166
3,pg,U,narrow,bike,143,7028,166
3,pg,U,narrow,bike,144,7122,166
3,pg,U,narrow,bike,145,6893,166
3,pg,U,narrow,bike,146,6192,166
3,pg,U,narrow,bike,147,6220,166
3,pg,U,narrow,bike,148,6232,166
3,pg,U,narrow,bike,149,6280,166
3,pg,U,narrow,bike,150,6835,166
3,pg,U,narrow,bike,151,7295,166
3,pg,U,narrow,bike,152,7253,166
3,pg,U,narrow,bike,153,6130,166
3,pg,U,narrow,bike,154,6047,166
3,pg,U,narrow,bike,155,6272,166
3,pg,U,narrow,bike,156,6118,166
3,pg,U,narrow,bike,157,5977,166
3,pg,U,narrow,bike,158,6175,166
3,pg,U,narrow,bike,159,6222,166
3,pg,U,narrow,bike,160,5973,166
3,pg,U,narrow,bike,161,7118,166
3,pg,U,narrow,bike,162,6969,166
3,pg,U,narrow,bike,163,6945,166
3,pg,U,narrow,bike,164,5921,166
3,pg,U,narrow,bike,165,6403,166
3,pg,U,narrow,bike,166,6551,166
3,pg,U,narrow,bike,167,6210,166
3,pg,U,narrow,bike,168,5873,166
3,pg,U,narrow,bike,169,5971,166
3,pg,U,narrow,bike,170,5952,166
3,pg,U,narrow,bike,171,5912,166
3,pg,U,narrow,bike,172,6066,166
3,pg,U,narrow,bike,173,7030,166
3,pg,U,narrow,bike,174,6496,166
3,pg,U,narrow,bike,175,6259,166
3,pg,U,narrow,bike,176,6629,166
3,pg,U,narrow,bike,177,6155,166
3,pg,U,narrow,bike,178,5915,166
3,pg,U,narrow,bike,179,6995,166
3,pg,U,narrow,bike,180,6174,166
3,pg,U,narrow,bike,181,7063,166
3,pg,U,narrow,bike,182,6294,166
3,pg,U,narrow,bike,183,6446,166
3,pg,U,narrow,bike,184,6212,166
3,pg,U,narrow,bike,185,6498,166
3,pg,U,narrow,bike,186,7258,166
3,pg,U,narrow,bike,187,7153,166
3,pg,U,narrow,bike,188,7193,166
3,pg,U,narrow,bike,189,7037,166
3,pg,U,narrow,bike,190,6157,166
3,pg,U,narrow,bike,191,7062,166
3,pg,U,narrow,bike,192,6066,166
3,pg,U,narrow,bike,193,6165,166
3,pg,U,narrow,bike,194,6137,166
3,pg,U,narrow,bike,195,6115,166
3,pg,U,narrow,bike,196,6044,166
3,pg,U,narrow,bike,197,6046,166
3,pg,U,narrow,bike,198,6503,166
3,pg,U,narrow,bike,199,6136,166
3,mongo,U,narrow,bike,0,7896,166
3,mongo,U,narrow,bike,1,6839,166
3,mongo,U,narrow,bike,2,6956,166
3,mongo,U,narrow,bike,3,6708,166
3,mongo,U,narrow,bike,4,6785,166
3,mongo,U,narrow,bike,5,7073,166
3,mongo,U,narrow,bike,6,6788,166
3,mongo,U,narrow,bike,7,6846,166
3,mongo,U,narrow,bike,8,7667,166
3,mongo,U,narrow,bike,9,7541,166
3,mongo,U,narrow,bike,10,7593,166
3,mongo,U,narrow,bike,11,6766,166
3,mongo,U,narrow,bike,12,6605,166
3,mongo,U,narrow,bike,13,6600,166
3,mongo,U,narrow,bike,14,6791,166
3,mongo,U,narrow,bike,15,6735,166
3,mongo,U,narrow,bike,16,6921,166
3,mongo,U,narrow,bike,17,7037,166
3,mongo,U,narrow,bike,18,6583,166
3,mongo,U,narrow,bike,19,7456,166
3,mongo,U,narrow,bike,20,6534,166
3,mongo,U,narrow,bike,21,6449,166
3,mongo,U,narrow,bike,22,7209,166
3,mongo,U,narrow,bike,23,6730,166
3,mongo,U,narrow,bike,24,7342,166
3,mongo,U,narrow,bike,25,6535,166
3,mongo,U,narrow,bike,26,6872,166
3,mongo,U,narrow,bike,27,7042,166
3,mongo,U,narrow,bike,28,6550,166
3,mongo,U,narrow,bike,29,6879,166
3,mongo,U,narrow,bike,30,7370,166
3,mongo,U,narrow,bike,31,7611,166
3,mongo,U,narrow,bike,32,6929,166
3,mongo,U,narrow,bike,33,6308,166
3,mongo,U,narrow,bike,34,6966,166
3,mongo,U,narrow,bike,35,7941,166
3,mongo,U,narrow,bike,36,7088,166
3,mongo,U,narrow,bike,37,6884,166
3,mongo,U,narrow,bike,38,6592,166
3,mongo,U,narrow,bike,39,6957,166
3,mongo,U,narrow,bike,40,6301,166
3,mongo,U,narrow,bike,41,7543,166
3,mongo,U,narrow,bike,42,7454,166
3,mongo,U,narrow,bike,43,7350,166
3,mongo,U,narrow,bike,44,7874,166
3,mongo,U,narrow,bike,45,7036,166
3,mongo,U,narrow,bike,46,6837,166
3,mongo,U,narrow,bike,47,8015,166
3,mongo,U,narrow,bike,48,7613,166
3,mongo,U,narrow,bike,49,12553,166
3,mongo,U,narrow,bike,50,7746,166
3,mongo,U,narrow,bike,51,9876,166
3,mongo,U,narrow,bike,52,8915,166
3,mongo,U,narrow,bike,53,9196,166
3,mongo,U,narrow,bike,54,6886,166
3,mongo,U,narrow,bike,55,7058,166
3,mongo,U,narrow,bike,56,6556,166
3,mongo,U,narrow,bike,57,6362,166
3,mongo,U,narrow,bike,58,6592,166
3,mongo,U,narrow,bike,59,6861,166
3,mongo,U,narrow,bike,60,6427,166
3,mongo,U,narrow,bike,61,6954,166
3,mongo,U,narrow,bike,62,6959,166
3,mongo,U,narrow,bike,63,7220,166
3,mongo,U,narrow,bike,64,6819,166
3,mongo,U,narrow,bike,65,6838,166
3,mongo,U,narrow,bike,66,6922,166
3,mongo,U,narrow,bike,67,6639,166
3,mongo,U,narrow,bike,68,7249,166
3,mongo,U,narrow,bike,69,6691,166
3,mongo,U,narrow,bike,70,6899,166
3,mongo,U,narrow,bike,71,6884,166
3,mongo,U,narrow,bike,72,7504,166
3,mongo,U,narrow,bike,73,7129,166
3,mongo,U,narrow,bike,74,7141,166
3,mongo,U,narrow,bike,75,6798,166
3,mongo,U,narrow,bike,76,6753,166
3,mongo,U,narrow,bike,77,7246,166
3,mongo,U,narrow,bike,78,6600,166
3,mongo,U,narrow,bike,79,6732,166
3,mongo,U,narrow,bike,80,6572,166
3,mongo,U,narrow,bike,81,6752,166
3,mongo,U,narrow,bike,82,7175,166
3,mongo,U,narrow,bike,83,6913,166
3,mongo,U,narrow,bike,84,7007,166
3,mongo,U,narrow,bike,85,7051,166
3,mongo,U,narrow,bike,86,6762,166
3,mongo,U,narrow,bike,87,6531,166
3,mongo,U,narrow,bike,88,6667,166
3,mongo,U,narrow,bike,89,6819,166
3,mongo,U,narrow,bike,90,6773,166
3,mongo,U,narrow,bike,91,7330,166
3,mongo,U,narrow,bike,92,6834,166
3,mongo,U,narrow,bike,93,7009,166
3,mongo,U,narrow,bike,94,7732,166
3,mongo,U,narrow,bike,95,8063,166
3,mongo,U,narrow,bike,96,6704,166
3,mongo,U,narrow,bike,97,7095,166
3,mongo,U,narrow,bike,98,7183,166
3,mongo,U,narrow,bike,99,6927,166
3,mongo,U,narrow,bike,100,6815,166
3,mongo,U,narrow,bike,101,6585,166
3,mongo,U,narrow,bike,102,6505,166
3,mongo,U,narrow,bike,103,6725,166
3,mongo,U,narrow,bike,104,6682,166
3,mongo,U,narrow,bike,105,6652,166
3,mongo,U,narrow,bike,106,7221,166
3,mongo,U,narrow,bike,107,7209,166
3,mongo,U,narrow,bike,108,6839,166
3,mongo,U,narrow,bike,109,6636,166
3,mongo,U,narrow,bike,110,6621,166
3,mongo,U,narrow,bike,111,6555,166
3,mongo,U,narrow,bike,112,6661,166
3,mongo,U,narrow,bike,113,6950,166
3,mongo,U,narrow,bike,114,6865,166
3,mongo,U,narrow,bike,115,7447,166
3,mongo,U,narrow,bike,116,6805,166
3,mongo,U,narrow,bike,117,7491,166
3,mongo,U,narrow,bike,118,6890,166
3,mongo,U,narrow,bike,119,6858,166
3,mongo,U,narrow,bike,120,6611,166
3,mongo,U,narrow,bike,121,6820,166
3,mongo,U,narrow,bike,122,6839,166
3,mongo,U,narrow,bike,123,6679,166
3,mongo,U,narrow,bike,124,6901,166
3,mongo,U,narrow,bike,125,6735,166
3,mongo,U,narrow,bike,126,7333,166
3,mongo,U,narrow,bike,127,6763,166
3,mongo,U,narrow,bike,128,7286,166
3,mongo,U,narrow,bike,129,7168,166
3,mongo,U,narrow,bike,130,6773,166
3,mongo,U,narrow,bike,131,6653,166
3,mongo,U,narrow,bike,132,6704,166
3,mongo,U,narrow,bike,133,6764,166
3,mongo,U,narrow,bike,134,7241,166
3,mongo,U,narrow,bike,135,6827,166
3,mongo,U,narrow,bike,136,6927,166
3,mongo,U,narrow,bike,137,7929,166
3,mongo,U,narrow,bike,138,6795,166
3,mongo,U,narrow,bike,139,6936,166
3,mongo,U,narrow,bike,140,6779,166
3,mongo,U,narrow,bike,141,6574,166
3,mongo,U,narrow,bike,142,6997,166
3,mongo,U,narrow,bike,143,6671,166
3,mongo,U,narrow,bike,144,6739,166
3,mongo,U,narrow,bike,145,6890,166
3,mongo,U,narrow,bike,146,6664,166
3,mongo,U,narrow,bike,147,6831,166
3,mongo,U,narrow,bike,148,7167,166
3,mongo,U,narrow,bike,149,6463,166
3,mongo,U,narrow,bike,150,7136,166
3,mongo,U,narrow,bike,151,7333,166
3,mongo,U,narrow,bike,152,7506,166
3,mongo,U,narrow,bike,153,7314,166
3,mongo,U,narrow,bike,154,6984,166
3,mongo,U,narrow,bike,155,7496,166
3,mongo,U,narrow,bike,156,7333,166
3,mongo,U,narrow,bike,157,7459,166
3,mongo,U,narrow,bike,158,8545,166
3,mongo,U,narrow,bike,159,7719,166
3,mongo,U,narrow,bike,160,6816,166
3,mongo,U,narrow,bike,161,7070,166
3,mongo,U,narrow,bike,162,7364,166
3,mongo,U,narrow,bike,163,6779,166
3,mongo,U,narrow,bike,164,8357,166
3,mongo,U,narrow,bike,165,6756,166
3,mongo,U,narrow,bike,166,6604,166
3,mongo,U,narrow,bike,167,6847,166
3,mongo,U,narrow,bike,168,7043,166
3,mongo,U,narrow,bike,169,6844,166
3,mongo,U,narrow,bike,170,6934,166
3,mongo,U,narrow,bike,171,6603,166
3,mongo,U,narrow,bike,172,7097,166
3,mongo,U,narrow,bike,173,7159,166
3,mongo,U,narrow,bike,174,6878,166
3,mongo,U,narrow,bike,175,7364,166
3,mongo,U,narrow,bike,176,7176,166
3,mongo,U,narrow,bike,177,6940,166
3,mongo,U,narrow,bike,178,6448,166
3,mongo,U,narrow,bike,179,6616,166
3,mongo,U,narrow,bike,180,7439,166
3,mongo,U,narrow,bike,181,6932,166
3,mongo,U,narrow,bike,182,7035,166
3,mongo,U,narrow,bike,183,7394,166
3,mongo,U,narrow,bike,184,6819,166
3,mongo,U,narrow,bike,185,6766,166
3,mongo,U,narrow,bike,186,6496,166
3,mongo,U,narrow,bike,187,6720,166
3,mongo,U,narrow,bike,188,6724,166
3,mongo,U,narrow,bike,189,6935,166
3,mongo,U,narrow,bike,190,6951,166
3,mongo,U,narrow,bike,191,6980,166
3,mongo,U,narrow,bike,192,6781,166
3,mongo,U,narrow,bike,193,7002,166
3,mongo,U,narrow,bike,194,7235,166
3,mongo,U,narrow,bike,195,6867,166
3,mongo,U,narrow,bike,196,7575,166
3,mongo,U,narrow,bike,197,6684,166
3,mongo,U,narrow,bike,198,6330,166
3,mongo,U,narrow,bike,199,6512,166
3,pg,S,single,,0,3714,1
3,pg,S,single,,1,1262,1
3,pg,S,single,,2,829,1
3,pg,S,single,,3,1004,1
3,pg,S,single,,4,953,1
3,pg,S,single,,5,770,1
3,pg,S,single,,6,701,1
3,pg,S,single,,7,730,1
3,pg,S,single,,8,737,1
3,pg,S,single,,9,721,1
3,pg,S,single,,10,730,1
3,pg,S,single,,11,786,1
3,pg,S,single,,12,729,1
3,pg,S,single,,13,800,1
3,pg,S,single,,14,801,1
3,pg,S,single,,15,853,1
3,pg,S,single,,16,922,1
3,pg,S,single,,17,788,1
3,pg,S,single,,18,862,1
3,pg,S,single,,19,671,1
3,pg,S,single,,20,727,1
3,pg,S,single,,21,849,1
3,pg,S,single,,22,814,1
3,pg,S,single,,23,759,1
3,pg,S,single,,24,747,1
3,pg,S,single,,25,753,1
3,pg,S,single,,26,765,1
3,pg,S,single,,27,827,1
3,pg,S,single,,28,784,1
3,pg,S,single,,29,872,1
3,pg,S,single,,30,718,1
3,pg,S,single,,31,750,1
3,pg,S,single,,32,837,1
3,pg,S,single,,33,769,1
3,pg,S,single,,34,741,1
3,pg,S,single,,35,702,1
3,pg,S,single,,36,736,1
3,pg,S,single,,37,723,1
3,pg,S,single,,38,722,1
3,pg,S,single,,39,767,1
3,pg,S,single,,40,791,1
3,pg,S,single,,41,781,1
3,pg,S,single,,42,793,1
3,pg,S,single,,43,993,1
3,pg,S,single,,44,996,1
3,pg,S,single,,45,815,1
3,pg,S,single,,46,757,1
3,pg,S,single,,47,844,1
3,pg,S,single,,48,713,1
3,pg,S,single,,49,642,1
3,pg,S,single,,50,756,1
3,pg,S,single,,51,719,1
3,pg,S,single,,52,655,1
3,pg,S,single,,53,812,1
3,pg,S,single,,54,848,1
3,pg,S,single,,55,769,1
3,pg,S,single,,56,699,1
3,pg,S,single,,57,987,1
3,pg,S,single,,58,652,1
3,pg,S,single,,59,801,1
3,pg,S,single,,60,710,1
3,pg,S,single,,61,693,1
3,pg,S,single,,62,743,1
3,pg,S,single,,63,756,1
3,pg,S,single,,64,693,1
3,pg,S,single,,65,857,1
3,pg,S,single,,66,856,1
3,pg,S,single,,67,810,1
3,pg,S,single,,68,838,1
3,pg,S,single,,69,774,1
3,pg,S,single,,70,714,1
3,pg,S,single,,71,898,1
3,pg,S,single,,72,680,1
3,pg,S,single,,73,768,1
3,pg,S,single,,74,739,1
3,pg,S,single,,75,701,1
3,pg,S,single,,76,719,1
3,pg,S,single,,77,792,1
3,pg,S,single,,78,782,1
3,pg,S,single,,79,739,1
3,pg,S,single,,80,678,1
3,pg,S,single,,81,803,1
3,pg,S,single,,82,899,1
3,pg,S,single,,83,883,1
3,pg,S,single,,84,717,1
3,pg,S,single,,85,745,1
3,pg,S,single,,86,742,1
3,pg,S,single,,87,655,1
3,pg,S,single,,88,699,1
3,pg,S,single,,89,843,1
3,pg,S,single,,90,800,1
3,pg,S,single,,91,712,1
3,pg,S,single,,92,850,1
3,pg,S,single,,93,675,1
3,pg,S,single,,94,734,1
3,pg,S,single,,95,723,1
3,pg,S,single,,96,685,1
3,pg,S,single,,97,899,1
3,pg,S,single,,98,943,1
3,pg,S,single,,99,849,1
3,pg,S,single,,100,863,1
3,pg,S,single,,101,757,1
3,pg,S,single,,102,716,1
3,pg,S,single,,103,883,1
3,pg,S,single,,104,866,1
3,pg,S,single,,105,859,1
3,pg,S,single,,106,746,1
3,pg,S,single,,107,791,1
3,pg,S,single,,108,728,1
3,pg,S,single,,109,880,1
3,pg,S,single,,110,997,1
3,pg,S,single,,111,919,1
3,pg,S,single,,112,775,1
3,pg,S,single,,113,725,1
3,pg,S,single,,114,782,1
3,pg,S,single,,115,714,1
3,pg,S,single,,116,941,1
3,pg,S,single,,117,730,1
3,pg,S,single,,118,691,1
3,pg,S,single,,119,718,1
3,pg,S,single,,120,836,1
3,pg,S,single,,121,1119,1
3,pg,S,single,,122,2552,1
3,pg,S,single,,123,734,1
3,pg,S,single,,124,755,1
3,pg,S,single,,125,980,1
3,pg,S,single,,126,1013,1
3,pg,S,single,,127,794,1
3,pg,S,single,,128,821,1
3,pg,S,single,,129,775,1
3,pg,S,single,,130,754,1
3,pg,S,single,,131,750,1
3,pg,S,single,,132,907,1
3,pg,S,single,,133,728,1
3,pg,S,single,,134,913,1
3,pg,S,single,,135,786,1
3,pg,S,single,,136,708,1
3,pg,S,single,,137,775,1
3,pg,S,single,,138,842,1
3,pg,S,single,,139,666,1
3,pg,S,single,,140,795,1
3,pg,S,single,,141,851,1
3,pg,S,single,,142,819,1
3,pg,S,single,,143,928,1
3,pg,S,single,,144,627,1
3,pg,S,single,,145,719,1
3,pg,S,single,,146,1315,1
3,pg,S,single,,147,689,1
3,pg,S,single,,148,717,1
3,pg,S,single,,149,759,1
3,pg,S,single,,150,913,1
3,pg,S,single,,151,715,1
3,pg,S,single,,152,728,1
3,pg,S,single,,153,774,1
3,pg,S,single,,154,791,1
3,pg,S,single,,155,862,1
3,pg,S,single,,156,703,1
3,pg,S,single,,157,1059,1
3,pg,S,single,,158,750,1
3,pg,S,single,,159,941,1
3,pg,S,single,,160,837,1
3,pg,S,single,,161,1016,1
3,pg,S,single,,162,935,1
3,pg,S,single,,163,856,1
3,pg,S,single,,164,802,1
3,pg,S,single,,165,830,1
3,pg,S,single,,166,834,1
3,pg,S,single,,167,726,1
3,pg,S,single,,168,605,1
3,pg,S,single,,169,605,1
3,pg,S,single,,170,770,1
3,pg,S,single,,171,673,1
3,pg,S,single,,172,571,1
3,pg,S,single,,173,675,1
3,pg,S,single,,174,1304,1
3,pg,S,single,,175,810,1
3,pg,S,single,,176,825,1
3,pg,S,single,,177,765,1
3,pg,S,single,,178,975,1
3,pg,S,single,,179,830,1
3,pg,S,single,,180,883,1
3,pg,S,single,,181,947,1
3,pg,S,single,,182,981,1
3,pg,S,single,,183,634,1
3,pg,S,single,,184,876,1
3,pg,S,single,,185,812,1
3,pg,S,single,,186,789,1
3,pg,S,single,,187,746,1
3,pg,S,single,,188,779,1
3,pg,S,single,,189,778,1
3,pg,S,single,,190,818,1
3,pg,S,single,,191,1063,1
3,pg,S,single,,192,800,1
3,pg,S,single,,193,668,1
3,pg,S,single,,194,725,1
3,pg,S,single,,195,757,1
3,pg,S,single,,196,621,1
3,pg,S,single,,197,775,1
3,pg,S,single,,198,754,1
3,pg,S,single,,199,732,1
3,pg,S,medium,both,0,134760,7650
3,pg,S,medium,both,1,132027,7650
3,pg,S,medium,both,2,156460,7650
3,pg,S,medium,both,3,129130,7650
3,pg,S,medium,both,4,132806,7650
3,pg,S,medium,both,5,142012,7650
3,pg,S,medium,both,6,155394,7650
3,pg,S,medium,both,7,176890,7650
3,pg,S,medium,both,8,155883,7650
3,pg,S,medium,both,9,157198,7650
3,pg,S,medium,both,10,129683,7650
3,pg,S,medium,both,11,133767,7650
3,pg,S,medium,both,12,129716,7650
3,pg,S,medium,both,13,129600,7650
3,pg,S,medium,both,14,130540,7650
3,pg,S,medium,both,15,155634,7650
3,pg,S,medium,both,16,157497,7650
3,pg,S,medium,both,17,176241,7650
3,pg,S,medium,both,18,180111,7650
3,pg,S,medium,both,19,169600,7650
3,pg,S,medium,both,20,155612,7650
3,pg,S,medium,both,21,157308,7650
3,pg,S,medium,both,22,129292,7650
3,pg,S,medium,both,23,131079,7650
3,pg,S,medium,both,24,130089,7650
3,pg,S,medium,both,25,130888,7650
3,pg,S,medium,both,26,157534,7650
3,pg,S,medium,both,27,129910,7650
3,pg,S,medium,both,28,159222,7650
3,pg,S,medium,both,29,127302,7650
3,pg,S,medium,both,30,130588,7650
3,pg,S,medium,both,31,158640,7650
3,pg,S,medium,both,32,131611,7650
3,pg,S,medium,both,33,130626,7650
3,pg,S,medium,both,34,161521,7650
3,pg,S,medium,both,35,169389,7650
3,pg,S,medium,both,36,159701,7650
3,pg,S,medium,both,37,131403,7650
3,pg,S,medium,both,38,158537,7650
3,pg,S,medium,both,39,130348,7650
3,pg,S,medium,both,40,129753,7650
3,pg,S,medium,both,41,129996,7650
3,pg,S,medium,both,42,169031,7650
3,pg,S,medium,both,43,170040,7650
3,pg,S,medium,both,44,134499,7650
3,pg,S,medium,both,45,134544,7650
3,pg,S,medium,both,46,130556,7650
3,pg,S,medium,both,47,130490,7650
3,pg,S,medium,both,48,141721,7650
3,pg,S,medium,both,49,132000,7650
3,pg,S,medium,both,50,132362,7650
3,pg,S,medium,both,51,131147,7650
3,pg,S,medium,both,52,131440,7650
3,pg,S,medium,both,53,133429,7650
3,pg,S,medium,both,54,141971,7650
3,pg,S,medium,both,55,143231,7650
3,pg,S,medium,both,56,142117,7650
3,pg,S,medium,both,57,140331,7650
3,pg,S,medium,both,58,129661,7650
3,pg,S,medium,both,59,129124,7650
3,pg,S,medium,both,60,158387,7650
3,pg,S,medium,both,61,131175,7650
3,pg,S,medium,both,62,129732,7650
3,pg,S,medium,both,63,134957,7650
3,pg,S,medium,both,64,129860,7650
3,pg,S,medium,both,65,127859,7650
3,pg,S,medium,both,66,131868,7650
3,pg,S,medium,both,67,158899,7650
3,pg,S,medium,both,68,157614,7650
3,pg,S,medium,both,69,130527,7650
3,pg,S,medium,both,70,130371,7650
3,pg,S,medium,both,71,157872,7650
3,pg,S,medium,both,72,206383,7650
3,pg,S,medium,both,73,131541,7650
3,pg,S,medium,both,74,129784,7650
3,pg,S,medium,both,75,134458,7650
3,pg,S,medium,both,76,159707,7650
3,pg,S,medium,both,77,171510,7650
3,pg,S,medium,both,78,131304,7650
3,pg,S,medium,both,79,153253,7650
3,pg,S,medium,both,80,141664,7650
3,pg,S,medium,both,81,174393,7650
3,pg,S,medium,both,82,135421,7650
3,pg,S,medium,both,83,133069,7650
3,pg,S,medium,both,84,129621,7650
3,pg,S,medium,both,85,130161,7650
3,pg,S,medium,both,86,131782,7650
3,pg,S,medium,both,87,131416,7650
3,pg,S,medium,both,88,132451,7650
3,pg,S,medium,both,89,131894,7650
3,pg,S,medium,both,90,130963,7650
3,pg,S,medium,both,91,139189,7650
3,pg,S,medium,both,92,189835,7650
3,pg,S,medium,both,93,197787,7650
3,pg,S,medium,both,94,193574,7650
3,pg,S,medium,both,95,166338,7650
3,pg,S,medium,both,96,134953,7650
3,pg,S,medium,both,97,131327,7650
3,pg,S,medium,both,98,130107,7650
3,pg,S,medium,both,99,156090,7650
3,pg,S,medium,both,100,130493,7650
3,pg,S,medium,both,101,131789,7650
3,pg,S,medium,both,102,131226,7650
3,pg,S,medium,both,103,129845,7650
3,pg,S,medium,both,104,139194,7650
3,pg,S,medium,both,105,140019,7650
3,pg,S,medium,both,106,133470,7650
3,pg,S,medium,both,107,132402,7650
3,pg,S,medium,both,108,130756,7650
3,pg,S,medium,both,109,131834,7650
3,pg,S,medium,both,110,131254,7650
3,pg,S,medium,both,111,132624,7650
3,pg,S,medium,both,112,138241,7650
3,pg,S,medium,both,113,130448,7650
3,pg,S,medium,both,114,131019,7650
3,pg,S,medium,both,115,129543,7650
3,pg,S,medium,both,116,132998,7650
3,pg,S,medium,both,117,131843,7650
3,pg,S,medium,both,118,183155,7650
3,pg,S,medium,both,119,181560,7650
3,pg,S,medium,both,120,150636,7650
3,pg,S,medium,both,121,136521,7650
3,pg,S,medium,both,122,137387,7650
3,pg,S,medium,both,123,165561,7650
3,pg,S,medium,both,124,132949,7650
3,pg,S,medium,both,125,128981,7650
3,pg,S,medium,both,126,157615,7650
3,pg,S,medium,both,127,130142,7650
3,pg,S,medium,both,128,130602,7650
3,pg,S,medium,both,129,129684,7650
3,pg,S,medium,both,130,130214,7650
3,pg,S,medium,both,131,162246,7650
3,pg,S,medium,both,132,146828,7650
3,pg,S,medium,both,133,147949,7650
3,pg,S,medium,both,134,140575,7650
3,pg,S,medium,both,135,143712,7650
3,pg,S,medium,both,136,137003,7650
3,pg,S,medium,both,137,132860,7650
3,pg,S,medium,both,138,131618,7650
3,pg,S,medium,both,139,130548,7650
3,pg,S,medium,both,140,135819,7650
3,pg,S,medium,both,141,135291,7650
3,pg,S,medium,both,142,156653,7650
3,pg,S,medium,both,143,156726,7650
3,pg,S,medium,both,144,131017,7650
3,pg,S,medium,both,145,129590,7650
3,pg,S,medium,both,146,157846,7650
3,pg,S,medium,both,147,156798,7650
3,pg,S,medium,both,148,156333,7650
3,pg,S,medium,both,149,162931,7650
3,pg,S,medium,both,150,129590,7650
3,pg,S,medium,both,151,132660,7650
3,pg,S,medium,both,152,131306,7650
3,pg,S,medium,both,153,129619,7650
3,pg,S,medium,both,154,130858,7650
3,pg,S,medium,both,155,166517,7650
3,pg,S,medium,both,156,137777,7650
3,pg,S,medium,both,157,137157,7650
3,pg,S,medium,both,158,135040,7650
3,pg,S,medium,both,159,132600,7650
3,pg,S,medium,both,160,129830,7650
3,pg,S,medium,both,161,131241,7650
3,pg,S,medium,both,162,155760,7650
3,pg,S,medium,both,163,156762,7650
3,pg,S,medium,both,164,167310,7650
3,pg,S,medium,both,165,160679,7650
3,pg,S,medium,both,166,131863,7650
3,pg,S,medium,both,167,144326,7650
3,pg,S,medium,both,168,222324,7650
3,pg,S,medium,both,169,159751,7650
3,pg,S,medium,both,170,148715,7650
3,pg,S,medium,both,171,147413,7650
3,pg,S,medium,both,172,142085,7650
3,pg,S,medium,both,173,133592,7650
3,pg,S,medium,both,174,130475,7650
3,pg,S,medium,both,175,160451,7650
3,pg,S,medium,both,176,156109,7650
3,pg,S,medium,both,177,157459,7650
3,pg,S,medium,both,178,166816,7650
3,pg,S,medium,both,179,158057,7650
3,pg,S,medium,both,180,129886,7650
3,pg,S,medium,both,181,134460,7650
3,pg,S,medium,both,182,130928,7650
3,pg,S,medium,both,183,130207,7650
3,pg,S,medium,both,184,129344,7650
3,pg,S,medium,both,185,131038,7650
3,pg,S,medium,both,186,131557,7650
3,pg,S,medium,both,187,130713,7650
3,pg,S,medium,both,188,130935,7650
3,pg,S,medium,both,189,129075,7650
3,pg,S,medium,both,190,129885,7650
3,pg,S,medium,both,191,131557,7650
3,pg,S,medium,both,192,130989,7650
3,pg,S,medium,both,193,149003,7650
3,pg,S,medium,both,194,138453,7650
3,pg,S,medium,both,195,143281,7650
3,pg,S,medium,both,196,131361,7650
3,pg,S,medium,both,197,130082,7650
3,pg,S,medium,both,198,158314,7650
3,pg,S,medium,both,199,157080,7650
3,mongo,S,medium,both,0,75175,7648
3,mongo,S,medium,both,1,63976,7648
3,mongo,S,medium,both,2,68502,7648
3,mongo,S,medium,both,3,72137,7648
3,mongo,S,medium,both,4,64315,7648
3,mongo,S,medium,both,5,63277,7648
3,mongo,S,medium,both,6,65038,7648
3,mongo,S,medium,both,7,68563,7648
3,mongo,S,medium,both,8,62968,7648
3,mongo,S,medium,both,9,62125,7648
3,mongo,S,medium,both,10,68788,7648
3,mongo,S,medium,both,11,62779,7648
3,mongo,S,medium,both,12,62752,7648
3,mongo,S,medium,both,13,62003,7648
3,mongo,S,medium,both,14,63059,7648
3,mongo,S,medium,both,15,62396,7648
3,mongo,S,medium,both,16,77676,7648
3,mongo,S,medium,both,17,79309,7648
3,mongo,S,medium,both,18,79067,7648
3,mongo,S,medium,both,19,80175,7648
3,mongo,S,medium,both,20,68515,7648
3,mongo,S,medium,both,21,72713,7648
3,mongo,S,medium,both,22,86190,7648
3,mongo,S,medium,both,23,72072,7648
3,mongo,S,medium,both,24,69468,7648
3,mongo,S,medium,both,25,63258,7648
3,mongo,S,medium,both,26,62425,7648
3,mongo,S,medium,both,27,77477,7648
3,mongo,S,medium,both,28,69617,7648
3,mongo,S,medium,both,29,75371,7648
3,mongo,S,medium,both,30,74404,7648
3,mongo,S,medium,both,31,75654,7648
3,mongo,S,medium,both,32,65216,7648
3,mongo,S,medium,both,33,64527,7648
3,mongo,S,medium,both,34,62887,7648
3,mongo,S,medium,both,35,62744,7648
3,mongo,S,medium,both,36,62579,7648
3,mongo,S,medium,both,37,67770,7648
3,mongo,S,medium,both,38,74591,7648
3,mongo,S,medium,both,39,66364,7648
3,mongo,S,medium,both,40,67970,7648
3,mongo,S,medium,both,41,66588,7648
3,mongo,S,medium,both,42,65661,7648
3,mongo,S,medium,both,43,67125,7648
3,mongo,S,medium,both,44,73237,7648
3,mongo,S,medium,both,45,86752,7648
3,mongo,S,medium,both,46,67273,7648
3,mongo,S,medium,both,47,66146,7648
3,mongo,S,medium,both,48,65735,7648
3,mongo,S,medium,both,49,66374,7648
3,mongo,S,medium,both,50,64666,7648
3,mongo,S,medium,both,51,65833,7648
3,mongo,S,medium,both,52,71543,7648
3,mongo,S,medium,both,53,67025,7648
3,mongo,S,medium,both,54,73989,7648
3,mongo,S,medium,both,55,80220,7648
3,mongo,S,medium,both,56,74947,7648
3,mongo,S,medium,both,57,67397,7648
3,mongo,S,medium,both,58,64428,7648
3,mongo,S,medium,both,59,71628,7648
3,mongo,S,medium,both,60,63065,7648
3,mongo,S,medium,both,61,69605,7648
3,mongo,S,medium,both,62,64773,7648
3,mongo,S,medium,both,63,72344,7648
3,mongo,S,medium,both,64,74288,7648
3,mongo,S,medium,both,65,67699,7648
3,mongo,S,medium,both,66,72075,7648
3,mongo,S,medium,both,67,66679,7648
3,mongo,S,medium,both,68,72977,7648
3,mongo,S,medium,both,69,64016,7648
3,mongo,S,medium,both,70,64470,7648
3,mongo,S,medium,both,71,66762,7648
3,mongo,S,medium,both,72,68898,7648
3,mongo,S,medium,both,73,73964,7648
3,mongo,S,medium,both,74,76678,7648
3,mongo,S,medium,both,75,82972,7648
3,mongo,S,medium,both,76,65698,7648
3,mongo,S,medium,both,77,63689,7648
3,mongo,S,medium,both,78,67370,7648
3,mongo,S,medium,both,79,74321,7648
3,mongo,S,medium,both,80,73458,7648
3,mongo,S,medium,both,81,70448,7648
3,mongo,S,medium,both,82,70830,7648
3,mongo,S,medium,both,83,64452,7648
3,mongo,S,medium,both,84,68787,7648
3,mongo,S,medium,both,85,67062,7648
3,mongo,S,medium,both,86,66292,7648
3,mongo,S,medium,both,87,79137,7648
3,mongo,S,medium,both,88,72218,7648
3,mongo,S,medium,both,89,68709,7648
3,mongo,S,medium,both,90,66945,7648
3,mongo,S,medium,both,91,68113,7648
3,mongo,S,medium,both,92,64360,7648
3,mongo,S,medium,both,93,70857,7648
3,mongo,S,medium,both,94,82838,7648
3,mongo,S,medium,both,95,80752,7648
3,mongo,S,medium,both,96,78018,7648
3,mongo,S,medium,both,97,78003,7648
3,mongo,S,medium,both,98,79056,7648
3,mongo,S,medium,both,99,78921,7648
3,mongo,S,medium,both,100,80588,7648
3,mongo,S,medium,both,101,78021,7648
3,mongo,S,medium,both,102,68593,7648
3,mongo,S,medium,both,103,88234,7648
3,mongo,S,medium,both,104,69068,7648
3,mongo,S,medium,both,105,65348,7648
3,mongo,S,medium,both,106,65766,7648
3,mongo,S,medium,both,107,64398,7648
3,mongo,S,medium,both,108,71966,7648
3,mongo,S,medium,both,109,66237,7648
3,mongo,S,medium,both,110,66352,7648
3,mongo,S,medium,both,111,65041,7648
3,mongo,S,medium,both,112,69199,7648
3,mongo,S,medium,both,113,68962,7648
3,mongo,S,medium,both,114,70174,7648
3,mongo,S,medium,both,115,74547,7648
3,mongo,S,medium,both,116,67381,7648
3,mongo,S,medium,both,117,68641,7648
3,mongo,S,medium,both,118,70163,7648
3,mongo,S,medium,both,119,68426,7648
3,mongo,S,medium,both,120,70690,7648
3,mongo,S,medium,both,121,67180,7648
3,mongo,S,medium,both,122,67981,7648
3,mongo,S,medium,both,123,67195,7648
3,mongo,S,medium,both,124,65377,7648
3,mongo,S,medium,both,125,69525,7648
3,mongo,S,medium,both,126,69981,7648
3,mongo,S,medium,both,127,72127,7648
3,mongo,S,medium,both,128,66909,7648
3,mongo,S,medium,both,129,74475,7648
3,mongo,S,medium,both,130,71020,7648
3,mongo,S,medium,both,131,70377,7648
3,mongo,S,medium,both,132,67721,7648
3,mongo,S,medium,both,133,81180,7648
3,mongo,S,medium,both,134,66267,7648
3,mongo,S,medium,both,135,66208,7648
3,mongo,S,medium,both,136,71994,7648
3,mongo,S,medium,both,137,70004,7648
3,mongo,S,medium,both,138,67271,7648
3,mongo,S,medium,both,139,69090,7648
3,mongo,S,medium,both,140,79867,7648
3,mongo,S,medium,both,141,74358,7648
3,mongo,S,medium,both,142,76063,7648
3,mongo,S,medium,both,143,79683,7648
3,mongo,S,medium,both,144,77800,7648
3,mongo,S,medium,both,145,72103,7648
3,mongo,S,medium,both,146,68404,7648
3,mongo,S,medium,both,147,65182,7648
3,mongo,S,medium,both,148,65195,7648
3,mongo,S,medium,both,149,68957,7648
3,mongo,S,medium,both,150,73095,7648
3,mongo,S,medium,both,151,62041,7648
3,mongo,S,medium,both,152,64049,7648
3,mongo,S,medium,both,153,68140,7648
3,mongo,S,medium,both,154,66211,7648
3,mongo,S,medium,both,155,62747,7648
3,mongo,S,medium,both,156,65962,7648
3,mongo,S,medium,both,157,66334,7648
3,mongo,S,medium,both,158,69037,7648
3,mongo,S,medium,both,159,66045,7648
3,mongo,S,medium,both,160,64409,7648
3,mongo,S,medium,both,161,67600,7648
3,mongo,S,medium,both,162,67359,7648
3,mongo,S,medium,both,163,68130,7648
3,mongo,S,medium,both,164,66777,7648
3,mongo,S,medium,both,165,65515,7648
3,mongo,S,medium,both,166,67390,7648
3,mongo,S,medium,both,167,63232,7648
3,mongo,S,medium,both,168,67019,7648
3,mongo,S,medium,both,169,68366,7648
3,mongo,S,medium,both,170,63500,7648
3,mongo,S,medium,both,171,65045,7648
3,mongo,S,medium,both,172,67975,7648
3,mongo,S,medium,both,173,67858,7648
3,mongo,S,medium,both,174,77802,7648
3,mongo,S,medium,both,175,75713,7648
3,mongo,S,medium,both,176,74169,7648
3,mongo,S,medium,both,177,89384,7648
3,mongo,S,medium,both,178,82236,7648
3,mongo,S,medium,both,179,78058,7648
3,mongo,S,medium,both,180,86840,7648
3,mongo,S,medium,both,181,70101,7648
3,mongo,S,medium,both,182,67006,7648
3,mongo,S,medium,both,183,71704,7648
3,mongo,S,medium,both,184,65092,7648
3,mongo,S,medium,both,185,70889,7648
3,mongo,S,medium,both,186,70841,7648
3,mongo,S,medium,both,187,64216,7648
3,mongo,S,medium,both,188,64980,7648
3,mongo,S,medium,both,189,66716,7648
3,mongo,S,medium,both,190,63340,7648
3,mongo,S,medium,both,191,62783,7648
3,mongo,S,medium,both,192,76313,7648
3,mongo,S,medium,both,193,63853,7648
3,mongo,S,medium,both,194,61466,7648
3,mongo,S,medium,both,195,67699,7648
3,mongo,S,medium,both,196,61912,7648
3,mongo,S,medium,both,197,65513,7648
3,mongo,S,medium,both,198,63472,7648
3,mongo,S,medium,both,199,68843,7648
3,mongo,U,medium,bike,0,20471,1434
3,mongo,U,medium,bike,1,17666,1434
3,mongo,U,medium,bike,2,19582,1434
3,mongo,U,medium,bike,3,16748,1434
3,mongo,U,medium,bike,4,19777,1434
3,mongo,U,medium,bike,5,17488,1434
3,mongo,U,medium,bike,6,17869,1434
3,mongo,U,medium,bike,7,18621,1434
3,mongo,U,medium,bike,8,17423,1434
3,mongo,U,medium,bike,9,17572,1434
3,mongo,U,medium,bike,10,18751,1434
3,mongo,U,medium,bike,11,19397,1434
3,mongo,U,medium,bike,12,17842,1434
3,mongo,U,medium,bike,13,16399,1434
3,mongo,U,medium,bike,14,15665,1434
3,mongo,U,medium,bike,15,19098,1434
3,mongo,U,medium,bike,16,19890,1434
3,mongo,U,medium,bike,17,18551,1434
3,mongo,U,medium,bike,18,19736,1434
3,mongo,U,medium,bike,19,18287,1434
3,mongo,U,medium,bike,20,20548,1434
3,mongo,U,medium,bike,21,19486,1434
3,mongo,U,medium,bike,22,16515,1434
3,mongo,U,medium,bike,23,18626,1434
3,mongo,U,medium,bike,24,18560,1434
3,mongo,U,medium,bike,25,16955,1434
3,mongo,U,medium,bike,26,19740,1434
3,mongo,U,medium,bike,27,18273,1434
3,mongo,U,medium,bike,28,21339,1434
3,mongo,U,medium,bike,29,19156,1434
3,mongo,U,medium,bike,30,18144,1434
3,mongo,U,medium,bike,31,17260,1434
3,mongo,U,medium,bike,32,16251,1434
3,mongo,U,medium,bike,33,18679,1434
3,mongo,U,medium,bike,34,17252,1434
3,mongo,U,medium,bike,35,18312,1434
3,mongo,U,medium,bike,36,19576,1434
3,mongo,U,medium,bike,37,17014,1434
3,mongo,U,medium,bike,38,18484,1434
3,mongo,U,medium,bike,39,19257,1434
3,mongo,U,medium,bike,40,18419,1434
3,mongo,U,medium,bike,41,15553,1434
3,mongo,U,medium,bike,42,16897,1434
3,mongo,U,medium,bike,43,16849,1434
3,mongo,U,medium,bike,44,16848,1434
3,mongo,U,medium,bike,45,18695,1434
3,mongo,U,medium,bike,46,17713,1434
3,mongo,U,medium,bike,47,19128,1434
3,mongo,U,medium,bike,48,17510,1434
3,mongo,U,medium,bike,49,19642,1434
3,mongo,U,medium,bike,50,17720,1434
3,mongo,U,medium,bike,51,19478,1434
3,mongo,U,medium,bike,52,19348,1434
3,mongo,U,medium,bike,53,20069,1434
3,mongo,U,medium,bike,54,17897,1434
3,mongo,U,medium,bike,55,18927,1434
3,mongo,U,medium,bike,56,17678,1434
3,mongo,U,medium,bike,57,18930,1434
3,mongo,U,medium,bike,58,21943,1434
3,mongo,U,medium,bike,59,17005,1434
3,mongo,U,medium,bike,60,21340,1434
3,mongo,U,medium,bike,61,20203,1434
3,mongo,U,medium,bike,62,19722,1434
3,mongo,U,medium,bike,63,19239,1434
3,mongo,U,medium,bike,64,18233,1434
3,mongo,U,medium,bike,65,18834,1434
3,mongo,U,medium,bike,66,17605,1434
3,mongo,U,medium,bike,67,23997,1434
3,mongo,U,medium,bike,68,23479,1434
3,mongo,U,medium,bike,69,25387,1434
3,mongo,U,medium,bike,70,20345,1434
3,mongo,U,medium,bike,71,20780,1434
3,mongo,U,medium,bike,72,21249,1434
3,mongo,U,medium,bike,73,23213,1434
3,mongo,U,medium,bike,74,21292,1434
3,mongo,U,medium,bike,75,22177,1434
3,mongo,U,medium,bike,76,20575,1434
3,mongo,U,medium,bike,77,21955,1434
3,mongo,U,medium,bike,78,21692,1434
3,mongo,U,medium,bike,79,20937,1434
3,mongo,U,medium,bike,80,25886,1434
3,mongo,U,medium,bike,81,29777,1434
3,mongo,U,medium,bike,82,27828,1434
3,mongo,U,medium,bike,83,21315,1434
3,mongo,U,medium,bike,84,21621,1434
3,mongo,U,medium,bike,85,24193,1434
3,mongo,U,medium,bike,86,17654,1434
3,mongo,U,medium,bike,87,16751,1434
3,mongo,U,medium,bike,88,19842,1434
3,mongo,U,medium,bike,89,18898,1434
3,mongo,U,medium,bike,90,19060,1434
3,mongo,U,medium,bike,91,17974,1434
3,mongo,U,medium,bike,92,19811,1434
3,mongo,U,medium,bike,93,19589,1434
3,mongo,U,medium,bike,94,19095,1434
3,mongo,U,medium,bike,95,19401,1434
3,mongo,U,medium,bike,96,19041,1434
3,mongo,U,medium,bike,97,19834,1434
3,mongo,U,medium,bike,98,18146,1434
3,mongo,U,medium,bike,99,18684,1434
3,mongo,U,medium,bike,100,19406,1434
3,mongo,U,medium,bike,101,18688,1434
3,mongo,U,medium,bike,102,20424,1434
3,mongo,U,medium,bike,103,19381,1434
3,mongo,U,medium,bike,104,23277,1434
3,mongo,U,medium,bike,105,26930,1434
3,mongo,U,medium,bike,106,23103,1434
3,mongo,U,medium,bike,107,31718,1434
3,mongo,U,medium,bike,108,19958,1434
3,mongo,U,medium,bike,109,19134,1434
3,mongo,U,medium,bike,110,16479,1434
3,mongo,U,medium,bike,111,20830,1434
3,mongo,U,medium,bike,112,20807,1434
3,mongo,U,medium,bike,113,19611,1434
3,mongo,U,medium,bike,114,19895,1434
3,mongo,U,medium,bike,115,19687,1434
3,mongo,U,medium,bike,116,18079,1434
3,mongo,U,medium,bike,117,17649,1434
3,mongo,U,medium,bike,118,17110,1434
3,mongo,U,medium,bike,119,20885,1434
3,mongo,U,medium,bike,120,18784,1434
3,mongo,U,medium,bike,121,18481,1434
3,mongo,U,medium,bike,122,19688,1434
3,mongo,U,medium,bike,123,18255,1434
3,mongo,U,medium,bike,124,21372,1434
3,mongo,U,medium,bike,125,19196,1434
3,mongo,U,medium,bike,126,19830,1434
3,mongo,U,medium,bike,127,16256,1434
3,mongo,U,medium,bike,128,18915,1434
3,mongo,U,medium,bike,129,16116,1434
3,mongo,U,medium,bike,130,19393,1434
3,mongo,U,medium,bike,131,20005,1434
3,mongo,U,medium,bike,132,19066,1434
3,mongo,U,medium,bike,133,17402,1434
3,mongo,U,medium,bike,134,18346,1434
3,mongo,U,medium,bike,135,19181,1434
3,mongo,U,medium,bike,136,17561,1434
3,mongo,U,medium,bike,137,18293,1434
3,mongo,U,medium,bike,138,16083,1434
3,mongo,U,medium,bike,139,18844,1434
3,mongo,U,medium,bike,140,16291,1434
3,mongo,U,medium,bike,141,18784,1434
3,mongo,U,medium,bike,142,16684,1434
3,mongo,U,medium,bike,143,18867,1434
3,mongo,U,medium,bike,144,16530,1434
3,mongo,U,medium,bike,145,19067,1434
3,mongo,U,medium,bike,146,19702,1434
3,mongo,U,medium,bike,147,17342,1434
3,mongo,U,medium,bike,148,17969,1434
3,mongo,U,medium,bike,149,17265,1434
3,mongo,U,medium,bike,150,18187,1434
3,mongo,U,medium,bike,151,20303,1434
3,mongo,U,medium,bike,152,17934,1434
3,mongo,U,medium,bike,153,21348,1434
3,mongo,U,medium,bike,154,18160,1434
3,mongo,U,medium,bike,155,16821,1434
3,mongo,U,medium,bike,156,17543,1434
3,mongo,U,medium,bike,157,19060,1434
3,mongo,U,medium,bike,158,16866,1434
3,mongo,U,medium,bike,159,17659,1434
3,mongo,U,medium,bike,160,16111,1434
3,mongo,U,medium,bike,161,21245,1434
3,mongo,U,medium,bike,162,18279,1434
3,mongo,U,medium,bike,163,15537,1434
3,mongo,U,medium,bike,164,19592,1434
3,mongo,U,medium,bike,165,19275,1434
3,mongo,U,medium,bike,166,19473,1434
3,mongo,U,medium,bike,167,17740,1434
3,mongo,U,medium,bike,168,17275,1434
3,mongo,U,medium,bike,169,16722,1434
3,mongo,U,medium,bike,170,20844,1434
3,mongo,U,medium,bike,171,18015,1434
3,mongo,U,medium,bike,172,19016,1434
3,mongo,U,medium,bike,173,19878,1434
3,mongo,U,medium,bike,174,19377,1434
3,mongo,U,medium,bike,175,19428,1434
3,mongo,U,medium,bike,176,17973,1434
3,mongo,U,medium,bike,177,20403,1434
3,mongo,U,medium,bike,178,19184,1434
3,mongo,U,medium,bike,179,19774,1434
3,mongo,U,medium,bike,180,19564,1434
3,mongo,U,medium,bike,181,21378,1434
3,mongo,U,medium,bike,182,20202,1434
3,mongo,U,medium,bike,183,19458,1434
3,mongo,U,medium,bike,184,18133,1434
3,mongo,U,medium,bike,185,20676,1434
3,mongo,U,medium,bike,186,18422,1434
3,mongo,U,medium,bike,187,18796,1434
3,mongo,U,medium,bike,188,21880,1434
3,mongo,U,medium,bike,189,24611,1434
3,mongo,U,medium,bike,190,23610,1434
3,mongo,U,medium,bike,191,18841,1434
3,mongo,U,medium,bike,192,24497,1434
3,mongo,U,medium,bike,193,21505,1434
3,mongo,U,medium,bike,194,19492,1434
3,mongo,U,medium,bike,195,21387,1434
3,mongo,U,medium,bike,196,21438,1434
3,mongo,U,medium,bike,197,24251,1434
3,mongo,U,medium,bike,198,24112,1434
3,mongo,U,medium,bike,199,26766,1434
3,pg,U,medium,both,0,184450,7650
3,pg,U,medium,both,1,167498,7650
3,pg,U,medium,both,2,130113,7650
3,pg,U,medium,both,3,131099,7650
3,pg,U,medium,both,4,131201,7650
3,pg,U,medium,both,5,135369,7650
3,pg,U,medium,both,6,130085,7650
3,pg,U,medium,both,7,158060,7650
3,pg,U,medium,both,8,131295,7650
3,pg,U,medium,both,9,130250,7650
3,pg,U,medium,both,10,130284,7650
3,pg,U,medium,both,11,130439,7650
3,pg,U,medium,both,12,131443,7650
3,pg,U,medium,both,13,135953,7650
3,pg,U,medium,both,14,132201,7650
3,pg,U,medium,both,15,130313,7650
3,pg,U,medium,both,16,135037,7650
3,pg,U,medium,both,17,131872,7650
3,pg,U,medium,both,18,131226,7650
3,pg,U,medium,both,19,132499,7650
3,pg,U,medium,both,20,174892,7650
3,pg,U,medium,both,21,169129,7650
3,pg,U,medium,both,22,166722,7650
3,pg,U,medium,both,23,130956,7650
3,pg,U,medium,both,24,129881,7650
3,pg,U,medium,both,25,131870,7650
3,pg,U,medium,both,26,138029,7650
3,pg,U,medium,both,27,140988,7650
3,pg,U,medium,both,28,135519,7650
3,pg,U,medium,both,29,131574,7650
3,pg,U,medium,both,30,132585,7650
3,pg,U,medium,both,31,133249,7650
3,pg,U,medium,both,32,131204,7650
3,pg,U,medium,both,33,130390,7650
3,pg,U,medium,both,34,130346,7650
3,pg,U,medium,both,35,129771,7650
3,pg,U,medium,both,36,131024,7650
3,pg,U,medium,both,37,140615,7650
3,pg,U,medium,both,38,145987,7650
3,pg,U,medium,both,39,142369,7650
3,pg,U,medium,both,40,173858,7650
3,pg,U,medium,both,41,156222,7650
3,pg,U,medium,both,42,135473,7650
3,pg,U,medium,both,43,131570,7650
3,pg,U,medium,both,44,158806,7650
3,pg,U,medium,both,45,130774,7650
3,pg,U,medium,both,46,132056,7650
3,pg,U,medium,both,47,129950,7650
3,pg,U,medium,both,48,130594,7650
3,pg,U,medium,both,49,131375,7650
3,pg,U,medium,both,50,132312,7650
3,pg,U,medium,both,51,131575,7650
3,pg,U,medium,both,52,131299,7650
3,pg,U,medium,both,53,131155,7650
3,pg,U,medium,both,54,129197,7650
3,pg,U,medium,both,55,131077,7650
3,pg,U,medium,both,56,129885,7650
3,pg,U,medium,both,57,131921,7650
3,pg,U,medium,both,58,140874,7650
3,pg,U,medium,both,59,143270,7650
3,pg,U,medium,both,60,141685,7650
3,pg,U,medium,both,61,141051,7650
3,pg,U,medium,both,62,141507,7650
3,pg,U,medium,both,63,132913,7650
3,pg,U,medium,both,64,131508,7650
3,pg,U,medium,both,65,131116,7650
3,pg,U,medium,both,66,132603,7650
3,pg,U,medium,both,67,131712,7650
3,pg,U,medium,both,68,163826,7650
3,pg,U,medium,both,69,132146,7650
3,pg,U,medium,both,70,132531,7650
3,pg,U,medium,both,71,131239,7650
3,pg,U,medium,both,72,132461,7650
3,pg,U,medium,both,73,132794,7650
3,pg,U,medium,both,74,131736,7650
3,pg,U,medium,both,75,157372,7650
3,pg,U,medium,both,76,172519,7650
3,pg,U,medium,both,77,163061,7650
3,pg,U,medium,both,78,142537,7650
3,pg,U,medium,both,79,144227,7650
3,pg,U,medium,both,80,131451,7650
3,pg,U,medium,both,81,131631,7650
3,pg,U,medium,both,82,130833,7650
3,pg,U,medium,both,83,129874,7650
3,pg,U,medium,both,84,131156,7650
3,pg,U,medium,both,85,142832,7650
3,pg,U,medium,both,86,130567,7650
3,pg,U,medium,both,87,133601,7650
3,pg,U,medium,both,88,136345,7650
3,pg,U,medium,both,89,131645,7650
3,pg,U,medium,both,90,131774,7650
3,pg,U,medium,both,91,132655,7650
3,pg,U,medium,both,92,130595,7650
3,pg,U,medium,both,93,156676,7650
3,pg,U,medium,both,94,135539,7650
3,pg,U,medium,both,95,130532,7650
3,pg,U,medium,both,96,129966,7650
3,pg,U,medium,both,97,136311,7650
3,pg,U,medium,both,98,139167,7650
3,pg,U,medium,both,99,145621,7650
3,pg,U,medium,both,100,148870,7650
3,pg,U,medium,both,101,130596,7650
3,pg,U,medium,both,102,166234,7650
3,pg,U,medium,both,103,159787,7650
3,pg,U,medium,both,104,256952,7650
3,pg,U,medium,both,105,174925,7650
3,pg,U,medium,both,106,167634,7650
3,pg,U,medium,both,107,159819,7650
3,pg,U,medium,both,108,161903,7650
3,pg,U,medium,both,109,133596,7650
3,pg,U,medium,both,110,131956,7650
3,pg,U,medium,both,111,132065,7650
3,pg,U,medium,both,112,131639,7650
3,pg,U,medium,both,113,131869,7650
3,pg,U,medium,both,114,159148,7650
3,pg,U,medium,both,115,166890,7650
3,pg,U,medium,both,116,143966,7650
3,pg,U,medium,both,117,140176,7650
3,pg,U,medium,both,118,132110,7650
3,pg,U,medium,both,119,156444,7650
3,pg,U,medium,both,120,130496,7650
3,pg,U,medium,both,121,131858,7650
3,pg,U,medium,both,122,160070,7650
3,pg,U,medium,both,123,130019,7650
3,pg,U,medium,both,124,131481,7650
3,pg,U,medium,both,125,131564,7650
3,pg,U,medium,both,126,159276,7650
3,pg,U,medium,both,127,132846,7650
3,pg,U,medium,both,128,131069,7650
3,pg,U,medium,both,129,131738,7650
3,pg,U,medium,both,130,167029,7650
3,pg,U,medium,both,131,156603,7650
3,pg,U,medium,both,132,162540,7650
3,pg,U,medium,both,133,132234,7650
3,pg,U,medium,both,134,138626,7650
3,pg,U,medium,both,135,136288,7650
3,pg,U,medium,both,136,140139,7650
3,pg,U,medium,both,137,138244,7650
3,pg,U,medium,both,138,133124,7650
3,pg,U,medium,both,139,144690,7650
3,pg,U,medium,both,140,155462,7650
3,pg,U,medium,both,141,131699,7650
3,pg,U,medium,both,142,131901,7650
3,pg,U,medium,both,143,131930,7650
3,pg,U,medium,both,144,167943,7650
3,pg,U,medium,both,145,160572,7650
3,pg,U,medium,both,146,157942,7650
3,pg,U,medium,both,147,131368,7650
3,pg,U,medium,both,148,132458,7650
3,pg,U,medium,both,149,131358,7650
3,pg,U,medium,both,150,132748,7650
3,pg,U,medium,both,151,130963,7650
3,pg,U,medium,both,152,138307,7650
3,pg,U,medium,both,153,145653,7650
3,pg,U,medium,both,154,146597,7650
3,pg,U,medium,both,155,139676,7650
3,pg,U,medium,both,156,130325,7650
3,pg,U,medium,both,157,160277,7650
3,pg,U,medium,both,158,130663,7650
3,pg,U,medium,both,159,135563,7650
3,pg,U,medium,both,160,132899,7650
3,pg,U,medium,both,161,130946,7650
3,pg,U,medium,both,162,130130,7650
3,pg,U,medium,both,163,132210,7650
3,pg,U,medium,both,164,133727,7650
3,pg,U,medium,both,165,131857,7650
3,pg,U,medium,both,166,132859,7650
3,pg,U,medium,both,167,131481,7650
3,pg,U,medium,both,168,165619,7650
3,pg,U,medium,both,169,139060,7650
3,pg,U,medium,both,170,133111,7650
3,pg,U,medium,both,171,130725,7650
3,pg,U,medium,both,172,164007,7650
3,pg,U,medium,both,173,198143,7650
3,pg,U,medium,both,174,175281,7650
3,pg,U,medium,both,175,175559,7650
3,pg,U,medium,both,176,158948,7650
3,pg,U,medium,both,177,130891,7650
3,pg,U,medium,both,178,133377,7650
3,pg,U,medium,both,179,130137,7650
3,pg,U,medium,both,180,130263,7650
3,pg,U,medium,both,181,158770,7650
3,pg,U,medium,both,182,129667,7650
3,pg,U,medium,both,183,133564,7650
3,pg,U,medium,both,184,131478,7650
3,pg,U,medium,both,185,134738,7650
3,pg,U,medium,both,186,131716,7650
3,pg,U,medium,both,187,132317,7650
3,pg,U,medium,both,188,146710,7650
3,pg,U,medium,both,189,131618,7650
3,pg,U,medium,both,190,161406,7650
3,pg,U,medium,both,191,199100,7650
3,pg,U,medium,both,192,190172,7650
3,pg,U,medium,both,193,145331,7650
3,pg,U,medium,both,194,132377,7650
3,pg,U,medium,both,195,131444,7650
3,pg,U,medium,both,196,131284,7650
3,pg,U,medium,both,197,129591,7650
3,pg,U,medium,both,198,129696,7650
3,pg,U,medium,both,199,131330,7650
3,mongo,S,medium,bus,0,56890,6214
3,mongo,S,medium,bus,1,50582,6214
3,mongo,S,medium,bus,2,47474,6214
3,mongo,S,medium,bus,3,44026,6214
3,mongo,S,medium,bus,4,46360,6214
3,mongo,S,medium,bus,5,46115,6214
3,mongo,S,medium,bus,6,52946,6214
3,mongo,S,medium,bus,7,65284,6214
3,mongo,S,medium,bus,8,51467,6214
3,mongo,S,medium,bus,9,47608,6214
3,mongo,S,medium,bus,10,49747,6214
3,mongo,S,medium,bus,11,49731,6214
3,mongo,S,medium,bus,12,50942,6214
3,mongo,S,medium,bus,13,51736,6214
3,mongo,S,medium,bus,14,49075,6214
3,mongo,S,medium,bus,15,47953,6214
3,mongo,S,medium,bus,16,48771,6214
3,mongo,S,medium,bus,17,50118,6214
3,mongo,S,medium,bus,18,50833,6214
3,mongo,S,medium,bus,19,50582,6214
3,mongo,S,medium,bus,20,49932,6214
3,mongo,S,medium,bus,21,50984,6214
3,mongo,S,medium,bus,22,49512,6214
3,mongo,S,medium,bus,23,50675,6214
3,mongo,S,medium,bus,24,49230,6214
3,mongo,S,medium,bus,25,50835,6214
3,mongo,S,medium,bus,26,47401,6214
3,mongo,S,medium,bus,27,48629,6214
3,mongo,S,medium,bus,28,48649,6214
3,mongo,S,medium,bus,29,51672,6214
3,mongo,S,medium,bus,30,62562,6214
3,mongo,S,medium,bus,31,55173,6214
3,mongo,S,medium,bus,32,52469,6214
3,mongo,S,medium,bus,33,54443,6214
3,mongo,S,medium,bus,34,52912,6214
3,mongo,S,medium,bus,35,52526,6214
3,mongo,S,medium,bus,36,51684,6214
3,mongo,S,medium,bus,37,54210,6214
3,mongo,S,medium,bus,38,53506,6214
3,mongo,S,medium,bus,39,53175,6214
3,mongo,S,medium,bus,40,57536,6214
3,mongo,S,medium,bus,41,53481,6214
3,mongo,S,medium,bus,42,50480,6214
3,mongo,S,medium,bus,43,48377,6214
3,mongo,S,medium,bus,44,48233,6214
3,mongo,S,medium,bus,45,49797,6214
3,mongo,S,medium,bus,46,55677,6214
3,mongo,S,medium,bus,47,52805,6214
3,mongo,S,medium,bus,48,53463,6214
3,mongo,S,medium,bus,49,51904,6214
3,mongo,S,medium,bus,50,55484,6214
3,mongo,S,medium,bus,51,48926,6214
3,mongo,S,medium,bus,52,49004,6214
3,mongo,S,medium,bus,53,48297,6214
3,mongo,S,medium,bus,54,50049,6214
3,mongo,S,medium,bus,55,55966,6214
3,mongo,S,medium,bus,56,53000,6214
3,mongo,S,medium,bus,57,46953,6214
3,mongo,S,medium,bus,58,50036,6214
3,mongo,S,medium,bus,59,51912,6214
3,mongo,S,medium,bus,60,49883,6214
3,mongo,S,medium,bus,61,47683,6214
3,mongo,S,medium,bus,62,46662,6214
3,mongo,S,medium,bus,63,47217,6214
3,mongo,S,medium,bus,64,49304,6214
3,mongo,S,medium,bus,65,46274,6214
3,mongo,S,medium,bus,66,45428,6214
3,mongo,S,medium,bus,67,47070,6214
3,mongo,S,medium,bus,68,47007,6214
3,mongo,S,medium,bus,69,46306,6214
3,mongo,S,medium,bus,70,46617,6214
3,mongo,S,medium,bus,71,47878,6214
3,mongo,S,medium,bus,72,48201,6214
3,mongo,S,medium,bus,73,48351,6214
3,mongo,S,medium,bus,74,43797,6214
3,mongo,S,medium,bus,75,46701,6214
3,mongo,S,medium,bus,76,43497,6214
3,mongo,S,medium,bus,77,47434,6214
3,mongo,S,medium,bus,78,47454,6214
3,mongo,S,medium,bus,79,48353,6214
3,mongo,S,medium,bus,80,47387,6214
3,mongo,S,medium,bus,81,44825,6214
3,mongo,S,medium,bus,82,53604,6214
3,mongo,S,medium,bus,83,52639,6214
3,mongo,S,medium,bus,84,48809,6214
3,mongo,S,medium,bus,85,46399,6214
3,mongo,S,medium,bus,86,52734,6214
3,mongo,S,medium,bus,87,54840,6214
3,mongo,S,medium,bus,88,61758,6214
3,mongo,S,medium,bus,89,62765,6214
3,mongo,S,medium,bus,90,51744,6214
3,mongo,S,medium,bus,91,59015,6214
3,mongo,S,medium,bus,92,58764,6214
3,mongo,S,medium,bus,93,55383,6214
3,mongo,S,medium,bus,94,49110,6214
3,mongo,S,medium,bus,95,48507,6214
3,mongo,S,medium,bus,96,48288,6214
3,mongo,S,medium,bus,97,53524,6214
3,mongo,S,medium,bus,98,50564,6214
3,mongo,S,medium,bus,99,48335,6214
3,mongo,S,medium,bus,100,46518,6214
3,mongo,S,medium,bus,101,50913,6214
3,mongo,S,medium,bus,102,44488,6214
3,mongo,S,medium,bus,103,45309,6214
3,mongo,S,medium,bus,104,47900,6214
3,mongo,S,medium,bus,105,44715,6214
3,mongo,S,medium,bus,106,68046,6214
3,mongo,S,medium,bus,107,47604,6214
3,mongo,S,medium,bus,108,46857,6214
3,mongo,S,medium,bus,109,50853,6214
3,mongo,S,medium,bus,110,49470,6214
3,mongo,S,medium,bus,111,50474,6214
3,mongo,S,medium,bus,112,45433,6214
3,mongo,S,medium,bus,113,47478,6214
3,mongo,S,medium,bus,114,51246,6214
3,mongo,S,medium,bus,115,49873,6214
3,mongo,S,medium,bus,116,54817,6214
3,mongo,S,medium,bus,117,52344,6214
3,mongo,S,medium,bus,118,47205,6214
3,mongo,S,medium,bus,119,46724,6214
3,mongo,S,medium,bus,120,46798,6214
3,mongo,S,medium,bus,121,47365,6214
3,mongo,S,medium,bus,122,47089,6214
3,mongo,S,medium,bus,123,49683,6214
3,mongo,S,medium,bus,124,45534,6214
3,mongo,S,medium,bus,125,52021,6214
3,mongo,S,medium,bus,126,47597,6214
3,mongo,S,medium,bus,127,50892,6214
3,mongo,S,medium,bus,128,44612,6214
3,mongo,S,medium,bus,129,53996,6214
3,mongo,S,medium,bus,130,56591,6214
3,mongo,S,medium,bus,131,54928,6214
3,mongo,S,medium,bus,132,53495,6214
3,mongo,S,medium,bus,133,48256,6214
3,mongo,S,medium,bus,134,48440,6214
3,mongo,S,medium,bus,135,51538,6214
3,mongo,S,medium,bus,136,50687,6214
3,mongo,S,medium,bus,137,54460,6214
3,mongo,S,medium,bus,138,49057,6214
3,mongo,S,medium,bus,139,49275,6214
3,mongo,S,medium,bus,140,50051,6214
3,mongo,S,medium,bus,141,62746,6214
3,mongo,S,medium,bus,142,54047,6214
3,mongo,S,medium,bus,143,57298,6214
3,mongo,S,medium,bus,144,52539,6214
3,mongo,S,medium,bus,145,55935,6214
3,mongo,S,medium,bus,146,53683,6214
3,mongo,S,medium,bus,147,54763,6214
3,mongo,S,medium,bus,148,59362,6214
3,mongo,S,medium,bus,149,50031,6214
3,mongo,S,medium,bus,150,55639,6214
3,mongo,S,medium,bus,151,57271,6214
3,mongo,S,medium,bus,152,51403,6214
3,mongo,S,medium,bus,153,51065,6214
3,mongo,S,medium,bus,154,47715,6214
3,mongo,S,medium,bus,155,49935,6214
3,mongo,S,medium,bus,156,54749,6214
3,mongo,S,medium,bus,157,51631,6214
3,mongo,S,medium,bus,158,53141,6214
3,mongo,S,medium,bus,159,50165,6214
3,mongo,S,medium,bus,160,52661,6214
3,mongo,S,medium,bus,161,52565,6214
3,mongo,S,medium,bus,162,52363,6214
3,mongo,S,medium,bus,163,55070,6214
3,mongo,S,medium,bus,164,49966,6214
3,mongo,S,medium,bus,165,53705,6214
3,mongo,S,medium,bus,166,49788,6214
3,mongo,S,medium,bus,167,55296,6214
3,mongo,S,medium,bus,168,61737,6214
3,mongo,S,medium,bus,169,58206,6214
3,mongo,S,medium,bus,170,53862,6214
3,mongo,S,medium,bus,171,53139,6214
3,mongo,S,medium,bus,172,47105,6214
3,mongo,S,medium,bus,173,49950,6214
3,mongo,S,medium,bus,174,48068,6214
3,mongo,S,medium,bus,175,49415,6214
3,mongo,S,medium,bus,176,49870,6214
3,mongo,S,medium,bus,177,49509,6214
3,mongo,S,medium,bus,178,48803,6214
3,mongo,S,medium,bus,179,47312,6214
3,mongo,S,medium,bus,180,47103,6214
3,mongo,S,medium,bus,181,45563,6214
3,mongo,S,medium,bus,182,46432,6214
3,mongo,S,medium,bus,183,47110,6214
3,mongo,S,medium,bus,184,47779,6214
3,mongo,S,medium,bus,185,49013,6214
3,mongo,S,medium,bus,186,45099,6214
3,mongo,S,medium,bus,187,47694,6214
3,mongo,S,medium,bus,188,46540,6214
3,mongo,S,medium,bus,189,48234,6214
3,mongo,S,medium,bus,190,50398,6214
3,mongo,S,medium,bus,191,56906,6214
3,mongo,S,medium,bus,192,53628,6214
3,mongo,S,medium,bus,193,49341,6214
3,mongo,S,medium,bus,194,55858,6214
3,mongo,S,medium,bus,195,56127,6214
3,mongo,S,medium,bus,196,53448,6214
3,mongo,S,medium,bus,197,54554,6214
3,mongo,S,medium,bus,198,49771,6214
3,mongo,S,medium,bus,199,51908,6214
3,pg,S,wide,bike,0,81966,2747
3,pg,S,wide,bike,1,66173,2747
3,pg,S,wide,bike,2,87231,2747
3,pg,S,wide,bike,3,65740,2747
3,pg,S,wide,bike,4,64198,2747
3,pg,S,wide,bike,5,63697,2747
3,pg,S,wide,bike,6,68121,2747
3,pg,S,wide,bike,7,79703,2747
3,pg,S,wide,bike,8,67697,2747
3,pg,S,wide,bike,9,74607,2747
3,pg,S,wide,bike,10,65023,2747
3,pg,S,wide,bike,11,64141,2747
3,pg,S,wide,bike,12,80241,2747
3,pg,S,wide,bike,13,62677,2747
3,pg,S,wide,bike,14,66991,2747
3,pg,S,wide,bike,15,63912,2747
3,pg,S,wide,bike,16,63685,2747
3,pg,S,wide,bike,17,63258,2747
3,pg,S,wide,bike,18,63664,2747
3,pg,S,wide,bike,19,63412,2747
3,pg,S,wide,bike,20,63672,2747
3,pg,S,wide,bike,21,63210,2747
3,pg,S,wide,bike,22,63429,2747
3,pg,S,wide,bike,23,63027,2747
3,pg,S,wide,bike,24,62972,2747
3,pg,S,wide,bike,25,82426,2747
3,pg,S,wide,bike,26,79624,2747
3,pg,S,wide,bike,27,62702,2747
3,pg,S,wide,bike,28,62681,2747
3,pg,S,wide,bike,29,62956,2747
3,pg,S,wide,bike,30,63399,2747
3,pg,S,wide,bike,31,63483,2747
3,pg,S,wide,bike,32,62652,2747
3,pg,S,wide,bike,33,62936,2747
3,pg,S,wide,bike,34,62786,2747
3,pg,S,wide,bike,35,70797,2747
3,pg,S,wide,bike,36,64874,2747
3,pg,S,wide,bike,37,70096,2747
3,pg,S,wide,bike,38,80074,2747
3,pg,S,wide,bike,39,69288,2747
3,pg,S,wide,bike,40,70296,2747
3,pg,S,wide,bike,41,70092,2747
3,pg,S,wide,bike,42,72269,2747
3,pg,S,wide,bike,43,65221,2747
3,pg,S,wide,bike,44,64958,2747
3,pg,S,wide,bike,45,65506,2747
3,pg,S,wide,bike,46,63124,2747
3,pg,S,wide,bike,47,63341,2747
3,pg,S,wide,bike,48,79157,2747
3,pg,S,wide,bike,49,62251,2747
3,pg,S,wide,bike,50,81527,2747
3,pg,S,wide,bike,51,80493,2747
3,pg,S,wide,bike,52,79253,2747
3,pg,S,wide,bike,53,62885,2747
3,pg,S,wide,bike,54,81647,2747
3,pg,S,wide,bike,55,63753,2747
3,pg,S,wide,bike,56,80989,2747
3,pg,S,wide,bike,57,63958,2747
3,pg,S,wide,bike,58,65166,2747
3,pg,S,wide,bike,59,64805,2747
3,pg,S,wide,bike,60,64406,2747
3,pg,S,wide,bike,61,64114,2747
3,pg,S,wide,bike,62,64041,2747
3,pg,S,wide,bike,63,63798,2747
3,pg,S,wide,bike,64,79410,2747
3,pg,S,wide,bike,65,63263,2747
3,pg,S,wide,bike,66,63601,2747
3,pg,S,wide,bike,67,69992,2747
3,pg,S,wide,bike,68,64848,2747
3,pg,S,wide,bike,69,82891,2747
3,pg,S,wide,bike,70,80274,2747
3,pg,S,wide,bike,71,62614,2747
3,pg,S,wide,bike,72,83642,2747
3,pg,S,wide,bike,73,92010,2747
3,pg,S,wide,bike,74,100646,2747
3,pg,S,wide,bike,75,99824,2747
3,pg,S,wide,bike,76,87191,2747
3,pg,S,wide,bike,77,86934,2747
3,pg,S,wide,bike,78,63358,2747
3,pg,S,wide,bike,79,62791,2747
3,pg,S,wide,bike,80,63132,2747
3,pg,S,wide,bike,81,62006,2747
3,pg,S,wide,bike,82,65046,2747
3,pg,S,wide,bike,83,64734,2747
3,pg,S,wide,bike,84,79609,2747
3,pg,S,wide,bike,85,62396,2747
3,pg,S,wide,bike,86,64939,2747
3,pg,S,wide,bike,87,65023,2747
3,pg,S,wide,bike,88,63731,2747
3,pg,S,wide,bike,89,63379,2747
3,pg,S,wide,bike,90,64799,2747
3,pg,S,wide,bike,91,62866,2747
3,pg,S,wide,bike,92,62952,2747
3,pg,S,wide,bike,93,65487,2747
3,pg,S,wide,bike,94,64274,2747
3,pg,S,wide,bike,95,63132,2747
3,pg,S,wide,bike,96,67737,2747
3,pg,S,wide,bike,97,66131,2747
3,pg,S,wide,bike,98,64878,2747
3,pg,S,wide,bike,99,62481,2747
3,pg,S,wide,bike,100,62885,2747
3,pg,S,wide,bike,101,63614,2747
3,pg,S,wide,bike,102,62881,2747
3,pg,S,wide,bike,103,62888,2747
3,pg,S,wide,bike,104,63742,2747
3,pg,S,wide,bike,105,64123,2747
3,pg,S,wide,bike,106,63714,2747
3,pg,S,wide,bike,107,78875,2747
3,pg,S,wide,bike,108,77665,2747
3,pg,S,wide,bike,109,79946,2747
3,pg,S,wide,bike,110,79461,2747
3,pg,S,wide,bike,111,63442,2747
3,pg,S,wide,bike,112,64506,2747
3,pg,S,wide,bike,113,62950,2747
3,pg,S,wide,bike,114,67569,2747
3,pg,S,wide,bike,115,67809,2747
3,pg,S,wide,bike,116,65524,2747
3,pg,S,wide,bike,117,67669,2747
3,pg,S,wide,bike,118,66141,2747
3,pg,S,wide,bike,119,69889,2747
3,pg,S,wide,bike,120,64017,2747
3,pg,S,wide,bike,121,62891,2747
3,pg,S,wide,bike,122,63955,2747
3,pg,S,wide,bike,123,63406,2747
3,pg,S,wide,bike,124,63323,2747
3,pg,S,wide,bike,125,79653,2747
3,pg,S,wide,bike,126,84397,2747
3,pg,S,wide,bike,127,74049,2747
3,pg,S,wide,bike,128,66697,2747
3,pg,S,wide,bike,129,64899,2747
3,pg,S,wide,bike,130,80567,2747
3,pg,S,wide,bike,131,63275,2747
3,pg,S,wide,bike,132,63839,2747
3,pg,S,wide,bike,133,82309,2747
3,pg,S,wide,bike,134,63099,2747
3,pg,S,wide,bike,135,63147,2747
3,pg,S,wide,bike,136,62625,2747
3,pg,S,wide,bike,137,63863,2747
3,pg,S,wide,bike,138,63709,2747
3,pg,S,wide,bike,139,63682,2747
3,pg,S,wide,bike,140,63779,2747
3,pg,S,wide,bike,141,62653,2747
3,pg,S,wide,bike,142,71524,2747
3,pg,S,wide,bike,143,67097,2747
3,pg,S,wide,bike,144,83350,2747
3,pg,S,wide,bike,145,63870,2747
3,pg,S,wide,bike,146,65072,2747
3,pg,S,wide,bike,147,65150,2747
3,pg,S,wide,bike,148,64668,2747
3,pg,S,wide,bike,149,64781,2747
3,pg,S,wide,bike,150,79479,2747
3,pg,S,wide,bike,151,67719,2747
3,pg,S,wide,bike,152,82856,2747
3,pg,S,wide,bike,153,72248,2747
3,pg,S,wide,bike,154,69397,2747
3,pg,S,wide,bike,155,68579,2747
3,pg,S,wide,bike,156,72263,2747
3,pg,S,wide,bike,157,83795,2747
3,pg,S,wide,bike,158,74717,2747
3,pg,S,wide,bike,159,82343,2747
3,pg,S,wide,bike,160,65509,2747
3,pg,S,wide,bike,161,64728,2747
3,pg,S,wide,bike,162,63029,2747
3,pg,S,wide,bike,163,63131,2747
3,pg,S,wide,bike,164,83377,2747
3,pg,S,wide,bike,165,63461,2747
3,pg,S,wide,bike,166,63874,2747
3,pg,S,wide,bike,167,63608,2747
3,pg,S,wide,bike,168,65063,2747
3,pg,S,wide,bike,169,63236,2747
3,pg,S,wide,bike,170,64814,2747
3,pg,S,wide,bike,171,62410,2747
3,pg,S,wide,bike,172,65079,2747
3,pg,S,wide,bike,173,63385,2747
3,pg,S,wide,bike,174,62101,2747
3,pg,S,wide,bike,175,62743,2747
3,pg,S,wide,bike,176,62816,2747
3,pg,S,wide,bike,177,63393,2747
3,pg,S,wide,bike,178,63440,2747
3,pg,S,wide,bike,179,64277,2747
3,pg,S,wide,bike,180,63650,2747
3,pg,S,wide,bike,181,64092,2747
3,pg,S,wide,bike,182,79170,2747
3,pg,S,wide,bike,183,62272,2747
3,pg,S,wide,bike,184,64143,2747
3,pg,S,wide,bike,185,65267,2747
3,pg,S,wide,bike,186,64868,2747
3,pg,S,wide,bike,187,64821,2747
3,pg,S,wide,bike,188,66930,2747
3,pg,S,wide,bike,189,63270,2747
3,pg,S,wide,bike,190,64676,2747
3,pg,S,wide,bike,191,63131,2747
3,pg,S,wide,bike,192,64501,2747
3,pg,S,wide,bike,193,64597,2747
3,pg,S,wide,bike,194,70100,2747
3,pg,S,wide,bike,195,67079,2747
3,pg,S,wide,bike,196,67960,2747
3,pg,S,wide,bike,197,66998,2747
3,pg,S,wide,bike,198,71224,2747
3,pg,S,wide,bike,199,71478,2747
3,mongo,S,wide,bus,0,85147,11095
3,mongo,S,wide,bus,1,79614,11095
3,mongo,S,wide,bus,2,86751,11095
3,mongo,S,wide,bus,3,83240,11095
3,mongo,S,wide,bus,4,83229,11095
3,mongo,S,wide,bus,5,80957,11095
3,mongo,S,wide,bus,6,79610,11095
3,mongo,S,wide,bus,7,75889,11095
3,mongo,S,wide,bus,8,79341,11095
3,mongo,S,wide,bus,9,80979,11095
3,mongo,S,wide,bus,10,92689,11095
3,mongo,S,wide,bus,11,86659,11095
3,mongo,S,wide,bus,12,76984,11095
3,mongo,S,wide,bus,13,85380,11095
3,mongo,S,wide,bus,14,82765,11095
3,mongo,S,wide,bus,15,90728,11095
3,mongo,S,wide,bus,16,78264,11095
3,mongo,S,wide,bus,17,78838,11095
3,mongo,S,wide,bus,18,98167,11095
3,mongo,S,wide,bus,19,80615,11095
3,mongo,S,wide,bus,20,86839,11095
3,mongo,S,wide,bus,21,78823,11095
3,mongo,S,wide,bus,22,83502,11095
3,mongo,S,wide,bus,23,77383,11095
3,mongo,S,wide,bus,24,80781,11095
3,mongo,S,wide,bus,25,84825,11095
3,mongo,S,wide,bus,26,85719,11095
3,mongo,S,wide,bus,27,89670,11095
3,mongo,S,wide,bus,28,100633,11095
3,mongo,S,wide,bus,29,90931,11095
3,mongo,S,wide,bus,30,100121,11095
3,mongo,S,wide,bus,31,96761,11095
3,mongo,S,wide,bus,32,94279,11095
3,mongo,S,wide,bus,33,91463,11095
3,mongo,S,wide,bus,34,82913,11095
3,mongo,S,wide,bus,35,89271,11095
3,mongo,S,wide,bus,36,84715,11095
3,mongo,S,wide,bus,37,82275,11095
3,mongo,S,wide,bus,38,84816,11095
3,mongo,S,wide,bus,39,88413,11095
3,mongo,S,wide,bus,40,85369,11095
3,mongo,S,wide,bus,41,79140,11095
3,mongo,S,wide,bus,42,77558,11095
3,mongo,S,wide,bus,43,77466,11095
3,mongo,S,wide,bus,44,80551,11095
3,mongo,S,wide,bus,45,88198,11095
3,mongo,S,wide,bus,46,76636,11095
3,mongo,S,wide,bus,47,80024,11095
3,mongo,S,wide,bus,48,81650,11095
3,mongo,S,wide,bus,49,84951,11095
3,mongo,S,wide,bus,50,84657,11095
3,mongo,S,wide,bus,51,81285,11095
3,mongo,S,wide,bus,52,78693,11095
3,mongo,S,wide,bus,53,78315,11095
3,mongo,S,wide,bus,54,75719,11095
3,mongo,S,wide,bus,55,89861,11095
3,mongo,S,wide,bus,56,83398,11095
3,mongo,S,wide,bus,57,77891,11095
3,mongo,S,wide,bus,58,83035,11095
3,mongo,S,wide,bus,59,93645,11095
3,mongo,S,wide,bus,60,83745,11095
3,mongo,S,wide,bus,61,79147,11095
3,mongo,S,wide,bus,62,80760,11095
3,mongo,S,wide,bus,63,83780,11095
3,mongo,S,wide,bus,64,94300,11095
3,mongo,S,wide,bus,65,99817,11095
3,mongo,S,wide,bus,66,78547,11095
3,mongo,S,wide,bus,67,82635,11095
3,mongo,S,wide,bus,68,83923,11095
3,mongo,S,wide,bus,69,79029,11095
3,mongo,S,wide,bus,70,88223,11095
3,mongo,S,wide,bus,71,86384,11095
3,mongo,S,wide,bus,72,84980,11095
3,mongo,S,wide,bus,73,80228,11095
3,mongo,S,wide,bus,74,78854,11095
3,mongo,S,wide,bus,75,86267,11095
3,mongo,S,wide,bus,76,80574,11095
3,mongo,S,wide,bus,77,91758,11095
3,mongo,S,wide,bus,78,79436,11095
3,mongo,S,wide,bus,79,83327,11095
3,mongo,S,wide,bus,80,85262,11095
3,mongo,S,wide,bus,81,79464,11095
3,mongo,S,wide,bus,82,79187,11095
3,mongo,S,wide,bus,83,78400,11095
3,mongo,S,wide,bus,84,80742,11095
3,mongo,S,wide,bus,85,83058,11095
3,mongo,S,wide,bus,86,78524,11095
3,mongo,S,wide,bus,87,82470,11095
3,mongo,S,wide,bus,88,82786,11095
3,mongo,S,wide,bus,89,81005,11095
3,mongo,S,wide,bus,90,91655,11095
3,mongo,S,wide,bus,91,83440,11095
3,mongo,S,wide,bus,92,80301,11095
3,mongo,S,wide,bus,93,84154,11095
3,mongo,S,wide,bus,94,94157,11095
3,mongo,S,wide,bus,95,88173,11095
3,mongo,S,wide,bus,96,92869,11095
3,mongo,S,wide,bus,97,83864,11095
3,mongo,S,wide,bus,98,84102,11095
3,mongo,S,wide,bus,99,83878,11095
3,mongo,S,wide,bus,100,88559,11095
3,mongo,S,wide,bus,101,76265,11095
3,mongo,S,wide,bus,102,77990,11095
3,mongo,S,wide,bus,103,78676,11095
3,mongo,S,wide,bus,104,84063,11095
3,mongo,S,wide,bus,105,78864,11095
3,mongo,S,wide,bus,106,81149,11095
3,mongo,S,wide,bus,107,81671,11095
3,mongo,S,wide,bus,108,80293,11095
3,mongo,S,wide,bus,109,83557,11095
3,mongo,S,wide,bus,110,85282,11095
3,mongo,S,wide,bus,111,79711,11095
3,mongo,S,wide,bus,112,79892,11095
3,mongo,S,wide,bus,113,96209,11095
3,mongo,S,wide,bus,114,81782,11095
3,mongo,S,wide,bus,115,82705,11095
3,mongo,S,wide,bus,116,76618,11095
3,mongo,S,wide,bus,117,81169,11095
3,mongo,S,wide,bus,118,76389,11095
3,mongo,S,wide,bus,119,80531,11095
3,mongo,S,wide,bus,120,84348,11095
3,mongo,S,wide,bus,121,81574,11095
3,mongo,S,wide,bus,122,83971,11095
3,mongo,S,wide,bus,123,81480,11095
3,mongo,S,wide,bus,124,76544,11095
3,mongo,S,wide,bus,125,92448,11095
3,mongo,S,wide,bus,126,99059,11095
3,mongo,S,wide,bus,127,87569,11095
3,mongo,S,wide,bus,128,91033,11095
3,mongo,S,wide,bus,129,90815,11095
3,mongo,S,wide,bus,130,94091,11095
3,mongo,S,wide,bus,131,87735,11095
3,mongo,S,wide,bus,132,86361,11095
3,mongo,S,wide,bus,133,80567,11095
3,mongo,S,wide,bus,134,91866,11095
3,mongo,S,wide,bus,135,87655,11095
3,mongo,S,wide,bus,136,87460,11095
3,mongo,S,wide,bus,137,110556,11095
3,mongo,S,wide,bus,138,79621,11095
3,mongo,S,wide,bus,139,83081,11095
3,mongo,S,wide,bus,140,91533,11095
3,mongo,S,wide,bus,141,81412,11095
3,mongo,S,wide,bus,142,83107,11095
3,mongo,S,wide,bus,143,87796,11095
3,mongo,S,wide,bus,144,87337,11095
3,mongo,S,wide,bus,145,89273,11095
3,mongo,S,wide,bus,146,80715,11095
3,mongo,S,wide,bus,147,84458,11095
3,mongo,S,wide,bus,148,80808,11095
3,mongo,S,wide,bus,149,86756,11095
3,mongo,S,wide,bus,150,89324,11095
3,mongo,S,wide,bus,151,83027,11095
3,mongo,S,wide,bus,152,75244,11095
3,mongo,S,wide,bus,153,74948,11095
3,mongo,S,wide,bus,154,76292,11095
3,mongo,S,wide,bus,155,89324,11095
3,mongo,S,wide,bus,156,80058,11095
3,mongo,S,wide,bus,157,76001,11095
3,mongo,S,wide,bus,158,79243,11095
3,mongo,S,wide,bus,159,87362,11095
3,mongo,S,wide,bus,160,90537,11095
3,mongo,S,wide,bus,161,97261,11095
3,mongo,S,wide,bus,162,90215,11095
3,mongo,S,wide,bus,163,86278,11095
3,mongo,S,wide,bus,164,91073,11095
3,mongo,S,wide,bus,165,85918,11095
3,mongo,S,wide,bus,166,80698,11095
3,mongo,S,wide,bus,167,76398,11095
3,mongo,S,wide,bus,168,76229,11095
3,mongo,S,wide,bus,169,76035,11095
3,mongo,S,wide,bus,170,87794,11095
3,mongo,S,wide,bus,171,87456,11095
3,mongo,S,wide,bus,172,88421,11095
3,mongo,S,wide,bus,173,81398,11095
3,mongo,S,wide,bus,174,86660,11095
3,mongo,S,wide,bus,175,94970,11095
3,mongo,S,wide,bus,176,82876,11095
3,mongo,S,wide,bus,177,80383,11095
3,mongo,S,wide,bus,178,81843,11095
3,mongo,S,wide,bus,179,81213,11095
3,mongo,S,wide,bus,180,79538,11095
3,mongo,S,wide,bus,181,75555,11095
3,mongo,S,wide,bus,182,82642,11095
3,mongo,S,wide,bus,183,88002,11095
3,mongo,S,wide,bus,184,80883,11095
3,mongo,S,wide,bus,185,86660,11095
3,mongo,S,wide,bus,186,98608,11095
3,mongo,S,wide,bus,187,86057,11095
3,mongo,S,wide,bus,188,85251,11095
3,mongo,S,wide,bus,189,91937,11095
3,mongo,S,wide,bus,190,89573,11095
3,mongo,S,wide,bus,191,87149,11095
3,mongo,S,wide,bus,192,84222,11095
3,mongo,S,wide,bus,193,85579,11095
3,mongo,S,wide,bus,194,86287,11095
3,mongo,S,wide,bus,195,99821,11095
3,mongo,S,wide,bus,196,90547,11095
3,mongo,S,wide,bus,197,99944,11095
3,mongo,S,wide,bus,198,85684,11095
3,mongo,S,wide,bus,199,80478,11095
3,pg,U,single,,0,4713,1
3,pg,U,single,,1,1483,1
3,pg,U,single,,2,906,1
3,pg,U,single,,3,795,1
3,pg,U,single,,4,1001,1
3,pg,U,single,,5,1060,1
3,pg,U,single,,6,895,1
3,pg,U,single,,7,1276,1
3,pg,U,single,,8,933,1
3,pg,U,single,,9,858,1
3,pg,U,single,,10,736,1
3,pg,U,single,,11,889,1
3,pg,U,single,,12,1017,1
3,pg,U,single,,13,939,1
3,pg,U,single,,14,847,1
3,pg,U,single,,15,1316,1
3,pg,U,single,,16,966,1
3,pg,U,single,,17,819,1
3,pg,U,single,,18,860,1
3,pg,U,single,,19,919,1
3,pg,U,single,,20,1055,1
3,pg,U,single,,21,915,1
3,pg,U,single,,22,1214,1
3,pg,U,single,,23,812,1
3,pg,U,single,,24,731,1
3,pg,U,single,,25,813,1
3,pg,U,single,,26,963,1
3,pg,U,single,,27,1034,1
3,pg,U,single,,28,763,1
3,pg,U,single,,29,780,1
3,pg,U,single,,30,1206,1
3,pg,U,single,,31,843,1
3,pg,U,single,,32,766,1
3,pg,U,single,,33,802,1
3,pg,U,single,,34,896,1
3,pg,U,single,,35,1583,1
3,pg,U,single,,36,747,1
3,pg,U,single,,37,1582,1
3,pg,U,single,,38,836,1
3,pg,U,single,,39,814,1
3,pg,U,single,,40,974,1
3,pg,U,single,,41,1004,1
3,pg,U,single,,42,878,1
3,pg,U,single,,43,894,1
3,pg,U,single,,44,1049,1
3,pg,U,single,,45,744,1
3,pg,U,single,,46,726,1
3,pg,U,single,,47,771,1
3,pg,U,single,,48,821,1
3,pg,U,single,,49,859,1
3,pg,U,single,,50,734,1
3,pg,U,single,,51,727,1
3,pg,U,single,,52,1016,1
3,pg,U,single,,53,806,1
3,pg,U,single,,54,789,1
3,pg,U,single,,55,659,1
3,pg,U,single,,56,789,1
3,pg,U,single,,57,815,1
3,pg,U,single,,58,832,1
3,pg,U,single,,59,733,1
3,pg,U,single,,60,736,1
3,pg,U,single,,61,691,1
3,pg,U,single,,62,763,1
3,pg,U,single,,63,871,1
3,pg,U,single,,64,864,1
3,pg,U,single,,65,856,1
3,pg,U,single,,66,870,1
3,pg,U,single,,67,799,1
3,pg,U,single,,68,648,1
3,pg,U,single,,69,720,1
3,pg,U,single,,70,798,1
3,pg,U,single,,71,894,1
3,pg,U,single,,72,746,1
3,pg,U,single,,73,823,1
3,pg,U,single,,74,898,1
3,pg,U,single,,75,914,1
3,pg,U,single,,76,902,1
3,pg,U,single,,77,733,1
3,pg,U,single,,78,816,1
3,pg,U,single,,79,953,1
3,pg,U,single,,80,870,1
3,pg,U,single,,81,773,1
3,pg,U,single,,82,802,1
3,pg,U,single,,83,857,1
3,pg,U,single,,84,765,1
3,pg,U,single,,85,782,1
3,pg,U,single,,86,987,1
3,pg,U,single,,87,897,1
3,pg,U,single,,88,687,1
3,pg,U,single,,89,698,1
3,pg,U,single,,90,822,1
3,pg,U,single,,91,805,1
3,pg,U,single,,92,878,1
3,pg,U,single,,93,808,1
3,pg,U,single,,94,853,1
3,pg,U,single,,95,910,1
3,pg,U,single,,96,794,1
3,pg,U,single,,97,863,1
3,pg,U,single,,98,765,1
3,pg,U,single,,99,1013,1
3,pg,U,single,,100,892,1
3,pg,U,single,,101,771,1
3,pg,U,single,,102,767,1
3,pg,U,single,,103,849,1
3,pg,U,single,,104,864,1
3,pg,U,single,,105,707,1
3,pg,U,single,,106,792,1
3,pg,U,single,,107,918,1
3,pg,U,single,,108,945,1
3,pg,U,single,,109,824,1
3,pg,U,single,,110,783,1
3,pg,U,single,,111,735,1
3,pg,U,single,,112,1294,1
3,pg,U,single,,113,828,1
3,pg,U,single,,114,825,1
3,pg,U,single,,115,1000,1
3,pg,U,single,,116,887,1
3,pg,U,single,,117,950,1
3,pg,U,single,,118,766,1
3,pg,U,single,,119,752,1
3,pg,U,single,,120,781,1
3,pg,U,single,,121,726,1
3,pg,U,single,,122,777,1
3,pg,U,single,,123,875,1
3,pg,U,single,,124,847,1
3,pg,U,single,,125,875,1
3,pg,U,single,,126,912,1
3,pg,U,single,,127,705,1
3,pg,U,single,,128,840,1
3,pg,U,single,,129,780,1
3,pg,U,single,,130,735,1
3,pg,U,single,,131,759,1
3,pg,U,single,,132,911,1
3,pg,U,single,,133,850,1
3,pg,U,single,,134,741,1
3,pg,U,single,,135,728,1
3,pg,U,single,,136,785,1
3,pg,U,single,,137,944,1
3,pg,U,single,,138,762,1
3,pg,U,single,,139,804,1
3,pg,U,single,,140,833,1
3,pg,U,single,,141,1047,1
3,pg,U,single,,142,856,1
3,pg,U,single,,143,802,1
3,pg,U,single,,144,775,1
3,pg,U,single,,145,782,1
3,pg,U,single,,146,707,1
3,pg,U,single,,147,768,1
3,pg,U,single,,148,802,1
3,pg,U,single,,149,988,1
3,pg,U,single,,150,886,1
3,pg,U,single,,151,876,1
3,pg,U,single,,152,860,1
3,pg,U,single,,153,870,1
3,pg,U,single,,154,841,1
3,pg,U,single,,155,761,1
3,pg,U,single,,156,1284,1
3,pg,U,single,,157,2415,1
3,pg,U,single,,158,1740,1
3,pg,U,single,,159,1023,1
3,pg,U,single,,160,1283,1
3,pg,U,single,,161,1024,1
3,pg,U,single,,162,1027,1
3,pg,U,single,,163,935,1
3,pg,U,single,,164,752,1
3,pg,U,single,,165,973,1
3,pg,U,single,,166,1074,1
3,pg,U,single,,167,1151,1
3,pg,U,single,,168,1216,1
3,pg,U,single,,169,738,1
3,pg,U,single,,170,897,1
3,pg,U,single,,171,837,1
3,pg,U,single,,172,901,1
3,pg,U,single,,173,713,1
3,pg,U,single,,174,765,1
3,pg,U,single,,175,888,1
3,pg,U,single,,176,885,1
3,pg,U,single,,177,898,1
3,pg,U,single,,178,970,1
3,pg,U,single,,179,879,1
3,pg,U,single,,180,820,1
3,pg,U,single,,181,826,1
3,pg,U,single,,182,968,1
3,pg,U,single,,183,894,1
3,pg,U,single,,184,983,1
3,pg,U,single,,185,873,1
3,pg,U,single,,186,828,1
3,pg,U,single,,187,931,1
3,pg,U,single,,188,1021,1
3,pg,U,single,,189,664,1
3,pg,U,single,,190,847,1
3,pg,U,single,,191,795,1
3,pg,U,single,,192,1123,1
3,pg,U,single,,193,911,1
3,pg,U,single,,194,835,1
3,pg,U,single,,195,954,1
3,pg,U,single,,196,911,1
3,pg,U,single,,197,778,1
3,pg,U,single,,198,676,1
3,pg,U,single,,199,967,1
3,mongo,S,wide,bike,0,36429,2748
3,mongo,S,wide,bike,1,35833,2748
3,mongo,S,wide,bike,2,32276,2748
3,mongo,S,wide,bike,3,28443,2748
3,mongo,S,wide,bike,4,33023,2748
3,mongo,S,wide,bike,5,30498,2748
3,mongo,S,wide,bike,6,32959,2748
3,mongo,S,wide,bike,7,29459,2748
3,mongo,S,wide,bike,8,31372,2748
3,mongo,S,wide,bike,9,29633,2748
3,mongo,S,wide,bike,10,30510,2748
3,mongo,S,wide,bike,11,31081,2748
3,mongo,S,wide,bike,12,29379,2748
3,mongo,S,wide,bike,13,29606,2748
3,mongo,S,wide,bike,14,29549,2748
3,mongo,S,wide,bike,15,31481,2748
3,mongo,S,wide,bike,16,31787,2748
3,mongo,S,wide,bike,17,32165,2748
3,mongo,S,wide,bike,18,30016,2748
3,mongo,S,wide,bike,19,29787,2748
3,mongo,S,wide,bike,20,28021,2748
3,mongo,S,wide,bike,21,37882,2748
3,mongo,S,wide,bike,22,31430,2748
3,mongo,S,wide,bike,23,31437,2748
3,mongo,S,wide,bike,24,34590,2748
3,mongo,S,wide,bike,25,31437,2748
3,mongo,S,wide,bike,26,31403,2748
3,mongo,S,wide,bike,27,29771,2748
3,mongo,S,wide,bike,28,35474,2748
3,mongo,S,wide,bike,29,32430,2748
3,mongo,S,wide,bike,30,33174,2748
3,mongo,S,wide,bike,31,29182,2748
3,mongo,S,wide,bike,32,29295,2748
3,mongo,S,wide,bike,33,32016,2748
3,mongo,S,wide,bike,34,28419,2748
3,mongo,S,wide,bike,35,35305,2748
3,mongo,S,wide,bike,36,29658,2748
3,mongo,S,wide,bike,37,29681,2748
3,mongo,S,wide,bike,38,29616,2748
3,mongo,S,wide,bike,39,30275,2748
3,mongo,S,wide,bike,40,29688,2748
3,mongo,S,wide,bike,41,30035,2748
3,mongo,S,wide,bike,42,30534,2748
3,mongo,S,wide,bike,43,29840,2748
3,mongo,S,wide,bike,44,29447,2748
3,mongo,S,wide,bike,45,30601,2748
3,mongo,S,wide,bike,46,29696,2748
3,mongo,S,wide,bike,47,28059,2748
3,mongo,S,wide,bike,48,27533,2748
3,mongo,S,wide,bike,49,30446,2748
3,mongo,S,wide,bike,50,30661,2748
3,mongo,S,wide,bike,51,28572,2748
3,mongo,S,wide,bike,52,27726,2748
3,mongo,S,wide,bike,53,30525,2748
3,mongo,S,wide,bike,54,29529,2748
3,mongo,S,wide,bike,55,30610,2748
3,mongo,S,wide,bike,56,32456,2748
3,mongo,S,wide,bike,57,29409,2748
3,mongo,S,wide,bike,58,34795,2748
3,mongo,S,wide,bike,59,34904,2748
3,mongo,S,wide,bike,60,174096,2748
3,mongo,S,wide,bike,61,38117,2748
3,mongo,S,wide,bike,62,31741,2748
3,mongo,S,wide,bike,63,33457,2748
3,mongo,S,wide,bike,64,34160,2748
3,mongo,S,wide,bike,65,33282,2748
3,mongo,S,wide,bike,66,38915,2748
3,mongo,S,wide,bike,67,35975,2748
3,mongo,S,wide,bike,68,32301,2748
3,mongo,S,wide,bike,69,33648,2748
3,mongo,S,wide,bike,70,35876,2748
3,mongo,S,wide,bike,71,33786,2748
3,mongo,S,wide,bike,72,36267,2748
3,mongo,S,wide,bike,73,33055,2748
3,mongo,S,wide,bike,74,34942,2748
3,mongo,S,wide,bike,75,34581,2748
3,mongo,S,wide,bike,76,35490,2748
3,mongo,S,wide,bike,77,30448,2748
3,mongo,S,wide,bike,78,30489,2748
3,mongo,S,wide,bike,79,30840,2748
3,mongo,S,wide,bike,80,29766,2748
3,mongo,S,wide,bike,81,37492,2748
3,mongo,S,wide,bike,82,34316,2748
3,mongo,S,wide,bike,83,27512,2748
3,mongo,S,wide,bike,84,32554,2748
3,mongo,S,wide,bike,85,29561,2748
3,mongo,S,wide,bike,86,29131,2748
3,mongo,S,wide,bike,87,29646,2748
3,mongo,S,wide,bike,88,30768,2748
3,mongo,S,wide,bike,89,28320,2748
3,mongo,S,wide,bike,90,29107,2748
3,mongo,S,wide,bike,91,30875,2748
3,mongo,S,wide,bike,92,30864,2748
3,mongo,S,wide,bike,93,32160,2748
3,mongo,S,wide,bike,94,30899,2748
3,mongo,S,wide,bike,95,27881,2748
3,mongo,S,wide,bike,96,29339,2748
3,mongo,S,wide,bike,97,27548,2748
3,mongo,S,wide,bike,98,29469,2748
3,mongo,S,wide,bike,99,31261,2748
3,mongo,S,wide,bike,100,28242,2748
3,mongo,S,wide,bike,101,33399,2748
3,mongo,S,wide,bike,102,30114,2748
3,mongo,S,wide,bike,103,32875,2748
3,mongo,S,wide,bike,104,29955,2748
3,mongo,S,wide,bike,105,27023,2748
3,mongo,S,wide,bike,106,32326,2748
3,mongo,S,wide,bike,107,30235,2748
3,mongo,S,wide,bike,108,28821,2748
3,mongo,S,wide,bike,109,31145,2748
3,mongo,S,wide,bike,110,28577,2748
3,mongo,S,wide,bike,111,28752,2748
3,mongo,S,wide,bike,112,31234,2748
3,mongo,S,wide,bike,113,29155,2748
3,mongo,S,wide,bike,114,29257,2748
3,mongo,S,wide,bike,115,29336,2748
3,mongo,S,wide,bike,116,33257,2748
3,mongo,S,wide,bike,117,33108,2748
3,mongo,S,wide,bike,118,34405,2748
3,mongo,S,wide,bike,119,31193,2748
3,mongo,S,wide,bike,120,29534,2748
3,mongo,S,wide,bike,121,28570,2748
3,mongo,S,wide,bike,122,30074,2748
3,mongo,S,wide,bike,123,27608,2748
3,mongo,S,wide,bike,124,29108,2748
3,mongo,S,wide,bike,125,29498,2748
3,mongo,S,wide,bike,126,29513,2748
3,mongo,S,wide,bike,127,30742,2748
3,mongo,S,wide,bike,128,28121,2748
3,mongo,S,wide,bike,129,27924,2748
3,mongo,S,wide,bike,130,28068,2748
3,mongo,S,wide,bike,131,31393,2748
3,mongo,S,wide,bike,132,32181,2748
3,mongo,S,wide,bike,133,29393,2748
3,mongo,S,wide,bike,134,29450,2748
3,mongo,S,wide,bike,135,30335,2748
3,mongo,S,wide,bike,136,31353,2748
3,mongo,S,wide,bike,137,36167,2748
3,mongo,S,wide,bike,138,27945,2748
3,mongo,S,wide,bike,139,27460,2748
3,mongo,S,wide,bike,140,27725,2748
3,mongo,S,wide,bike,141,27411,2748
3,mongo,S,wide,bike,142,28555,2748
3,mongo,S,wide,bike,143,36412,2748
3,mongo,S,wide,bike,144,32187,2748
3,mongo,S,wide,bike,145,33073,2748
3,mongo,S,wide,bike,146,32980,2748
3,mongo,S,wide,bike,147,31168,2748
3,mongo,S,wide,bike,148,32925,2748
3,mongo,S,wide,bike,149,39423,2748
3,mongo,S,wide,bike,150,32058,2748
3,mongo,S,wide,bike,151,29013,2748
3,mongo,S,wide,bike,152,30185,2748
3,mongo,S,wide,bike,153,31560,2748
3,mongo,S,wide,bike,154,36619,2748
3,mongo,S,wide,bike,155,33448,2748
3,mongo,S,wide,bike,156,34264,2748
3,mongo,S,wide,bike,157,33389,2748
3,mongo,S,wide,bike,158,32623,2748
3,mongo,S,wide,bike,159,34599,2748
3,mongo,S,wide,bike,160,32266,2748
3,mongo,S,wide,bike,161,34962,2748
3,mongo,S,wide,bike,162,41136,2748
3,mongo,S,wide,bike,163,34181,2748
3,mongo,S,wide,bike,164,32517,2748
3,mongo,S,wide,bike,165,29633,2748
3,mongo,S,wide,bike,166,29550,2748
3,mongo,S,wide,bike,167,30992,2748
3,mongo,S,wide,bike,168,29835,2748
3,mongo,S,wide,bike,169,32803,2748
3,mongo,S,wide,bike,170,31532,2748
3,mongo,S,wide,bike,171,29478,2748
3,mongo,S,wide,bike,172,29663,2748
3,mongo,S,wide,bike,173,29063,2748
3,mongo,S,wide,bike,174,27934,2748
3,mongo,S,wide,bike,175,31102,2748
3,mongo,S,wide,bike,176,29401,2748
3,mongo,S,wide,bike,177,29389,2748
3,mongo,S,wide,bike,178,27753,2748
3,mongo,S,wide,bike,179,28887,2748
3,mongo,S,wide,bike,180,28225,2748
3,mongo,S,wide,bike,181,30173,2748
3,mongo,S,wide,bike,182,31389,2748
3,mongo,S,wide,bike,183,30458,2748
3,mongo,S,wide,bike,184,30770,2748
3,mongo,S,wide,bike,185,29187,2748
3,mongo,S,wide,bike,186,33923,2748
3,mongo,S,wide,bike,187,28292,2748
3,mongo,S,wide,bike,188,31067,2748
3,mongo,S,wide,bike,189,29730,2748
3,mongo,S,wide,bike,190,29245,2748
3,mongo,S,wide,bike,191,35017,2748
3,mongo,S,wide,bike,192,28973,2748
3,mongo,S,wide,bike,193,32188,2748
3,mongo,S,wide,bike,194,32095,2748
3,mongo,S,wide,bike,195,29432,2748
3,mongo,S,wide,bike,196,31145,2748
3,mongo,S,wide,bike,197,27761,2748
3,mongo,S,wide,bike,198,29501,2748
3,mongo,S,wide,bike,199,30575,2748
3,pg,U,wide,bike,0,90336,2747
3,pg,U,wide,bike,1,83643,2747
3,pg,U,wide,bike,2,81150,2747
3,pg,U,wide,bike,3,81912,2747
3,pg,U,wide,bike,4,82111,2747
3,pg,U,wide,bike,5,108594,2747
3,pg,U,wide,bike,6,84396,2747
3,pg,U,wide,bike,7,84030,2747
3,pg,U,wide,bike,8,84562,2747
3,pg,U,wide,bike,9,81804,2747
3,pg,U,wide,bike,10,81316,2747
3,pg,U,wide,bike,11,81806,2747
3,pg,U,wide,bike,12,82649,2747
3,pg,U,wide,bike,13,97763,2747
3,pg,U,wide,bike,14,125949,2747
3,pg,U,wide,bike,15,116794,2747
3,pg,U,wide,bike,16,110947,2747
3,pg,U,wide,bike,17,110862,2747
3,pg,U,wide,bike,18,82538,2747
3,pg,U,wide,bike,19,82884,2747
3,pg,U,wide,bike,20,80541,2747
3,pg,U,wide,bike,21,81542,2747
3,pg,U,wide,bike,22,103196,2747
3,pg,U,wide,bike,23,84002,2747
3,pg,U,wide,bike,24,82781,2747
3,pg,U,wide,bike,25,97827,2747
3,pg,U,wide,bike,26,81694,2747
3,pg,U,wide,bike,27,84343,2747
3,pg,U,wide,bike,28,85802,2747
3,pg,U,wide,bike,29,83344,2747
3,pg,U,wide,bike,30,81684,2747
3,pg,U,wide,bike,31,82504,2747
3,pg,U,wide,bike,32,98652,2747
3,pg,U,wide,bike,33,85812,2747
3,pg,U,wide,bike,34,84662,2747
3,pg,U,wide,bike,35,82821,2747
3,pg,U,wide,bike,36,82500,2747
3,pg,U,wide,bike,37,82753,2747
3,pg,U,wide,bike,38,82324,2747
3,pg,U,wide,bike,39,81635,2747
3,pg,U,wide,bike,40,82169,2747
3,pg,U,wide,bike,41,83594,2747
3,pg,U,wide,bike,42,101629,2747
3,pg,U,wide,bike,43,108741,2747
3,pg,U,wide,bike,44,104523,2747
3,pg,U,wide,bike,45,103949,2747
3,pg,U,wide,bike,46,109647,2747
3,pg,U,wide,bike,47,81145,2747
3,pg,U,wide,bike,48,80465,2747
3,pg,U,wide,bike,49,82214,2747
3,pg,U,wide,bike,50,82565,2747
3,pg,U,wide,bike,51,92597,2747
3,pg,U,wide,bike,52,82857,2747
3,pg,U,wide,bike,53,82247,2747
3,pg,U,wide,bike,54,82851,2747
3,pg,U,wide,bike,55,81630,2747
3,pg,U,wide,bike,56,81813,2747
3,pg,U,wide,bike,57,81682,2747
3,pg,U,wide,bike,58,82907,2747
3,pg,U,wide,bike,59,83224,2747
3,pg,U,wide,bike,60,82147,2747
3,pg,U,wide,bike,61,83332,2747
3,pg,U,wide,bike,62,82492,2747
3,pg,U,wide,bike,63,84638,2747
3,pg,U,wide,bike,64,98097,2747
3,pg,U,wide,bike,65,149516,2747
3,pg,U,wide,bike,66,102926,2747
3,pg,U,wide,bike,67,82222,2747
3,pg,U,wide,bike,68,81374,2747
3,pg,U,wide,bike,69,82682,2747
3,pg,U,wide,bike,70,83575,2747
3,pg,U,wide,bike,71,82538,2747
3,pg,U,wide,bike,72,82053,2747
3,pg,U,wide,bike,73,81667,2747
3,pg,U,wide,bike,74,99393,2747
3,pg,U,wide,bike,75,115560,2747
3,pg,U,wide,bike,76,94336,2747
3,pg,U,wide,bike,77,91572,2747
3,pg,U,wide,bike,78,95003,2747
3,pg,U,wide,bike,79,94184,2747
3,pg,U,wide,bike,80,85001,2747
3,pg,U,wide,bike,81,83020,2747
3,pg,U,wide,bike,82,81757,2747
3,pg,U,wide,bike,83,83262,2747
3,pg,U,wide,bike,84,83012,2747
3,pg,U,wide,bike,85,82649,2747
3,pg,U,wide,bike,86,82040,2747
3,pg,U,wide,bike,87,80999,2747
3,pg,U,wide,bike,88,82259,2747
3,pg,U,wide,bike,89,81750,2747
3,pg,U,wide,bike,90,109965,2747
3,pg,U,wide,bike,91,99428,2747
3,pg,U,wide,bike,92,97790,2747
3,pg,U,wide,bike,93,97746,2747
3,pg,U,wide,bike,94,82033,2747
3,pg,U,wide,bike,95,82672,2747
3,pg,U,wide,bike,96,84092,2747
3,pg,U,wide,bike,97,84146,2747
3,pg,U,wide,bike,98,93054,2747
3,pg,U,wide,bike,99,88290,2747
3,pg,U,wide,bike,100,85482,2747
3,pg,U,wide,bike,101,81852,2747
3,pg,U,wide,bike,102,86670,2747
3,pg,U,wide,bike,103,90450,2747
3,pg,U,wide,bike,104,87649,2747
3,pg,U,wide,bike,105,88248,2747
3,pg,U,wide,bike,106,92003,2747
3,pg,U,wide,bike,107,90964,2747
3,pg,U,wide,bike,108,94223,2747
3,pg,U,wide,bike,109,82206,2747
3,pg,U,wide,bike,110,82197,2747
3,pg,U,wide,bike,111,82521,2747
3,pg,U,wide,bike,112,81962,2747
3,pg,U,wide,bike,113,81137,2747
3,pg,U,wide,bike,114,82328,2747
3,pg,U,wide,bike,115,83193,2747
3,pg,U,wide,bike,116,81161,2747
3,pg,U,wide,bike,117,92358,2747
3,pg,U,wide,bike,118,84522,2747
3,pg,U,wide,bike,119,81692,2747
3,pg,U,wide,bike,120,83836,2747
3,pg,U,wide,bike,121,83210,2747
3,pg,U,wide,bike,122,97555,2747
3,pg,U,wide,bike,123,83712,2747
3,pg,U,wide,bike,124,81757,2747
3,pg,U,wide,bike,125,82525,2747
3,pg,U,wide,bike,126,84400,2747
3,pg,U,wide,bike,127,81555,2747
3,pg,U,wide,bike,128,83328,2747
3,pg,U,wide,bike,129,86168,2747
3,pg,U,wide,bike,130,98233,2747
3,pg,U,wide,bike,131,83985,2747
3,pg,U,wide,bike,132,82390,2747
3,pg,U,wide,bike,133,84084,2747
3,pg,U,wide,bike,134,99751,2747
3,pg,U,wide,bike,135,83245,2747
3,pg,U,wide,bike,136,83094,2747
3,pg,U,wide,bike,137,110873,2747
3,pg,U,wide,bike,138,123489,2747
3,pg,U,wide,bike,139,92579,2747
3,pg,U,wide,bike,140,87312,2747
3,pg,U,wide,bike,141,91143,2747
3,pg,U,wide,bike,142,83307,2747
3,pg,U,wide,bike,143,102283,2747
3,pg,U,wide,bike,144,84439,2747
3,pg,U,wide,bike,145,91307,2747
3,pg,U,wide,bike,146,83923,2747
3,pg,U,wide,bike,147,84035,2747
3,pg,U,wide,bike,148,82628,2747
3,pg,U,wide,bike,149,82184,2747
3,pg,U,wide,bike,150,81966,2747
3,pg,U,wide,bike,151,82091,2747
3,pg,U,wide,bike,152,97479,2747
3,pg,U,wide,bike,153,103221,2747
3,pg,U,wide,bike,154,97274,2747
3,pg,U,wide,bike,155,98609,2747
3,pg,U,wide,bike,156,98027,2747
3,pg,U,wide,bike,157,98200,2747
3,pg,U,wide,bike,158,82348,2747
3,pg,U,wide,bike,159,82731,2747
3,pg,U,wide,bike,160,81806,2747
3,pg,U,wide,bike,161,81798,2747
3,pg,U,wide,bike,162,100495,2747
3,pg,U,wide,bike,163,81599,2747
3,pg,U,wide,bike,164,84064,2747
3,pg,U,wide,bike,165,95848,2747
3,pg,U,wide,bike,166,90495,2747
3,pg,U,wide,bike,167,91435,2747
3,pg,U,wide,bike,168,110155,2747
3,pg,U,wide,bike,169,92531,2747
3,pg,U,wide,bike,170,102091,2747
3,pg,U,wide,bike,171,99292,2747
3,pg,U,wide,bike,172,82208,2747
3,pg,U,wide,bike,173,82611,2747
3,pg,U,wide,bike,174,83329,2747
3,pg,U,wide,bike,175,85392,2747
3,pg,U,wide,bike,176,82082,2747
3,pg,U,wide,bike,177,81842,2747
3,pg,U,wide,bike,178,81979,2747
3,pg,U,wide,bike,179,81891,2747
3,pg,U,wide,bike,180,82160,2747
3,pg,U,wide,bike,181,80999,2747
3,pg,U,wide,bike,182,81462,2747
3,pg,U,wide,bike,183,82101,2747
3,pg,U,wide,bike,184,83828,2747
3,pg,U,wide,bike,185,81375,2747
3,pg,U,wide,bike,186,82021,2747
3,pg,U,wide,bike,187,82550,2747
3,pg,U,wide,bike,188,81811,2747
3,pg,U,wide,bike,189,83132,2747
3,pg,U,wide,bike,190,84212,2747
3,pg,U,wide,bike,191,84622,2747
3,pg,U,wide,bike,192,98979,2747
3,pg,U,wide,bike,193,85840,2747
3,pg,U,wide,bike,194,82882,2747
3,pg,U,wide,bike,195,82892,2747
3,pg,U,wide,bike,196,86201,2747
3,pg,U,wide,bike,197,97846,2747
3,pg,U,wide,bike,198,87140,2747
3,pg,U,wide,bike,199,98534,2747
3,mongo,S,single,,0,3846,1
3,mongo,S,single,,1,1279,1
3,mongo,S,single,,2,1352,1
3,mongo,S,single,,3,1395,1
3,mongo,S,single,,4,786,1
3,mongo,S,single,,5,772,1
3,mongo,S,single,,6,1638,1
3,mongo,S,single,,7,951,1
3,mongo,S,single,,8,959,1
3,mongo,S,single,,9,1039,1
3,mongo,S,single,,10,839,1
3,mongo,S,single,,11,858,1
3,mongo,S,single,,12,1334,1
3,mongo,S,single,,13,883,1
3,mongo,S,single,,14,769,1
3,mongo,S,single,,15,1067,1
3,mongo,S,single,,16,1183,1
3,mongo,S,single,,17,728,1
3,mongo,S,single,,18,846,1
3,mongo,S,single,,19,763,1
3,mongo,S,single,,20,1155,1
3,mongo,S,single,,21,919,1
3,mongo,S,single,,22,667,1
3,mongo,S,single,,23,751,1
3,mongo,S,single,,24,825,1
3,mongo,S,single,,25,851,1
3,mongo,S,single,,26,684,1
3,mongo,S,single,,27,784,1
3,mongo,S,single,,28,1467,1
3,mongo,S,single,,29,779,1
3,mongo,S,single,,30,826,1
3,mongo,S,single,,31,910,1
3,mongo,S,single,,32,894,1
3,mongo,S,single,,33,942,1
3,mongo,S,single,,34,870,1
3,mongo,S,single,,35,876,1
3,mongo,S,single,,36,1099,1
3,mongo,S,single,,37,1144,1
3,mongo,S,single,,38,1019,1
3,mongo,S,single,,39,1001,1
3,mongo,S,single,,40,720,1
3,mongo,S,single,,41,669,1
3,mongo,S,single,,42,640,1
3,mongo,S,single,,43,1556,1
3,mongo,S,single,,44,896,1
3,mongo,S,single,,45,842,1
3,mongo,S,single,,46,1095,1
3,mongo,S,single,,47,1006,1
3,mongo,S,single,,48,763,1
3,mongo,S,single,,49,989,1
3,mongo,S,single,,50,928,1
3,mongo,S,single,,51,750,1
3,mongo,S,single,,52,817,1
3,mongo,S,single,,53,842,1
3,mongo,S,single,,54,1070,1
3,mongo,S,single,,55,818,1
3,mongo,S,single,,56,698,1
3,mongo,S,single,,57,780,1
3,mongo,S,single,,58,1047,1
3,mongo,S,single,,59,811,1
3,mongo,S,single,,60,859,1
3,mongo,S,single,,61,1287,1
3,mongo,S,single,,62,1090,1
3,mongo,S,single,,63,869,1
3,mongo,S,single,,64,1015,1
3,mongo,S,single,,65,730,1
3,mongo,S,single,,66,712,1
3,mongo,S,single,,67,648,1
3,mongo,S,single,,68,711,1
3,mongo,S,single,,69,1121,1
3,mongo,S,single,,70,1165,1
3,mongo,S,single,,71,1153,1
3,mongo,S,single,,72,2277,1
3,mongo,S,single,,73,1786,1
3,mongo,S,single,,74,1873,1
3,mongo,S,single,,75,5746,1
3,mongo,S,single,,76,6047,1
3,mongo,S,single,,77,1542,1
3,mongo,S,single,,78,1434,1
3,mongo,S,single,,79,1908,1
3,mongo,S,single,,80,1155,1
3,mongo,S,single,,81,2872,1
3,mongo,S,single,,82,1465,1
3,mongo,S,single,,83,1932,1
3,mongo,S,single,,84,1195,1
3,mongo,S,single,,85,1030,1
3,mongo,S,single,,86,860,1
3,mongo,S,single,,87,1175,1
3,mongo,S,single,,88,1589,1
3,mongo,S,single,,89,1138,1
3,mongo,S,single,,90,1153,1
3,mongo,S,single,,91,1004,1
3,mongo,S,single,,92,853,1
3,mongo,S,single,,93,964,1
3,mongo,S,single,,94,1629,1
3,mongo,S,single,,95,834,1
3,mongo,S,single,,96,906,1
3,mongo,S,single,,97,709,1
3,mongo,S,single,,98,1024,1
3,mongo,S,single,,99,912,1
3,mongo,S,single,,100,869,1
3,mongo,S,single,,101,1559,1
3,mongo,S,single,,102,882,1
3,mongo,S,single,,103,928,1
3,mongo,S,single,,104,654,1
3,mongo,S,single,,105,822,1
3,mongo,S,single,,106,1088,1
3,mongo,S,single,,107,814,1
3,mongo,S,single,,108,1496,1
3,mongo,S,single,,109,886,1
3,mongo,S,single,,110,911,1
3,mongo,S,single,,111,950,1
3,mongo,S,single,,112,1078,1
3,mongo,S,single,,113,980,1
3,mongo,S,single,,114,918,1
3,mongo,S,single,,115,1063,1
3,mongo,S,single,,116,854,1
3,mongo,S,single,,117,842,1
3,mongo,S,single,,118,877,1
3,mongo,S,single,,119,1332,1
3,mongo,S,single,,120,874,1
3,mongo,S,single,,121,796,1
3,mongo,S,single,,122,1162,1
3,mongo,S,single,,123,1062,1
3,mongo,S,single,,124,1210,1
3,mongo,S,single,,125,767,1
3,mongo,S,single,,126,1110,1
3,mongo,S,single,,127,793,1
3,mongo,S,single,,128,988,1
3,mongo,S,single,,129,993,1
3,mongo,S,single,,130,995,1
3,mongo,S,single,,131,942,1
3,mongo,S,single,,132,893,1
3,mongo,S,single,,133,723,1
3,mongo,S,single,,134,890,1
3,mongo,S,single,,135,970,1
3,mongo,S,single,,136,706,1
3,mongo,S,single,,137,1038,1
3,mongo,S,single,,138,915,1
3,mongo,S,single,,139,843,1
3,mongo,S,single,,140,892,1
3,mongo,S,single,,141,931,1
3,mongo,S,single,,142,825,1
3,mongo,S,single,,143,661,1
3,mongo,S,single,,144,768,1
3,mongo,S,single,,145,1133,1
3,mongo,S,single,,146,913,1
3,mongo,S,single,,147,864,1
3,mongo,S,single,,148,1009,1
3,mongo,S,single,,149,958,1
3,mongo,S,single,,150,970,1
3,mongo,S,single,,151,679,1
3,mongo,S,single,,152,893,1
3,mongo,S,single,,153,903,1
3,mongo,S,single,,154,1083,1
3,mongo,S,single,,155,987,1
3,mongo,S,single,,156,889,1
3,mongo,S,single,,157,810,1
3,mongo,S,single,,158,701,1
3,mongo,S,single,,159,885,1
3,mongo,S,single,,160,1227,1
3,mongo,S,single,,161,1254,1
3,mongo,S,single,,162,744,1
3,mongo,S,single,,163,818,1
3,mongo,S,single,,164,1155,1
3,mongo,S,single,,165,939,1
3,mongo,S,single,,166,886,1
3,mongo,S,single,,167,1181,1
3,mongo,S,single,,168,957,1
3,mongo,S,single,,169,870,1
3,mongo,S,single,,170,967,1
3,mongo,S,single,,171,812,1
3,mongo,S,single,,172,600,1
3,mongo,S,single,,173,543,1
3,mongo,S,single,,174,720,1
3,mongo,S,single,,175,764,1
3,mongo,S,single,,176,810,1
3,mongo,S,single,,177,819,1
3,mongo,S,single,,178,747,1
3,mongo,S,single,,179,862,1
3,mongo,S,single,,180,1033,1
3,mongo,S,single,,181,874,1
3,mongo,S,single,,182,953,1
3,mongo,S,single,,183,875,1
3,mongo,S,single,,184,783,1
3,mongo,S,single,,185,1069,1
3,mongo,S,single,,186,1076,1
3,mongo,S,single,,187,1099,1
3,mongo,S,single,,188,1157,1
3,mongo,S,single,,189,1019,1
3,mongo,S,single,,190,710,1
3,mongo,S,single,,191,784,1
3,mongo,S,single,,192,949,1
3,mongo,S,single,,193,710,1
3,mongo,S,single,,194,1114,1
3,mongo,S,single,,195,790,1
3,mongo,S,single,,196,893,1
3,mongo,S,single,,197,899,1
3,mongo,S,single,,198,963,1
3,mongo,S,single,,199,1005,1
3,pg,U,medium,bike,0,68399,1433
3,pg,U,medium,bike,1,71507,1433
3,pg,U,medium,bike,2,77169,1433
3,pg,U,medium,bike,3,56364,1433
3,pg,U,medium,bike,4,55380,1433
3,pg,U,medium,bike,5,55346,1433
3,pg,U,medium,bike,6,47154,1433
3,pg,U,medium,bike,7,53819,1433
3,pg,U,medium,bike,8,53081,1433
3,pg,U,medium,bike,9,52698,1433
3,pg,U,medium,bike,10,53429,1433
3,pg,U,medium,bike,11,56564,1433
3,pg,U,medium,bike,12,54002,1433
3,pg,U,medium,bike,13,54189,1433
3,pg,U,medium,bike,14,53630,1433
3,pg,U,medium,bike,15,53360,1433
3,pg,U,medium,bike,16,55688,1433
3,pg,U,medium,bike,17,44687,1433
3,pg,U,medium,bike,18,45335,1433
3,pg,U,medium,bike,19,44873,1433
3,pg,U,medium,bike,20,45047,1433
3,pg,U,medium,bike,21,55398,1433
3,pg,U,medium,bike,22,54961,1433
3,pg,U,medium,bike,23,44737,1433
3,pg,U,medium,bike,24,45238,1433
3,pg,U,medium,bike,25,46189,1433
3,pg,U,medium,bike,26,45177,1433
3,pg,U,medium,bike,27,44847,1433
3,pg,U,medium,bike,28,45979,1433
3,pg,U,medium,bike,29,44480,1433
3,pg,U,medium,bike,30,45456,1433
3,pg,U,medium,bike,31,45943,1433
3,pg,U,medium,bike,32,45360,1433
3,pg,U,medium,bike,33,44638,1433
3,pg,U,medium,bike,34,45437,1433
3,pg,U,medium,bike,35,54571,1433
3,pg,U,medium,bike,36,53064,1433
3,pg,U,medium,bike,37,45350,1433
3,pg,U,medium,bike,38,45005,1433
3,pg,U,medium,bike,39,44722,1433
3,pg,U,medium,bike,40,45387,1433
3,pg,U,medium,bike,41,54240,1433
3,pg,U,medium,bike,42,59798,1433
3,pg,U,medium,bike,43,63047,1433
3,pg,U,medium,bike,44,56333,1433
3,pg,U,medium,bike,45,56587,1433
3,pg,U,medium,bike,46,57634,1433
3,pg,U,medium,bike,47,58545,1433
3,pg,U,medium,bike,48,63515,1433
3,pg,U,medium,bike,49,46410,1433
3,pg,U,medium,bike,50,45176,1433
3,pg,U,medium,bike,51,45909,1433
3,pg,U,medium,bike,52,44669,1433
3,pg,U,medium,bike,53,44880,1433
3,pg,U,medium,bike,54,44675,1433
3,pg,U,medium,bike,55,45694,1433
3,pg,U,medium,bike,56,45386,1433
3,pg,U,medium,bike,57,45552,1433
3,pg,U,medium,bike,58,46017,1433
3,pg,U,medium,bike,59,45296,1433
3,pg,U,medium,bike,60,46324,1433
3,pg,U,medium,bike,61,53329,1433
3,pg,U,medium,bike,62,45908,1433
3,pg,U,medium,bike,63,48795,1433
3,pg,U,medium,bike,64,45492,1433
3,pg,U,medium,bike,65,45967,1433
3,pg,U,medium,bike,66,45439,1433
3,pg,U,medium,bike,67,45018,1433
3,pg,U,medium,bike,68,44693,1433
3,pg,U,medium,bike,69,44809,1433
3,pg,U,medium,bike,70,45456,1433
3,pg,U,medium,bike,71,44428,1433
3,pg,U,medium,bike,72,45310,1433
3,pg,U,medium,bike,73,46063,1433
3,pg,U,medium,bike,74,52871,1433
3,pg,U,medium,bike,75,53763,1433
3,pg,U,medium,bike,76,54592,1433
3,pg,U,medium,bike,77,52872,1433
3,pg,U,medium,bike,78,47575,1433
3,pg,U,medium,bike,79,54690,1433
3,pg,U,medium,bike,80,53362,1433
3,pg,U,medium,bike,81,45456,1433
3,pg,U,medium,bike,82,45348,1433
3,pg,U,medium,bike,83,44750,1433
3,pg,U,medium,bike,84,45935,1433
3,pg,U,medium,bike,85,45045,1433
3,pg,U,medium,bike,86,45462,1433
3,pg,U,medium,bike,87,45042,1433
3,pg,U,medium,bike,88,45447,1433
3,pg,U,medium,bike,89,54623,1433
3,pg,U,medium,bike,90,53909,1433
3,pg,U,medium,bike,91,53692,1433
3,pg,U,medium,bike,92,45726,1433
3,pg,U,medium,bike,93,46326,1433
3,pg,U,medium,bike,94,44807,1433
3,pg,U,medium,bike,95,44949,1433
3,pg,U,medium,bike,96,45015,1433
3,pg,U,medium,bike,97,53378,1433
3,pg,U,medium,bike,98,53750,1433
3,pg,U,medium,bike,99,45396,1433
3,pg,U,medium,bike,100,53872,1433
3,pg,U,medium,bike,101,53348,1433
3,pg,U,medium,bike,102,56672,1433
3,pg,U,medium,bike,103,58678,1433
3,pg,U,medium,bike,104,59455,1433
3,pg,U,medium,bike,105,62205,1433
3,pg,U,medium,bike,106,66996,1433
3,pg,U,medium,bike,107,65120,1433
3,pg,U,medium,bike,108,51900,1433
3,pg,U,medium,bike,109,62856,1433
3,pg,U,medium,bike,110,64851,1433
3,pg,U,medium,bike,111,47866,1433
3,pg,U,medium,bike,112,46611,1433
3,pg,U,medium,bike,113,55464,1433
3,pg,U,medium,bike,114,55046,1433
3,pg,U,medium,bike,115,45512,1433
3,pg,U,medium,bike,116,45200,1433
3,pg,U,medium,bike,117,44835,1433
3,pg,U,medium,bike,118,44837,1433
3,pg,U,medium,bike,119,47011,1433
3,pg,U,medium,bike,120,53200,1433
3,pg,U,medium,bike,121,45058,1433
3,pg,U,medium,bike,122,44825,1433
3,pg,U,medium,bike,123,45171,1433
3,pg,U,medium,bike,124,44499,1433
3,pg,U,medium,bike,125,53473,1433
3,pg,U,medium,bike,126,54169,1433
3,pg,U,medium,bike,127,45009,1433
3,pg,U,medium,bike,128,45428,1433
3,pg,U,medium,bike,129,44743,1433
3,pg,U,medium,bike,130,45406,1433
3,pg,U,medium,bike,131,45373,1433
3,pg,U,medium,bike,132,55792,1433
3,pg,U,medium,bike,133,53076,1433
3,pg,U,medium,bike,134,45203,1433
3,pg,U,medium,bike,135,45082,1433
3,pg,U,medium,bike,136,44754,1433
3,pg,U,medium,bike,137,44921,1433
3,pg,U,medium,bike,138,44779,1433
3,pg,U,medium,bike,139,45021,1433
3,pg,U,medium,bike,140,45380,1433
3,pg,U,medium,bike,141,44590,1433
3,pg,U,medium,bike,142,45065,1433
3,pg,U,medium,bike,143,44977,1433
3,pg,U,medium,bike,144,44668,1433
3,pg,U,medium,bike,145,45576,1433
3,pg,U,medium,bike,146,44572,1433
3,pg,U,medium,bike,147,59324,1433
3,pg,U,medium,bike,148,44713,1433
3,pg,U,medium,bike,149,44261,1433
3,pg,U,medium,bike,150,45303,1433
3,pg,U,medium,bike,151,47925,1433
3,pg,U,medium,bike,152,58612,1433
3,pg,U,medium,bike,153,48442,1433
3,pg,U,medium,bike,154,48266,1433
3,pg,U,medium,bike,155,48809,1433
3,pg,U,medium,bike,156,47751,1433
3,pg,U,medium,bike,157,50310,1433
3,pg,U,medium,bike,158,49583,1433
3,pg,U,medium,bike,159,45026,1433
3,pg,U,medium,bike,160,45861,1433
3,pg,U,medium,bike,161,45425,1433
3,pg,U,medium,bike,162,44952,1433
3,pg,U,medium,bike,163,45368,1433
3,pg,U,medium,bike,164,45439,1433
3,pg,U,medium,bike,165,44751,1433
3,pg,U,medium,bike,166,45811,1433
3,pg,U,medium,bike,167,44588,1433
3,pg,U,medium,bike,168,45180,1433
3,pg,U,medium,bike,169,44743,1433
3,pg,U,medium,bike,170,45576,1433
3,pg,U,medium,bike,171,44493,1433
3,pg,U,medium,bike,172,52972,1433
3,pg,U,medium,bike,173,44817,1433
3,pg,U,medium,bike,174,45596,1433
3,pg,U,medium,bike,175,56197,1433
3,pg,U,medium,bike,176,46487,1433
3,pg,U,medium,bike,177,45360,1433
3,pg,U,medium,bike,178,45140,1433
3,pg,U,medium,bike,179,45240,1433
3,pg,U,medium,bike,180,45527,1433
3,pg,U,medium,bike,181,44890,1433
3,pg,U,medium,bike,182,44665,1433
3,pg,U,medium,bike,183,45355,1433
3,pg,U,medium,bike,184,54658,1433
3,pg,U,medium,bike,185,45791,1433
3,pg,U,medium,bike,186,53581,1433
3,pg,U,medium,bike,187,44880,1433
3,pg,U,medium,bike,188,45878,1433
3,pg,U,medium,bike,189,45302,1433
3,pg,U,medium,bike,190,48535,1433
3,pg,U,medium,bike,191,53090,1433
3,pg,U,medium,bike,192,46410,1433
3,pg,U,medium,bike,193,55160,1433
3,pg,U,medium,bike,194,45565,1433
3,pg,U,medium,bike,195,44613,1433
3,pg,U,medium,bike,196,55780,1433
3,pg,U,medium,bike,197,44917,1433
3,pg,U,medium,bike,198,45468,1433
3,pg,U,medium,bike,199,44897,1433
3,mongo,U,narrow,bus,0,26556,518
3,mongo,U,narrow,bus,1,20586,518
3,mongo,U,narrow,bus,2,18454,518
3,mongo,U,narrow,bus,3,18405,518
3,mongo,U,narrow,bus,4,18839,518
3,mongo,U,narrow,bus,5,18495,518
3,mongo,U,narrow,bus,6,18972,518
3,mongo,U,narrow,bus,7,18178,518
3,mongo,U,narrow,bus,8,18118,518
3,mongo,U,narrow,bus,9,18748,518
3,mongo,U,narrow,bus,10,18722,518
3,mongo,U,narrow,bus,11,19020,518
3,mongo,U,narrow,bus,12,19353,518
3,mongo,U,narrow,bus,13,20026,518
3,mongo,U,narrow,bus,14,21525,518
3,mongo,U,narrow,bus,15,21685,518
3,mongo,U,narrow,bus,16,18952,518
3,mongo,U,narrow,bus,17,18560,518
3,mongo,U,narrow,bus,18,18222,518
3,mongo,U,narrow,bus,19,18362,518
3,mongo,U,narrow,bus,20,19146,518
3,mongo,U,narrow,bus,21,18707,518
3,mongo,U,narrow,bus,22,20472,518
3,mongo,U,narrow,bus,23,18790,518
3,mongo,U,narrow,bus,24,18562,518
3,mongo,U,narrow,bus,25,18729,518
3,mongo,U,narrow,bus,26,18162,518
3,mongo,U,narrow,bus,27,19503,518
3,mongo,U,narrow,bus,28,18706,518
3,mongo,U,narrow,bus,29,18666,518
3,mongo,U,narrow,bus,30,18631,518
3,mongo,U,narrow,bus,31,18395,518
3,mongo,U,narrow,bus,32,18320,518
3,mongo,U,narrow,bus,33,20621,518
3,mongo,U,narrow,bus,34,19305,518
3,mongo,U,narrow,bus,35,19292,518
3,mongo,U,narrow,bus,36,18822,518
3,mongo,U,narrow,bus,37,18446,518
3,mongo,U,narrow,bus,38,18531,518
3,mongo,U,narrow,bus,39,20435,518
3,mongo,U,narrow,bus,40,21901,518
3,mongo,U,narrow,bus,41,24919,518
3,mongo,U,narrow,bus,42,21772,518
3,mongo,U,narrow,bus,43,21756,518
3,mongo,U,narrow,bus,44,24974,518
3,mongo,U,narrow,bus,45,22228,518
3,mongo,U,narrow,bus,46,23103,518
3,mongo,U,narrow,bus,47,21007,518
3,mongo,U,narrow,bus,48,20904,518
3,mongo,U,narrow,bus,49,20246,518
3,mongo,U,narrow,bus,50,21740,518
3,mongo,U,narrow,bus,51,22488,518
3,mongo,U,narrow,bus,52,19748,518
3,mongo,U,narrow,bus,53,19675,518
3,mongo,U,narrow,bus,54,22269,518
3,mongo,U,narrow,bus,55,22302,518
3,mongo,U,narrow,bus,56,24921,518
3,mongo,U,narrow,bus,57,21156,518
3,mongo,U,narrow,bus,58,19493,518
3,mongo,U,narrow,bus,59,19132,518
3,mongo,U,narrow,bus,60,18264,518
3,mongo,U,narrow,bus,61,18927,518
3,mongo,U,narrow,bus,62,20262,518
3,mongo,U,narrow,bus,63,18742,518
3,mongo,U,narrow,bus,64,19735,518
3,mongo,U,narrow,bus,65,20633,518
3,mongo,U,narrow,bus,66,19959,518
3,mongo,U,narrow,bus,67,18888,518
3,mongo,U,narrow,bus,68,19335,518
3,mongo,U,narrow,bus,69,19231,518
3,mongo,U,narrow,bus,70,19174,518
3,mongo,U,narrow,bus,71,18965,518
3,mongo,U,narrow,bus,72,18275,518
3,mongo,U,narrow,bus,73,19203,518
3,mongo,U,narrow,bus,74,18882,518
3,mongo,U,narrow,bus,75,18974,518
3,mongo,U,narrow,bus,76,18557,518
3,mongo,U,narrow,bus,77,19012,518
3,mongo,U,narrow,bus,78,18589,518
3,mongo,U,narrow,bus,79,20832,518
3,mongo,U,narrow,bus,80,20506,518
3,mongo,U,narrow,bus,81,20362,518
3,mongo,U,narrow,bus,82,20637,518
3,mongo,U,narrow,bus,83,18425,518
3,mongo,U,narrow,bus,84,18477,518
3,mongo,U,narrow,bus,85,19822,518
3,mongo,U,narrow,bus,86,19605,518
3,mongo,U,narrow,bus,87,18822,518
3,mongo,U,narrow,bus,88,18908,518
3,mongo,U,narrow,bus,89,19119,518
3,mongo,U,narrow,bus,90,18526,518
3,mongo,U,narrow,bus,91,20113,518
3,mongo,U,narrow,bus,92,19243,518
3,mongo,U,narrow,bus,93,18705,518
3,mongo,U,narrow,bus,94,19020,518
3,mongo,U,narrow,bus,95,19406,518
3,mongo,U,narrow,bus,96,19504,518
3,mongo,U,narrow,bus,97,18805,518
3,mongo,U,narrow,bus,98,19270,518
3,mongo,U,narrow,bus,99,18251,518
3,mongo,U,narrow,bus,100,18092,518
3,mongo,U,narrow,bus,101,19284,518
3,mongo,U,narrow,bus,102,19143,518
3,mongo,U,narrow,bus,103,18897,518
3,mongo,U,narrow,bus,104,18317,518
3,mongo,U,narrow,bus,105,18553,518
3,mongo,U,narrow,bus,106,18966,518
3,mongo,U,narrow,bus,107,18010,518
3,mongo,U,narrow,bus,108,18892,518
3,mongo,U,narrow,bus,109,18967,518
3,mongo,U,narrow,bus,110,18426,518
3,mongo,U,narrow,bus,111,18355,518
3,mongo,U,narrow,bus,112,18244,518
3,mongo,U,narrow,bus,113,18365,518
3,mongo,U,narrow,bus,114,18830,518
3,mongo,U,narrow,bus,115,18062,518
3,mongo,U,narrow,bus,116,18315,518
3,mongo,U,narrow,bus,117,19353,518
3,mongo,U,narrow,bus,118,18850,518
3,mongo,U,narrow,bus,119,19309,518
3,mongo,U,narrow,bus,120,18425,518
3,mongo,U,narrow,bus,121,18317,518
3,mongo,U,narrow,bus,122,18859,518
3,mongo,U,narrow,bus,123,18414,518
3,mongo,U,narrow,bus,124,18531,518
3,mongo,U,narrow,bus,125,18938,518
3,mongo,U,narrow,bus,126,18668,518
3,mongo,U,narrow,bus,127,18023,518
3,mongo,U,narrow,bus,128,18901,518
3,mongo,U,narrow,bus,129,18666,518
3,mongo,U,narrow,bus,130,18900,518
3,mongo,U,narrow,bus,131,18896,518
3,mongo,U,narrow,bus,132,19586,518
3,mongo,U,narrow,bus,133,18080,518
3,mongo,U,narrow,bus,134,18760,518
3,mongo,U,narrow,bus,135,18613,518
3,mongo,U,narrow,bus,136,18259,518
3,mongo,U,narrow,bus,137,19106,518
3,mongo,U,narrow,bus,138,20027,518
3,mongo,U,narrow,bus,139,18663,518
3,mongo,U,narrow,bus,140,18422,518
3,mongo,U,narrow,bus,141,18560,518
3,mongo,U,narrow,bus,142,18828,518
3,mongo,U,narrow,bus,143,18625,518
3,mongo,U,narrow,bus,144,21104,518
3,mongo,U,narrow,bus,145,18252,518
3,mongo,U,narrow,bus,146,18941,518
3,mongo,U,narrow,bus,147,18279,518
3,mongo,U,narrow,bus,148,18466,518
3,mongo,U,narrow,bus,149,19329,518
3,mongo,U,narrow,bus,150,19025,518
3,mongo,U,narrow,bus,151,18268,518
3,mongo,U,narrow,bus,152,18439,518
3,mongo,U,narrow,bus,153,18789,518
3,mongo,U,narrow,bus,154,18929,518
3,mongo,U,narrow,bus,155,19939,518
3,mongo,U,narrow,bus,156,18236,518
3,mongo,U,narrow,bus,157,20001,518
3,mongo,U,narrow,bus,158,21092,518
3,mongo,U,narrow,bus,159,20652,518
3,mongo,U,narrow,bus,160,19915,518
3,mongo,U,narrow,bus,161,19026,518
3,mongo,U,narrow,bus,162,19814,518
3,mongo,U,narrow,bus,163,20097,518
3,mongo,U,narrow,bus,164,19267,518
3,mongo,U,narrow,bus,165,19291,518
3,mongo,U,narrow,bus,166,20566,518
3,mongo,U,narrow,bus,167,20591,518
3,mongo,U,narrow,bus,168,19689,518
3,mongo,U,narrow,bus,169,19974,518
3,mongo,U,narrow,bus,170,21568,518
3,mongo,U,narrow,bus,171,19869,518
3,mongo,U,narrow,bus,172,22930,518
3,mongo,U,narrow,bus,173,21286,518
3,mongo,U,narrow,bus,174,19521,518
3,mongo,U,narrow,bus,175,18473,518
3,mongo,U,narrow,bus,176,19383,518
3,mongo,U,narrow,bus,177,19011,518
3,mongo,U,narrow,bus,178,18239,518
3,mongo,U,narrow,bus,179,18368,518
3,mongo,U,narrow,bus,180,19073,518
3,mongo,U,narrow,bus,181,18578,518
3,mongo,U,narrow,bus,182,19386,518
3,mongo,U,narrow,bus,183,18854,518
3,mongo,U,narrow,bus,184,18470,518
3,mongo,U,narrow,bus,185,18356,518
3,mongo,U,narrow,bus,186,24379,518
3,mongo,U,narrow,bus,187,21105,518
3,mongo,U,narrow,bus,188,22267,518
3,mongo,U,narrow,bus,189,20496,518
3,mongo,U,narrow,bus,190,18874,518
3,mongo,U,narrow,bus,191,18322,518
3,mongo,U,narrow,bus,192,19072,518
3,mongo,U,narrow,bus,193,18569,518
3,mongo,U,narrow,bus,194,21610,518
3,mongo,U,narrow,bus,195,19651,518
3,mongo,U,narrow,bus,196,18279,518
3,mongo,U,narrow,bus,197,18869,518
3,mongo,U,narrow,bus,198,18637,518
3,mongo,U,narrow,bus,199,18743,518
3,pg,S,medium,bike,0,36601,1433
3,pg,S,medium,bike,1,34656,1433
3,pg,S,medium,bike,2,34596,1433
3,pg,S,medium,bike,3,35461,1433
3,pg,S,medium,bike,4,35554,1433
3,pg,S,medium,bike,5,35587,1433
3,pg,S,medium,bike,6,34501,1433
3,pg,S,medium,bike,7,34328,1433
3,pg,S,medium,bike,8,34465,1433
3,pg,S,medium,bike,9,34356,1433
3,pg,S,medium,bike,10,35032,1433
3,pg,S,medium,bike,11,34225,1433
3,pg,S,medium,bike,12,42819,1433
3,pg,S,medium,bike,13,34029,1433
3,pg,S,medium,bike,14,34399,1433
3,pg,S,medium,bike,15,33830,1433
3,pg,S,medium,bike,16,42417,1433
3,pg,S,medium,bike,17,42513,1433
3,pg,S,medium,bike,18,42288,1433
3,pg,S,medium,bike,19,42486,1433
3,pg,S,medium,bike,20,34019,1433
3,pg,S,medium,bike,21,42853,1433
3,pg,S,medium,bike,22,34584,1433
3,pg,S,medium,bike,23,34442,1433
3,pg,S,medium,bike,24,35472,1433
3,pg,S,medium,bike,25,58835,1433
3,pg,S,medium,bike,26,36404,1433
3,pg,S,medium,bike,27,36216,1433
3,pg,S,medium,bike,28,36662,1433
3,pg,S,medium,bike,29,46518,1433
3,pg,S,medium,bike,30,35875,1433
3,pg,S,medium,bike,31,36432,1433
3,pg,S,medium,bike,32,35250,1433
3,pg,S,medium,bike,33,35693,1433
3,pg,S,medium,bike,34,44275,1433
3,pg,S,medium,bike,35,44517,1433
3,pg,S,medium,bike,36,35988,1433
3,pg,S,medium,bike,37,34268,1433
3,pg,S,medium,bike,38,34263,1433
3,pg,S,medium,bike,39,34367,1433
3,pg,S,medium,bike,40,34308,1433
3,pg,S,medium,bike,41,43224,1433
3,pg,S,medium,bike,42,33930,1433
3,pg,S,medium,bike,43,34335,1433
3,pg,S,medium,bike,44,34517,1433
3,pg,S,medium,bike,45,42359,1433
3,pg,S,medium,bike,46,42615,1433
3,pg,S,medium,bike,47,34357,1433
3,pg,S,medium,bike,48,34826,1433
3,pg,S,medium,bike,49,41823,1433
3,pg,S,medium,bike,50,34271,1433
3,pg,S,medium,bike,51,36384,1433
3,pg,S,medium,bike,52,43056,1433
3,pg,S,medium,bike,53,43924,1433
3,pg,S,medium,bike,54,43205,1433
3,pg,S,medium,bike,55,43048,1433
3,pg,S,medium,bike,56,35096,1433
3,pg,S,medium,bike,57,43259,1433
3,pg,S,medium,bike,58,36403,1433
3,pg,S,medium,bike,59,42924,1433
3,pg,S,medium,bike,60,43480,1433
3,pg,S,medium,bike,61,37068,1433
3,pg,S,medium,bike,62,37649,1433
3,pg,S,medium,bike,63,39539,1433
3,pg,S,medium,bike,64,37789,1433
3,pg,S,medium,bike,65,36878,1433
3,pg,S,medium,bike,66,37381,1433
3,pg,S,medium,bike,67,36827,1433
3,pg,S,medium,bike,68,46326,1433
3,pg,S,medium,bike,69,50288,1433
3,pg,S,medium,bike,70,44227,1433
3,pg,S,medium,bike,71,34357,1433
3,pg,S,medium,bike,72,35081,1433
3,pg,S,medium,bike,73,34801,1433
3,pg,S,medium,bike,74,34635,1433
3,pg,S,medium,bike,75,36159,1433
3,pg,S,medium,bike,76,47358,1433
3,pg,S,medium,bike,77,43878,1433
3,pg,S,medium,bike,78,34723,1433
3,pg,S,medium,bike,79,34878,1433
3,pg,S,medium,bike,80,35339,1433
3,pg,S,medium,bike,81,34132,1433
3,pg,S,medium,bike,82,34757,1433
3,pg,S,medium,bike,83,34327,1433
3,pg,S,medium,bike,84,34760,1433
3,pg,S,medium,bike,85,34648,1433
3,pg,S,medium,bike,86,35062,1433
3,pg,S,medium,bike,87,34199,1433
3,pg,S,medium,bike,88,35386,1433
3,pg,S,medium,bike,89,42518,1433
3,pg,S,medium,bike,90,34079,1433
3,pg,S,medium,bike,91,34301,1433
3,pg,S,medium,bike,92,34551,1433
3,pg,S,medium,bike,93,42770,1433
3,pg,S,medium,bike,94,34205,1433
3,pg,S,medium,bike,95,34047,1433
3,pg,S,medium,bike,96,34437,1433
3,pg,S,medium,bike,97,34662,1433
3,pg,S,medium,bike,98,34947,1433
3,pg,S,medium,bike,99,34259,1433
3,pg,S,medium,bike,100,35510,1433
3,pg,S,medium,bike,101,43663,1433
3,pg,S,medium,bike,102,43005,1433
3,pg,S,medium,bike,103,39372,1433
3,pg,S,medium,bike,104,36786,1433
3,pg,S,medium,bike,105,34404,1433
3,pg,S,medium,bike,106,34446,1433
3,pg,S,medium,bike,107,33946,1433
3,pg,S,medium,bike,108,33986,1433
3,pg,S,medium,bike,109,34909,1433
3,pg,S,medium,bike,110,34236,1433
3,pg,S,medium,bike,111,34300,1433
3,pg,S,medium,bike,112,34340,1433
3,pg,S,medium,bike,113,34364,1433
3,pg,S,medium,bike,114,33975,1433
3,pg,S,medium,bike,115,35167,1433
3,pg,S,medium,bike,116,35379,1433
3,pg,S,medium,bike,117,34709,1433
3,pg,S,medium,bike,118,34085,1433
3,pg,S,medium,bike,119,35558,1433
3,pg,S,medium,bike,120,53351,1433
3,pg,S,medium,bike,121,45803,1433
3,pg,S,medium,bike,122,35935,1433
3,pg,S,medium,bike,123,37236,1433
3,pg,S,medium,bike,124,35801,1433
3,pg,S,medium,bike,125,36763,1433
3,pg,S,medium,bike,126,35585,1433
3,pg,S,medium,bike,127,37273,1433
3,pg,S,medium,bike,128,36232,1433
3,pg,S,medium,bike,129,38076,1433
3,pg,S,medium,bike,130,35828,1433
3,pg,S,medium,bike,131,35993,1433
3,pg,S,medium,bike,132,34701,1433
3,pg,S,medium,bike,133,34095,1433
3,pg,S,medium,bike,134,34441,1433
3,pg,S,medium,bike,135,34914,1433
3,pg,S,medium,bike,136,34736,1433
3,pg,S,medium,bike,137,42509,1433
3,pg,S,medium,bike,138,43626,1433
3,pg,S,medium,bike,139,42604,1433
3,pg,S,medium,bike,140,34410,1433
3,pg,S,medium,bike,141,34387,1433
3,pg,S,medium,bike,142,34349,1433
3,pg,S,medium,bike,143,34822,1433
3,pg,S,medium,bike,144,34551,1433
3,pg,S,medium,bike,145,42932,1433
3,pg,S,medium,bike,146,34062,1433
3,pg,S,medium,bike,147,42645,1433
3,pg,S,medium,bike,148,33508,1433
3,pg,S,medium,bike,149,42730,1433
3,pg,S,medium,bike,150,35362,1433
3,pg,S,medium,bike,151,35067,1433
3,pg,S,medium,bike,152,34700,1433
3,pg,S,medium,bike,153,44146,1433
3,pg,S,medium,bike,154,35933,1433
3,pg,S,medium,bike,155,36774,1433
3,pg,S,medium,bike,156,34356,1433
3,pg,S,medium,bike,157,33865,1433
3,pg,S,medium,bike,158,35630,1433
3,pg,S,medium,bike,159,40100,1433
3,pg,S,medium,bike,160,34314,1433
3,pg,S,medium,bike,161,37707,1433
3,pg,S,medium,bike,162,34389,1433
3,pg,S,medium,bike,163,33983,1433
3,pg,S,medium,bike,164,34490,1433
3,pg,S,medium,bike,165,43150,1433
3,pg,S,medium,bike,166,33849,1433
3,pg,S,medium,bike,167,43228,1433
3,pg,S,medium,bike,168,43127,1433
3,pg,S,medium,bike,169,44122,1433
3,pg,S,medium,bike,170,35057,1433
3,pg,S,medium,bike,171,35069,1433
3,pg,S,medium,bike,172,34071,1433
3,pg,S,medium,bike,173,34369,1433
3,pg,S,medium,bike,174,42899,1433
3,pg,S,medium,bike,175,43362,1433
3,pg,S,medium,bike,176,33482,1433
3,pg,S,medium,bike,177,35230,1433
3,pg,S,medium,bike,178,33812,1433
3,pg,S,medium,bike,179,34124,1433
3,pg,S,medium,bike,180,33797,1433
3,pg,S,medium,bike,181,34006,1433
3,pg,S,medium,bike,182,34525,1433
3,pg,S,medium,bike,183,43346,1433
3,pg,S,medium,bike,184,33799,1433
3,pg,S,medium,bike,185,34728,1433
3,pg,S,medium,bike,186,35286,1433
3,pg,S,medium,bike,187,34120,1433
3,pg,S,medium,bike,188,42967,1433
3,pg,S,medium,bike,189,35019,1433
3,pg,S,medium,bike,190,36199,1433
3,pg,S,medium,bike,191,36293,1433
3,pg,S,medium,bike,192,36091,1433
3,pg,S,medium,bike,193,34740,1433
3,pg,S,medium,bike,194,37768,1433
3,pg,S,medium,bike,195,51531,1433
3,pg,S,medium,bike,196,35595,1433
3,pg,S,medium,bike,197,43551,1433
3,pg,S,medium,bike,198,34459,1433
3,pg,S,medium,bike,199,34305,1433
3,mongo,U,medium,bus,0,53067,6214
3,mongo,U,medium,bus,1,50732,6214
3,mongo,U,medium,bus,2,52009,6214
3,mongo,U,medium,bus,3,50129,6214
3,mongo,U,medium,bus,4,61419,6214
3,mongo,U,medium,bus,5,70458,6214
3,mongo,U,medium,bus,6,66637,6214
3,mongo,U,medium,bus,7,63967,6214
3,mongo,U,medium,bus,8,63100,6214
3,mongo,U,medium,bus,9,79323,6214
3,mongo,U,medium,bus,10,71418,6214
3,mongo,U,medium,bus,11,59562,6214
3,mongo,U,medium,bus,12,63449,6214
3,mongo,U,medium,bus,13,54252,6214
3,mongo,U,medium,bus,14,55022,6214
3,mongo,U,medium,bus,15,61240,6214
3,mongo,U,medium,bus,16,52888,6214
3,mongo,U,medium,bus,17,51412,6214
3,mongo,U,medium,bus,18,53126,6214
3,mongo,U,medium,bus,19,49112,6214
3,mongo,U,medium,bus,20,70429,6214
3,mongo,U,medium,bus,21,98735,6214
3,mongo,U,medium,bus,22,54361,6214
3,mongo,U,medium,bus,23,55602,6214
3,mongo,U,medium,bus,24,56636,6214
3,mongo,U,medium,bus,25,52525,6214
3,mongo,U,medium,bus,26,53652,6214
3,mongo,U,medium,bus,27,54552,6214
3,mongo,U,medium,bus,28,53855,6214
3,mongo,U,medium,bus,29,55451,6214
3,mongo,U,medium,bus,30,55940,6214
3,mongo,U,medium,bus,31,55140,6214
3,mongo,U,medium,bus,32,52811,6214
3,mongo,U,medium,bus,33,58485,6214
3,mongo,U,medium,bus,34,54818,6214
3,mongo,U,medium,bus,35,53117,6214
3,mongo,U,medium,bus,36,53945,6214
3,mongo,U,medium,bus,37,52602,6214
3,mongo,U,medium,bus,38,53079,6214
3,mongo,U,medium,bus,39,50215,6214
3,mongo,U,medium,bus,40,48634,6214
3,mongo,U,medium,bus,41,55440,6214
3,mongo,U,medium,bus,42,59288,6214
3,mongo,U,medium,bus,43,56188,6214
3,mongo,U,medium,bus,44,68602,6214
3,mongo,U,medium,bus,45,70969,6214
3,mongo,U,medium,bus,46,54859,6214
3,mongo,U,medium,bus,47,54997,6214
3,mongo,U,medium,bus,48,60709,6214
3,mongo,U,medium,bus,49,53597,6214
3,mongo,U,medium,bus,50,50679,6214
3,mongo,U,medium,bus,51,56087,6214
3,mongo,U,medium,bus,52,48386,6214
3,mongo,U,medium,bus,53,53207,6214
3,mongo,U,medium,bus,54,48957,6214
3,mongo,U,medium,bus,55,47398,6214
3,mongo,U,medium,bus,56,48851,6214
3,mongo,U,medium,bus,57,49555,6214
3,mongo,U,medium,bus,58,54011,6214
3,mongo,U,medium,bus,59,49687,6214
3,mongo,U,medium,bus,60,58805,6214
3,mongo,U,medium,bus,61,49666,6214
3,mongo,U,medium,bus,62,51462,6214
3,mongo,U,medium,bus,63,47337,6214
3,mongo,U,medium,bus,64,49277,6214
3,mongo,U,medium,bus,65,49852,6214
3,mongo,U,medium,bus,66,47963,6214
3,mongo,U,medium,bus,67,50016,6214
3,mongo,U,medium,bus,68,49143,6214
3,mongo,U,medium,bus,69,74415,6214
3,mongo,U,medium,bus,70,49469,6214
3,mongo,U,medium,bus,71,48970,6214
3,mongo,U,medium,bus,72,48784,6214
3,mongo,U,medium,bus,73,48004,6214
3,mongo,U,medium,bus,74,48693,6214
3,mongo,U,medium,bus,75,47916,6214
3,mongo,U,medium,bus,76,49064,6214
3,mongo,U,medium,bus,77,48299,6214
3,mongo,U,medium,bus,78,58718,6214
3,mongo,U,medium,bus,79,52128,6214
3,mongo,U,medium,bus,80,47998,6214
3,mongo,U,medium,bus,81,50794,6214
3,mongo,U,medium,bus,82,46671,6214
3,mongo,U,medium,bus,83,48588,6214
3,mongo,U,medium,bus,84,55217,6214
3,mongo,U,medium,bus,85,56096,6214
3,mongo,U,medium,bus,86,49613,6214
3,mongo,U,medium,bus,87,62407,6214
3,mongo,U,medium,bus,88,51407,6214
3,mongo,U,medium,bus,89,54825,6214
3,mongo,U,medium,bus,90,51596,6214
3,mongo,U,medium,bus,91,49879,6214
3,mongo,U,medium,bus,92,48205,6214
3,mongo,U,medium,bus,93,49275,6214
3,mongo,U,medium,bus,94,47691,6214
3,mongo,U,medium,bus,95,51122,6214
3,mongo,U,medium,bus,96,55415,6214
3,mongo,U,medium,bus,97,50688,6214
3,mongo,U,medium,bus,98,49243,6214
3,mongo,U,medium,bus,99,50245,6214
3,mongo,U,medium,bus,100,49257,6214
3,mongo,U,medium,bus,101,49901,6214
3,mongo,U,medium,bus,102,46920,6214
3,mongo,U,medium,bus,103,49360,6214
3,mongo,U,medium,bus,104,52440,6214
3,mongo,U,medium,bus,105,56908,6214
3,mongo,U,medium,bus,106,56584,6214
3,mongo,U,medium,bus,107,62057,6214
3,mongo,U,medium,bus,108,59259,6214
3,mongo,U,medium,bus,109,61585,6214
3,mongo,U,medium,bus,110,59497,6214
3,mongo,U,medium,bus,111,56400,6214
3,mongo,U,medium,bus,112,60647,6214
3,mongo,U,medium,bus,113,58124,6214
3,mongo,U,medium,bus,114,61940,6214
3,mongo,U,medium,bus,115,59262,6214
3,mongo,U,medium,bus,116,53005,6214
3,mongo,U,medium,bus,117,48105,6214
3,mongo,U,medium,bus,118,48168,6214
3,mongo,U,medium,bus,119,49296,6214
3,mongo,U,medium,bus,120,50388,6214
3,mongo,U,medium,bus,121,48976,6214
3,mongo,U,medium,bus,122,52872,6214
3,mongo,U,medium,bus,123,61178,6214
3,mongo,U,medium,bus,124,52255,6214
3,mongo,U,medium,bus,125,53455,6214
3,mongo,U,medium,bus,126,52899,6214
3,mongo,U,medium,bus,127,52235,6214
3,mongo,U,medium,bus,128,50535,6214
3,mongo,U,medium,bus,129,50780,6214
3,mongo,U,medium,bus,130,49706,6214
3,mongo,U,medium,bus,131,51592,6214
3,mongo,U,medium,bus,132,58580,6214
3,mongo,U,medium,bus,133,53016,6214
3,mongo,U,medium,bus,134,50178,6214
3,mongo,U,medium,bus,135,51121,6214
3,mongo,U,medium,bus,136,50968,6214
3,mongo,U,medium,bus,137,51861,6214
3,mongo,U,medium,bus,138,60021,6214
3,mongo,U,medium,bus,139,54897,6214
3,mongo,U,medium,bus,140,52058,6214
3,mongo,U,medium,bus,141,52153,6214
3,mongo,U,medium,bus,142,48577,6214
3,mongo,U,medium,bus,143,49214,6214
3,mongo,U,medium,bus,144,57774,6214
3,mongo,U,medium,bus,145,54776,6214
3,mongo,U,medium,bus,146,52351,6214
3,mongo,U,medium,bus,147,56398,6214
3,mongo,U,medium,bus,148,57910,6214
3,mongo,U,medium,bus,149,57373,6214
3,mongo,U,medium,bus,150,56286,6214
3,mongo,U,medium,bus,151,56383,6214
3,mongo,U,medium,bus,152,50571,6214
3,mongo,U,medium,bus,153,47035,6214
3,mongo,U,medium,bus,154,52668,6214
3,mongo,U,medium,bus,155,48382,6214
3,mongo,U,medium,bus,156,48595,6214
3,mongo,U,medium,bus,157,50654,6214
3,mongo,U,medium,bus,158,52981,6214
3,mongo,U,medium,bus,159,53780,6214
3,mongo,U,medium,bus,160,52404,6214
3,mongo,U,medium,bus,161,49692,6214
3,mongo,U,medium,bus,162,60418,6214
3,mongo,U,medium,bus,163,54544,6214
3,mongo,U,medium,bus,164,57689,6214
3,mongo,U,medium,bus,165,49043,6214
3,mongo,U,medium,bus,166,54424,6214
3,mongo,U,medium,bus,167,53458,6214
3,mongo,U,medium,bus,168,55437,6214
3,mongo,U,medium,bus,169,49547,6214
3,mongo,U,medium,bus,170,50561,6214
3,mongo,U,medium,bus,171,53393,6214
3,mongo,U,medium,bus,172,49311,6214
3,mongo,U,medium,bus,173,50965,6214
3,mongo,U,medium,bus,174,54568,6214
3,mongo,U,medium,bus,175,53765,6214
3,mongo,U,medium,bus,176,55449,6214
3,mongo,U,medium,bus,177,52665,6214
3,mongo,U,medium,bus,178,50944,6214
3,mongo,U,medium,bus,179,52988,6214
3,mongo,U,medium,bus,180,51376,6214
3,mongo,U,medium,bus,181,51429,6214
3,mongo,U,medium,bus,182,48519,6214
3,mongo,U,medium,bus,183,52197,6214
3,mongo,U,medium,bus,184,49708,6214
3,mongo,U,medium,bus,185,52244,6214
3,mongo,U,medium,bus,186,52257,6214
3,mongo,U,medium,bus,187,50071,6214
3,mongo,U,medium,bus,188,52331,6214
3,mongo,U,medium,bus,189,49936,6214
3,mongo,U,medium,bus,190,48240,6214
3,mongo,U,medium,bus,191,48482,6214
3,mongo,U,medium,bus,192,48689,6214
3,mongo,U,medium,bus,193,54659,6214
3,mongo,U,medium,bus,194,48625,6214
3,mongo,U,medium,bus,195,50132,6214
3,mongo,U,medium,bus,196,49407,6214
3,mongo,U,medium,bus,197,50734,6214
3,mongo,U,medium,bus,198,51132,6214
3,mongo,U,medium,bus,199,49879,6214
3,mongo,U,wide,bus,0,78208,11095
3,mongo,U,wide,bus,1,92906,11095
3,mongo,U,wide,bus,2,85879,11095
3,mongo,U,wide,bus,3,77985,11095
3,mongo,U,wide,bus,4,78055,11095
3,mongo,U,wide,bus,5,79191,11095
3,mongo,U,wide,bus,6,78813,11095
3,mongo,U,wide,bus,7,97267,11095
3,mongo,U,wide,bus,8,95776,11095
3,mongo,U,wide,bus,9,92860,11095
3,mongo,U,wide,bus,10,86588,11095
3,mongo,U,wide,bus,11,80636,11095
3,mongo,U,wide,bus,12,85446,11095
3,mongo,U,wide,bus,13,89033,11095
3,mongo,U,wide,bus,14,78985,11095
3,mongo,U,wide,bus,15,79704,11095
3,mongo,U,wide,bus,16,83495,11095
3,mongo,U,wide,bus,17,81123,11095
3,mongo,U,wide,bus,18,80885,11095
3,mongo,U,wide,bus,19,76212,11095
3,mongo,U,wide,bus,20,80993,11095
3,mongo,U,wide,bus,21,84732,11095
3,mongo,U,wide,bus,22,81150,11095
3,mongo,U,wide,bus,23,83812,11095
3,mongo,U,wide,bus,24,76889,11095
3,mongo,U,wide,bus,25,73838,11095
3,mongo,U,wide,bus,26,93063,11095
3,mongo,U,wide,bus,27,81290,11095
3,mongo,U,wide,bus,28,77716,11095
3,mongo,U,wide,bus,29,78705,11095
3,mongo,U,wide,bus,30,95017,11095
3,mongo,U,wide,bus,31,85579,11095
3,mongo,U,wide,bus,32,92953,11095
3,mongo,U,wide,bus,33,88128,11095
3,mongo,U,wide,bus,34,92048,11095
3,mongo,U,wide,bus,35,78487,11095
3,mongo,U,wide,bus,36,88464,11095
3,mongo,U,wide,bus,37,103320,11095
3,mongo,U,wide,bus,38,97351,11095
3,mongo,U,wide,bus,39,76829,11095
3,mongo,U,wide,bus,40,74988,11095
3,mongo,U,wide,bus,41,78480,11095
3,mongo,U,wide,bus,42,81917,11095
3,mongo,U,wide,bus,43,81662,11095
3,mongo,U,wide,bus,44,78426,11095
3,mongo,U,wide,bus,45,77118,11095
3,mongo,U,wide,bus,46,80410,11095
3,mongo,U,wide,bus,47,82411,11095
3,mongo,U,wide,bus,48,81904,11095
3,mongo,U,wide,bus,49,78659,11095
3,mongo,U,wide,bus,50,84933,11095
3,mongo,U,wide,bus,51,85932,11095
3,mongo,U,wide,bus,52,84101,11095
3,mongo,U,wide,bus,53,84886,11095
3,mongo,U,wide,bus,54,75298,11095
3,mongo,U,wide,bus,55,79318,11095
3,mongo,U,wide,bus,56,81746,11095
3,mongo,U,wide,bus,57,77710,11095
3,mongo,U,wide,bus,58,75794,11095
3,mongo,U,wide,bus,59,78934,11095
3,mongo,U,wide,bus,60,77783,11095
3,mongo,U,wide,bus,61,74483,11095
3,mongo,U,wide,bus,62,80341,11095
3,mongo,U,wide,bus,63,77306,11095
3,mongo,U,wide,bus,64,77159,11095
3,mongo,U,wide,bus,65,75897,11095
3,mongo,U,wide,bus,66,83700,11095
3,mongo,U,wide,bus,67,77546,11095
3,mongo,U,wide,bus,68,83002,11095
3,mongo,U,wide,bus,69,80823,11095
3,mongo,U,wide,bus,70,81978,11095
3,mongo,U,wide,bus,71,86256,11095
3,mongo,U,wide,bus,72,86381,11095
3,mongo,U,wide,bus,73,78741,11095
3,mongo,U,wide,bus,74,90349,11095
3,mongo,U,wide,bus,75,85482,11095
3,mongo,U,wide,bus,76,101702,11095
3,mongo,U,wide,bus,77,87956,11095
3,mongo,U,wide,bus,78,90876,11095
3,mongo,U,wide,bus,79,102970,11095
3,mongo,U,wide,bus,80,81953,11095
3,mongo,U,wide,bus,81,78841,11095
3,mongo,U,wide,bus,82,84947,11095
3,mongo,U,wide,bus,83,81744,11095
3,mongo,U,wide,bus,84,81980,11095
3,mongo,U,wide,bus,85,84145,11095
3,mongo,U,wide,bus,86,84098,11095
3,mongo,U,wide,bus,87,95226,11095
3,mongo,U,wide,bus,88,84170,11095
3,mongo,U,wide,bus,89,83722,11095
3,mongo,U,wide,bus,90,82957,11095
3,mongo,U,wide,bus,91,76626,11095
3,mongo,U,wide,bus,92,81970,11095
3,mongo,U,wide,bus,93,80625,11095
3,mongo,U,wide,bus,94,75237,11095
3,mongo,U,wide,bus,95,92618,11095
3,mongo,U,wide,bus,96,86510,11095
3,mongo,U,wide,bus,97,120791,11095
3,mongo,U,wide,bus,98,84882,11095
3,mongo,U,wide,bus,99,89722,11095
3,mongo,U,wide,bus,100,86952,11095
3,mongo,U,wide,bus,101,79021,11095
3,mongo,U,wide,bus,102,88014,11095
3,mongo,U,wide,bus,103,86833,11095
3,mongo,U,wide,bus,104,79348,11095
3,mongo,U,wide,bus,105,76903,11095
3,mongo,U,wide,bus,106,78417,11095
3,mongo,U,wide,bus,107,83396,11095
3,mongo,U,wide,bus,108,75791,11095
3,mongo,U,wide,bus,109,79990,11095
3,mongo,U,wide,bus,110,76762,11095
3,mongo,U,wide,bus,111,80964,11095
3,mongo,U,wide,bus,112,87532,11095
3,mongo,U,wide,bus,113,79458,11095
3,mongo,U,wide,bus,114,77804,11095
3,mongo,U,wide,bus,115,79796,11095
3,mongo,U,wide,bus,116,81077,11095
3,mongo,U,wide,bus,117,86971,11095
3,mongo,U,wide,bus,118,82639,11095
3,mongo,U,wide,bus,119,82743,11095
3,mongo,U,wide,bus,120,90949,11095
3,mongo,U,wide,bus,121,81356,11095
3,mongo,U,wide,bus,122,83573,11095
3,mongo,U,wide,bus,123,79587,11095
3,mongo,U,wide,bus,124,84704,11095
3,mongo,U,wide,bus,125,90811,11095
3,mongo,U,wide,bus,126,81549,11095
3,mongo,U,wide,bus,127,81672,11095
3,mongo,U,wide,bus,128,82750,11095
3,mongo,U,wide,bus,129,83834,11095
3,mongo,U,wide,bus,130,78802,11095
3,mongo,U,wide,bus,131,79108,11095
3,mongo,U,wide,bus,132,84856,11095
3,mongo,U,wide,bus,133,77082,11095
3,mongo,U,wide,bus,134,83874,11095
3,mongo,U,wide,bus,135,77658,11095
3,mongo,U,wide,bus,136,77893,11095
3,mongo,U,wide,bus,137,83302,11095
3,mongo,U,wide,bus,138,80051,11095
3,mongo,U,wide,bus,139,74816,11095
3,mongo,U,wide,bus,140,116911,11095
3,mongo,U,wide,bus,141,90065,11095
3,mongo,U,wide,bus,142,89926,11095
3,mongo,U,wide,bus,143,98586,11095
3,mongo,U,wide,bus,144,91343,11095
3,mongo,U,wide,bus,145,88042,11095
3,mongo,U,wide,bus,146,89495,11095
3,mongo,U,wide,bus,147,80829,11095
3,mongo,U,wide,bus,148,84661,11095
3,mongo,U,wide,bus,149,100423,11095
3,mongo,U,wide,bus,150,86857,11095
3,mongo,U,wide,bus,151,83166,11095
3,mongo,U,wide,bus,152,85430,11095
3,mongo,U,wide,bus,153,89820,11095
3,mongo,U,wide,bus,154,76484,11095
3,mongo,U,wide,bus,155,85724,11095
3,mongo,U,wide,bus,156,85434,11095
3,mongo,U,wide,bus,157,84007,11095
3,mongo,U,wide,bus,158,79329,11095
3,mongo,U,wide,bus,159,89569,11095
3,mongo,U,wide,bus,160,82867,11095
3,mongo,U,wide,bus,161,84708,11095
3,mongo,U,wide,bus,162,88996,11095
3,mongo,U,wide,bus,163,87879,11095
3,mongo,U,wide,bus,164,84737,11095
3,mongo,U,wide,bus,165,81407,11095
3,mongo,U,wide,bus,166,78390,11095
3,mongo,U,wide,bus,167,80397,11095
3,mongo,U,wide,bus,168,77880,11095
3,mongo,U,wide,bus,169,78366,11095
3,mongo,U,wide,bus,170,75697,11095
3,mongo,U,wide,bus,171,74851,11095
3,mongo,U,wide,bus,172,79743,11095
3,mongo,U,wide,bus,173,80367,11095
3,mongo,U,wide,bus,174,100572,11095
3,mongo,U,wide,bus,175,86508,11095
3,mongo,U,wide,bus,176,76384,11095
3,mongo,U,wide,bus,177,80636,11095
3,mongo,U,wide,bus,178,81415,11095
3,mongo,U,wide,bus,179,77176,11095
3,mongo,U,wide,bus,180,77068,11095
3,mongo,U,wide,bus,181,77916,11095
3,mongo,U,wide,bus,182,91070,11095
3,mongo,U,wide,bus,183,80378,11095
3,mongo,U,wide,bus,184,75214,11095
3,mongo,U,wide,bus,185,79905,11095
3,mongo,U,wide,bus,186,79874,11095
3,mongo,U,wide,bus,187,89038,11095
3,mongo,U,wide,bus,188,76571,11095
3,mongo,U,wide,bus,189,83541,11095
3,mongo,U,wide,bus,190,75928,11095
3,mongo,U,wide,bus,191,80874,11095
3,mongo,U,wide,bus,192,92627,11095
3,mongo,U,wide,bus,193,79203,11095
3,mongo,U,wide,bus,194,75056,11095
3,mongo,U,wide,bus,195,80485,11095
3,mongo,U,wide,bus,196,78896,11095
3,mongo,U,wide,bus,197,88968,11095
3,mongo,U,wide,bus,198,77728,11095
3,mongo,U,wide,bus,199,86520,11095
3,pg,S,narrow,bike,0,9978,166
3,pg,S,narrow,bike,1,5168,166
3,pg,S,narrow,bike,2,5409,166
3,pg,S,narrow,bike,3,5212,166
3,pg,S,narrow,bike,4,5039,166
3,pg,S,narrow,bike,5,5201,166
3,pg,S,narrow,bike,6,5191,166
3,pg,S,narrow,bike,7,5650,166
3,pg,S,narrow,bike,8,5998,166
3,pg,S,narrow,bike,9,6007,166
3,pg,S,narrow,bike,10,4978,166
3,pg,S,narrow,bike,11,5913,166
3,pg,S,narrow,bike,12,5675,166
3,pg,S,narrow,bike,13,6018,166
3,pg,S,narrow,bike,14,4883,166
3,pg,S,narrow,bike,15,4790,166
3,pg,S,narrow,bike,16,6025,166
3,pg,S,narrow,bike,17,6044,166
3,pg,S,narrow,bike,18,5831,166
3,pg,S,narrow,bike,19,4855,166
3,pg,S,narrow,bike,20,4842,166
3,pg,S,narrow,bike,21,4823,166
3,pg,S,narrow,bike,22,4943,166
3,pg,S,narrow,bike,23,5122,166
3,pg,S,narrow,bike,24,4942,166
3,pg,S,narrow,bike,25,4925,166
3,pg,S,narrow,bike,26,4947,166
3,pg,S,narrow,bike,27,5205,166
3,pg,S,narrow,bike,28,5116,166
3,pg,S,narrow,bike,29,4884,166
3,pg,S,narrow,bike,30,5099,166
3,pg,S,narrow,bike,31,4831,166
3,pg,S,narrow,bike,32,4974,166
3,pg,S,narrow,bike,33,4838,166
3,pg,S,narrow,bike,34,5337,166
3,pg,S,narrow,bike,35,4943,166
3,pg,S,narrow,bike,36,5880,166
3,pg,S,narrow,bike,37,5066,166
3,pg,S,narrow,bike,38,5089,166
3,pg,S,narrow,bike,39,4793,166
3,pg,S,narrow,bike,40,4926,166
3,pg,S,narrow,bike,41,5044,166
3,pg,S,narrow,bike,42,5014,166
3,pg,S,narrow,bike,43,5113,166
3,pg,S,narrow,bike,44,4913,166
3,pg,S,narrow,bike,45,5971,166
3,pg,S,narrow,bike,46,5321,166
3,pg,S,narrow,bike,47,4726,166
3,pg,S,narrow,bike,48,5777,166
3,pg,S,narrow,bike,49,4864,166
3,pg,S,narrow,bike,50,5169,166
3,pg,S,narrow,bike,51,4798,166
3,pg,S,narrow,bike,52,5221,166
3,pg,S,narrow,bike,53,4956,166
3,pg,S,narrow,bike,54,4937,166
3,pg,S,narrow,bike,55,4934,166
3,pg,S,narrow,bike,56,4886,166
3,pg,S,narrow,bike,57,5326,166
3,pg,S,narrow,bike,58,4915,166
3,pg,S,narrow,bike,59,4793,166
3,pg,S,narrow,bike,60,5662,166
3,pg,S,narrow,bike,61,5956,166
3,pg,S,narrow,bike,62,4922,166
3,pg,S,narrow,bike,63,5899,166
3,pg,S,narrow,bike,64,4916,166
3,pg,S,narrow,bike,65,4785,166
3,pg,S,narrow,bike,66,4945,166
3,pg,S,narrow,bike,67,5505,166
3,pg,S,narrow,bike,68,5075,166
3,pg,S,narrow,bike,69,5136,166
3,pg,S,narrow,bike,70,5967,166
3,pg,S,narrow,bike,71,5726,166
3,pg,S,narrow,bike,72,4913,166
3,pg,S,narrow,bike,73,4957,166
3,pg,S,narrow,bike,74,4841,166
3,pg,S,narrow,bike,75,4721,166
3,pg,S,narrow,bike,76,4769,166
3,pg,S,narrow,bike,77,4892,166
3,pg,S,narrow,bike,78,4957,166
3,pg,S,narrow,bike,79,5967,166
3,pg,S,narrow,bike,80,5049,166
3,pg,S,narrow,bike,81,5135,166
3,pg,S,narrow,bike,82,5975,166
3,pg,S,narrow,bike,83,5842,166
3,pg,S,narrow,bike,84,6028,166
3,pg,S,narrow,bike,85,5011,166
3,pg,S,narrow,bike,86,4883,166
3,pg,S,narrow,bike,87,4930,166
3,pg,S,narrow,bike,88,5053,166
3,pg,S,narrow,bike,89,4820,166
3,pg,S,narrow,bike,90,5803,166
3,pg,S,narrow,bike,91,4726,166
3,pg,S,narrow,bike,92,4879,166
3,pg,S,narrow,bike,93,5022,166
3,pg,S,narrow,bike,94,5146,166
3,pg,S,narrow,bike,95,4938,166
3,pg,S,narrow,bike,96,4902,166
3,pg,S,narrow,bike,97,5240,166
3,pg,S,narrow,bike,98,5984,166
3,pg,S,narrow,bike,99,5793,166
3,pg,S,narrow,bike,100,8754,166
3,pg,S,narrow,bike,101,6036,166
3,pg,S,narrow,bike,102,6623,166
3,pg,S,narrow,bike,103,7422,166
3,pg,S,narrow,bike,104,7846,166
3,pg,S,narrow,bike,105,5943,166
3,pg,S,narrow,bike,106,5827,166
3,pg,S,narrow,bike,107,5974,166
3,pg,S,narrow,bike,108,5378,166
3,pg,S,narrow,bike,109,6967,166
3,pg,S,narrow,bike,110,6853,166
3,pg,S,narrow,bike,111,6831,166
3,pg,S,narrow,bike,112,5722,166
3,pg,S,narrow,bike,113,5474,166
3,pg,S,narrow,bike,114,5927,166
3,pg,S,narrow,bike,115,5429,166
3,pg,S,narrow,bike,116,5665,166
3,pg,S,narrow,bike,117,5271,166
3,pg,S,narrow,bike,118,5395,166
3,pg,S,narrow,bike,119,5300,166
3,pg,S,narrow,bike,120,5528,166
3,pg,S,narrow,bike,121,6635,166
3,pg,S,narrow,bike,122,6911,166
3,pg,S,narrow,bike,123,7672,166
3,pg,S,narrow,bike,124,8010,166
3,pg,S,narrow,bike,125,8853,166
3,pg,S,narrow,bike,126,6992,166
3,pg,S,narrow,bike,127,6306,166
3,pg,S,narrow,bike,128,7098,166
3,pg,S,narrow,bike,129,6932,166
3,pg,S,narrow,bike,130,7215,166
3,pg,S,narrow,bike,131,6874,166
3,pg,S,narrow,bike,132,5485,166
3,pg,S,narrow,bike,133,5600,166
3,pg,S,narrow,bike,134,5394,166
3,pg,S,narrow,bike,135,5215,166
3,pg,S,narrow,bike,136,5888,166
3,pg,S,narrow,bike,137,5525,166
3,pg,S,narrow,bike,138,5657,166
3,pg,S,narrow,bike,139,5661,166
3,pg,S,narrow,bike,140,5875,166
3,pg,S,narrow,bike,141,5715,166
3,pg,S,narrow,bike,142,5433,166
3,pg,S,narrow,bike,143,5407,166
3,pg,S,narrow,bike,144,5578,166
3,pg,S,narrow,bike,145,5274,166
3,pg,S,narrow,bike,146,5218,166
3,pg,S,narrow,bike,147,5282,166
3,pg,S,narrow,bike,148,5304,166
3,pg,S,narrow,bike,149,5141,166
3,pg,S,narrow,bike,150,5143,166
3,pg,S,narrow,bike,151,5482,166
3,pg,S,narrow,bike,152,5159,166
3,pg,S,narrow,bike,153,5254,166
3,pg,S,narrow,bike,154,5892,166
3,pg,S,narrow,bike,155,5709,166
3,pg,S,narrow,bike,156,5324,166
3,pg,S,narrow,bike,157,5292,166
3,pg,S,narrow,bike,158,5528,166
3,pg,S,narrow,bike,159,5553,166
3,pg,S,narrow,bike,160,5434,166
3,pg,S,narrow,bike,161,5282,166
3,pg,S,narrow,bike,162,5535,166
3,pg,S,narrow,bike,163,6043,166
3,pg,S,narrow,bike,164,5491,166
3,pg,S,narrow,bike,165,6022,166
3,pg,S,narrow,bike,166,5727,166
3,pg,S,narrow,bike,167,5325,166
3,pg,S,narrow,bike,168,5968,166
3,pg,S,narrow,bike,169,5768,166
3,pg,S,narrow,bike,170,5057,166
3,pg,S,narrow,bike,171,6092,166
3,pg,S,narrow,bike,172,6733,166
3,pg,S,narrow,bike,173,5221,166
3,pg,S,narrow,bike,174,5518,166
3,pg,S,narrow,bike,175,5356,166
3,pg,S,narrow,bike,176,5156,166
3,pg,S,narrow,bike,177,6047,166
3,pg,S,narrow,bike,178,5363,166
3,pg,S,narrow,bike,179,6498,166
3,pg,S,narrow,bike,180,6054,166
3,pg,S,narrow,bike,181,4962,166
3,pg,S,narrow,bike,182,4987,166
3,pg,S,narrow,bike,183,5843,166
3,pg,S,narrow,bike,184,5708,166
3,pg,S,narrow,bike,185,4974,166
3,pg,S,narrow,bike,186,4860,166
3,pg,S,narrow,bike,187,4973,166
3,pg,S,narrow,bike,188,4792,166
3,pg,S,narrow,bike,189,5596,166
3,pg,S,narrow,bike,190,5997,166
3,pg,S,narrow,bike,191,5845,166
3,pg,S,narrow,bike,192,4933,166
3,pg,S,narrow,bike,193,5182,166
3,pg,S,narrow,bike,194,4833,166
3,pg,S,narrow,bike,195,4687,166
3,pg,S,narrow,bike,196,4837,166
3,pg,S,narrow,bike,197,4959,166
3,pg,S,narrow,bike,198,5089,166
3,pg,S,narrow,bike,199,6194,166
3,mongo,U,wide,both,0,112664,13843
3,mongo,U,wide,both,1,108419,13843
3,mongo,U,wide,both,2,103079,13843
3,mongo,U,wide,both,3,109222,13843
3,mongo,U,wide,both,4,110066,13843
3,mongo,U,wide,both,5,121611,13843
3,mongo,U,wide,both,6,108775,13843
3,mongo,U,wide,both,7,105026,13843
3,mongo,U,wide,both,8,125194,13843
3,mongo,U,wide,both,9,113038,13843
3,mongo,U,wide,both,10,112393,13843
3,mongo,U,wide,both,11,107694,13843
3,mongo,U,wide,both,12,110036,13843
3,mongo,U,wide,both,13,125951,13843
3,mongo,U,wide,both,14,110431,13843
3,mongo,U,wide,both,15,110396,13843
3,mongo,U,wide,both,16,110839,13843
3,mongo,U,wide,both,17,107450,13843
3,mongo,U,wide,both,18,108174,13843
3,mongo,U,wide,both,19,104631,13843
3,mongo,U,wide,both,20,107331,13843
3,mongo,U,wide,both,21,109487,13843
3,mongo,U,wide,both,22,111725,13843
3,mongo,U,wide,both,23,105256,13843
3,mongo,U,wide,both,24,117847,13843
3,mongo,U,wide,both,25,112948,13843
3,mongo,U,wide,both,26,107091,13843
3,mongo,U,wide,both,27,105786,13843
3,mongo,U,wide,both,28,108029,13843
3,mongo,U,wide,both,29,104724,13843
3,mongo,U,wide,both,30,112693,13843
3,mongo,U,wide,both,31,110323,13843
3,mongo,U,wide,both,32,126547,13843
3,mongo,U,wide,both,33,115552,13843
3,mongo,U,wide,both,34,122885,13843
3,mongo,U,wide,both,35,115447,13843
3,mongo,U,wide,both,36,118087,13843
3,mongo,U,wide,both,37,105758,13843
3,mongo,U,wide,both,38,118662,13843
3,mongo,U,wide,both,39,111114,13843
3,mongo,U,wide,both,40,114798,13843
3,mongo,U,wide,both,41,104949,13843
3,mongo,U,wide,both,42,107195,13843
3,mongo,U,wide,both,43,124261,13843
3,mongo,U,wide,both,44,161803,13843
3,mongo,U,wide,both,45,116895,13843
3,mongo,U,wide,both,46,120583,13843
3,mongo,U,wide,both,47,124577,13843
3,mongo,U,wide,both,48,108347,13843
3,mongo,U,wide,both,49,125630,13843
3,mongo,U,wide,both,50,113757,13843
3,mongo,U,wide,both,51,116828,13843
3,mongo,U,wide,both,52,113271,13843
3,mongo,U,wide,both,53,102137,13843
3,mongo,U,wide,both,54,103554,13843
3,mongo,U,wide,both,55,103444,13843
3,mongo,U,wide,both,56,110913,13843
3,mongo,U,wide,both,57,111692,13843
3,mongo,U,wide,both,58,120948,13843
3,mongo,U,wide,both,59,137261,13843
3,mongo,U,wide,both,60,128552,13843
3,mongo,U,wide,both,61,139824,13843
3,mongo,U,wide,both,62,130832,13843
3,mongo,U,wide,both,63,120277,13843
3,mongo,U,wide,both,64,119927,13843
3,mongo,U,wide,both,65,115715,13843
3,mongo,U,wide,both,66,111994,13843
3,mongo,U,wide,both,67,115005,13843
3,mongo,U,wide,both,68,126444,13843
3,mongo,U,wide,both,69,120424,13843
3,mongo,U,wide,both,70,113734,13843
3,mongo,U,wide,both,71,117244,13843
3,mongo,U,wide,both,72,116190,13843
3,mongo,U,wide,both,73,108496,13843
3,mongo,U,wide,both,74,103823,13843
3,mongo,U,wide,both,75,110669,13843
3,mongo,U,wide,both,76,113476,13843
3,mongo,U,wide,both,77,116098,13843
3,mongo,U,wide,both,78,106658,13843
3,mongo,U,wide,both,79,108582,13843
3,mongo,U,wide,both,80,125940,13843
3,mongo,U,wide,both,81,116106,13843
3,mongo,U,wide,both,82,111278,13843
3,mongo,U,wide,both,83,198261,13843
3,mongo,U,wide,both,84,118026,13843
3,mongo,U,wide,both,85,116272,13843
3,mongo,U,wide,both,86,115927,13843
3,mongo,U,wide,both,87,114749,13843
3,mongo,U,wide,both,88,114225,13843
3,mongo,U,wide,both,89,120375,13843
3,mongo,U,wide,both,90,115792,13843
3,mongo,U,wide,both,91,115848,13843
3,mongo,U,wide,both,92,135416,13843
3,mongo,U,wide,both,93,134476,13843
3,mongo,U,wide,both,94,125707,13843
3,mongo,U,wide,both,95,127219,13843
3,mongo,U,wide,both,96,128085,13843
3,mongo,U,wide,both,97,127536,13843
3,mongo,U,wide,both,98,120347,13843
3,mongo,U,wide,both,99,120883,13843
3,mongo,U,wide,both,100,120320,13843
3,mongo,U,wide,both,101,112075,13843
3,mongo,U,wide,both,102,110654,13843
3,mongo,U,wide,both,103,122327,13843
3,mongo,U,wide,both,104,112256,13843
3,mongo,U,wide,both,105,114578,13843
3,mongo,U,wide,both,106,113198,13843
3,mongo,U,wide,both,107,115879,13843
3,mongo,U,wide,both,108,115660,13843
3,mongo,U,wide,both,109,113512,13843
3,mongo,U,wide,both,110,126339,13843
3,mongo,U,wide,both,111,122223,13843
3,mongo,U,wide,both,112,119788,13843
3,mongo,U,wide,both,113,123581,13843
3,mongo,U,wide,both,114,124896,13843
3,mongo,U,wide,both,115,119954,13843
3,mongo,U,wide,both,116,117454,13843
3,mongo,U,wide,both,117,116400,13843
3,mongo,U,wide,both,118,117303,13843
3,mongo,U,wide,both,119,116997,13843
3,mongo,U,wide,both,120,124009,13843
3,mongo,U,wide,both,121,109834,13843
3,mongo,U,wide,both,122,121803,13843
3,mongo,U,wide,both,123,110587,13843
3,mongo,U,wide,both,124,113245,13843
3,mongo,U,wide,both,125,113963,13843
3,mongo,U,wide,both,126,116260,13843
3,mongo,U,wide,both,127,111612,13843
3,mongo,U,wide,both,128,118452,13843
3,mongo,U,wide,both,129,125890,13843
3,mongo,U,wide,both,130,123758,13843
3,mongo,U,wide,both,131,136675,13843
3,mongo,U,wide,both,132,120115,13843
3,mongo,U,wide,both,133,112947,13843
3,mongo,U,wide,both,134,109403,13843
3,mongo,U,wide,both,135,121210,13843
3,mongo,U,wide,both,136,120670,13843
3,mongo,U,wide,both,137,117384,13843
3,mongo,U,wide,both,138,128748,13843
3,mongo,U,wide,both,139,127351,13843
3,mongo,U,wide,both,140,147966,13843
3,mongo,U,wide,both,141,117971,13843
3,mongo,U,wide,both,142,121900,13843
3,mongo,U,wide,both,143,123557,13843
3,mongo,U,wide,both,144,115467,13843
3,mongo,U,wide,both,145,114465,13843
3,mongo,U,wide,both,146,115676,13843
3,mongo,U,wide,both,147,115445,13843
3,mongo,U,wide,both,148,121984,13843
3,mongo,U,wide,both,149,114673,13843
3,mongo,U,wide,both,150,130035,13843
3,mongo,U,wide,both,151,115085,13843
3,mongo,U,wide,both,152,115850,13843
3,mongo,U,wide,both,153,119219,13843
3,mongo,U,wide,both,154,104512,13843
3,mongo,U,wide,both,155,110668,13843
3,mongo,U,wide,both,156,117667,13843
3,mongo,U,wide,both,157,108741,13843
3,mongo,U,wide,both,158,105911,13843
3,mongo,U,wide,both,159,104250,13843
3,mongo,U,wide,both,160,107040,13843
3,mongo,U,wide,both,161,110648,13843
3,mongo,U,wide,both,162,106163,13843
3,mongo,U,wide,both,163,101218,13843
3,mongo,U,wide,both,164,111678,13843
3,mongo,U,wide,both,165,109019,13843
3,mongo,U,wide,both,166,104733,13843
3,mongo,U,wide,both,167,116716,13843
3,mongo,U,wide,both,168,111563,13843
3,mongo,U,wide,both,169,109928,13843
3,mongo,U,wide,both,170,110460,13843
3,mongo,U,wide,both,171,104839,13843
3,mongo,U,wide,both,172,103100,13843
3,mongo,U,wide,both,173,103966,13843
3,mongo,U,wide,both,174,117578,13843
3,mongo,U,wide,both,175,105923,13843
3,mongo,U,wide,both,176,113995,13843
3,mongo,U,wide,both,177,101646,13843
3,mongo,U,wide,both,178,101511,13843
3,mongo,U,wide,both,179,108353,13843
3,mongo,U,wide,both,180,112481,13843
3,mongo,U,wide,both,181,106684,13843
3,mongo,U,wide,both,182,111354,13843
3,mongo,U,wide,both,183,106443,13843
3,mongo,U,wide,both,184,107456,13843
3,mongo,U,wide,both,185,109568,13843
3,mongo,U,wide,both,186,133910,13843
3,mongo,U,wide,both,187,114940,13843
3,mongo,U,wide,both,188,134923,13843
3,mongo,U,wide,both,189,135113,13843
3,mongo,U,wide,both,190,136371,13843
3,mongo,U,wide,both,191,130698,13843
3,mongo,U,wide,both,192,121834,13843
3,mongo,U,wide,both,193,128070,13843
3,mongo,U,wide,both,194,117761,13843
3,mongo,U,wide,both,195,111766,13843
3,mongo,U,wide,both,196,116382,13843
3,mongo,U,wide,both,197,107119,13843
3,mongo,U,wide,both,198,120811,13843
3,mongo,U,wide,both,199,104222,13843
